caseyear,state,st_case,statename,ve_total,ve_forms,pvh_invl,peds,pernotmvit,permvit,persons,county,countyname,city,cityname,day,dayname,month,monthname,year,day_week,day_weekname,hour,hourname,minute,minutename,nhs,nhsname,rur_urb,rur_urbname,func_sys,func_sysname,rd_owner,rd_ownername,route,routename,tway_id,tway_id2,milept,mileptname,latitude,latitudename,longitud,longitudname,sp_jur,sp_jurname,harm_ev,harm_evname,man_coll,man_collname,reljct1,reljct1name,reljct2,reljct2name,typ_int,typ_intname,wrk_zone,wrk_zonename,road_fnc,road_fncname,rel_road,rel_roadname,lgt_cond,lgt_condname,weather1,weather1name,weather2,weather2name,weather,weathername,sch_bus,sch_busname,rail,railname,not_hour,not_hourname,not_min,not_minname,arr_hour,arr_hourname,arr_min,arr_minname,hosp_hr,hosp_hrname,hosp_mn,hosp_mnname,cf1,cf1name,cf2,cf2name,cf3,cf3name,fatals,drunk_dr
2018,21,210071,Kentucky,1,1,0,0,0,1,1,83,GRAVES (83),3235,SYMSONIA,16,16,2,February,2018,6,Friday,5,5:00am-5:59am,45,45,0,This section IS NOT on the NHS,1,Rural,5,Major Collector,1,State Highway Agency,3,State Highway,SR-348,,15,15,36.93023611,36.93023611,-88.539502780,-88.539502780,0,No Special Jurisdiction,34,Ditch,0,Not a Collision with Motor Vehicle In-Transport,0,No,1,Non-Junction,1,Not an Intersection,0,None,,,4,On Roadside,2,Dark - Not Lighted,2,Rain,0,No Additional Atmospheric Conditions,2,Rain,0,No,0000000,Not Applicable,5,5:00am-5:59am,47,47,6,6:00am-6:59am,7,7,6,6:00am-6:59am,41,41,0,None,0,None,0,None,1,0
2018,21,210072,Kentucky,2,2,0,0,0,2,2,145,MCCRACKEN (145),0,NOT APPLICABLE,28,28,2,February,2018,4,Wednesday,5,5:00am-5:59am,40,40,1,This section IS ON the NHS,1,Rural,3,Principal Arterial - Other,1,State Highway Agency,2,U.S. Highway,US-60,,13,13,37.07013611,37.07013611,-88.846741670,-88.846741670,0,No Special Jurisdiction,32,Culvert,0,Not a Collision with Motor Vehicle In-Transport,0,No,1,Non-Junction,1,Not an Intersection,0,None,,,4,On Roadside,2,Dark - Not Lighted,2,Rain,0,No Additional Atmospheric Conditions,2,Rain,0,No,0000000,Not Applicable,5,5:00am-5:59am,46,46,6,6:00am-6:59am,0,0,7,7:00am-7:59am,11,11,2,Shoulder Design or Condition,0,None,0,None,1,0
2018,21,210073,Kentucky,1,1,0,0,0,2,2,225,UNION (225),0,NOT APPLICABLE,28,28,2,February,2018,4,Wednesday,20,8:00pm-8:59pm,15,15,0,This section IS NOT on the NHS,1,Rural,4,Minor Arterial,1,State Highway Agency,2,U.S. Highway,US-60,,208,208,37.70124722,37.70124722,-87.838663890,-87.838663890,0,No Special Jurisdiction,32,Culvert,0,Not a Collision with Motor Vehicle In-Transport,0,No,1,Non-Junction,1,Not an Intersection,0,None,,,4,On Roadside,2,Dark - Not Lighted,10,Cloudy,0,No Additional Atmospheric Conditions,10,Cloudy,0,No,0000000,Not Applicable,20,8:00pm-8:59pm,21,21,20,8:00pm-8:59pm,33,33,21,9:00pm-9:59pm,12,12,20,Police Pursuit Involved,0,None,0,None,2,1
2018,21,210074,Kentucky,1,1,0,0,0,1,1,215,SPENCER (215),0,NOT APPLICABLE,7,7,2,February,2018,4,Wednesday,0,0:00am-0:59am,14,14,0,This section IS NOT on the NHS,1,Rural,6,Minor Collector,1,State Highway Agency,3,State Highway,SR-1319,,43,43,38.11421667,38.11421667,-85.399880560,-85.399880560,0,No Special Jurisdiction,42,Tree (Standing Only),0,Not a Collision with Motor Vehicle In-Transport,0,No,1,Non-Junction,1,Not an Intersection,0,None,,,4,On Roadside,2,Dark - Not Lighted,98,Not Reported,0,No Additional Atmospheric Conditions,98,Not Reported,0,No,0000000,Not Applicable,0,0:00am-0:59am,21,21,0,0:00am-0:59am,35,35,88,Not Applicable (Not Transported),88,Not Applicable (Not Transported),0,None,0,None,0,None,1,1
2018,21,210075,Kentucky,1,1,0,0,0,1,1,211,SHELBY (211),0,NOT APPLICABLE,22,22,2,February,2018,5,Thursday,15,3:00pm-3:59pm,41,41,1,This section IS ON the NHS,1,Rural,1,Interstate,1,State Highway Agency,1,Interstate,I-64,,313,313,38.19468333,38.19468333,-85.280619440,-85.280619440,0,No Special Jurisdiction,1,Rollover/Overturn,0,Not a Collision with Motor Vehicle In-Transport,0,No,1,Non-Junction,1,Not an Intersection,0,None,,,4,On Roadside,1,Daylight,10,Cloudy,0,No Additional Atmospheric Conditions,10,Cloudy,0,No,0000000,Not Applicable,15,3:00pm-3:59pm,45,45,15,3:00pm-3:59pm,51,51,16,4:00pm-4:59pm,33,33,13,Aggressive Driving / Road Rage by Non-contact Vehicle Driver,0,None,0,None,1,0
2018,21,210076,Kentucky,1,1,0,0,0,3,3,119,KNOTT (119),2649,PINE TOP,27,27,2,February,2018,3,Tuesday,13,1:00pm-1:59pm,40,40,0,This section IS NOT on the NHS,1,Rural,5,Major Collector,1,State Highway Agency,3,State Highway,SR-582,,81,81,37.27843333,37.27843333,-82.828486110,-82.828486110,0,No Special Jurisdiction,58,Ground,0,Not a Collision with Motor Vehicle In-Transport,0,No,1,Non-Junction,1,Not an Intersection,0,None,,,4,On Roadside,1,Daylight,1,Clear,0,No Additional Atmospheric Conditions,1,Clear,0,No,0000000,Not Applicable,13,1:00pm-1:59pm,49,49,14,2:00pm-2:59pm,9,9,88,Not Applicable (Not Transported),88,Not Applicable (Not Transported),0,None,0,None,0,None,1,0
2018,21,210077,Kentucky,2,2,0,0,0,5,5,111,JEFFERSON (111),2090,LOUISVILLE,27,27,2,February,2018,3,Tuesday,16,4:00pm-4:59pm,3,3,1,This section IS ON the NHS,2,Urban,98,Not Reported,1,State Highway Agency,3,State Highway,SR-1934,ASHBY LANE,99998,Not Reported,38.11074167,38.11074167,-85.894322220,-85.894322220,0,No Special Jurisdiction,12,Motor Vehicle In-Transport,6,Angle,0,No,2,Intersection,2,Four-Way Intersection,0,None,,,1,On Roadway,1,Daylight,1,Clear,0,No Additional Atmospheric Conditions,1,Clear,0,No,0000000,Not Applicable,16,4:00pm-4:59pm,8,8,16,4:00pm-4:59pm,21,21,17,5:00pm-5:59pm,0,0,0,None,0,None,0,None,1,0
2018,21,210079,Kentucky,1,1,0,0,0,1,1,3,ALLEN (3),0,NOT APPLICABLE,21,21,2,February,2018,4,Wednesday,18,6:00pm-6:59pm,8,8,0,This section IS NOT on the NHS,1,Rural,7,Local,1,State Highway Agency,3,State Highway,SR-1421,,4,4,36.64213889,36.64213889,-86.151630560,-86.151630560,0,No Special Jurisdiction,42,Tree (Standing Only),0,Not a Collision with Motor Vehicle In-Transport,0,No,1,Non-Junction,1,Not an Intersection,0,None,,,5,Outside Trafficway,2,Dark - Not Lighted,10,Cloudy,0,No Additional Atmospheric Conditions,10,Cloudy,0,No,0000000,Not Applicable,18,6:00pm-6:59pm,9,9,18,6:00pm-6:59pm,16,16,88,Not Applicable (Not Transported),88,Not Applicable (Not Transported),0,None,0,None,0,None,1,1
2018,21,210080,Kentucky,1,1,0,1,1,1,1,111,JEFFERSON (111),2090,LOUISVILLE,13,13,2,February,2018,3,Tuesday,17,5:00pm-5:59pm,41,41,0,This section IS NOT on the NHS,2,Urban,7,Local,4,City or Municipal Highway Agency,6,Local Street - Municipality,S 4TH STREET,W OAK STREET,99998,Not Reported,38.23502222,38.23502222,-85.760425000,-85.760425000,0,No Special Jurisdiction,8,Pedestrian,0,Not a Collision with Motor Vehicle In-Transport,0,No,3,Intersection-Related,2,Four-Way Intersection,0,None,,,1,On Roadway,1,Daylight,1,Clear,0,No Additional Atmospheric Conditions,1,Clear,0,No,0000000,Not Applicable,99,Unknown,99,Unknown,99,Unknown EMS Scene Arrival Hour,99,Unknown EMS Scene Arrival Minutes,99,Unknown,99,Unknown EMS Hospital Arrival Time,0,None,0,None,0,None,1,0
2018,21,210081,Kentucky,2,2,0,0,0,4,4,177,MUHLENBERG (177),0,NOT APPLICABLE,25,25,2,February,2018,1,Sunday,13,1:00pm-1:59pm,25,25,0,This section IS NOT on the NHS,1,Rural,5,Major Collector,1,State Highway Agency,3,State Highway,SR-181,,101,101,37.18253889,37.18253889,-87.156077780,-87.156077780,0,No Special Jurisdiction,12,Motor Vehicle In-Transport,8,Sideswipe - Opposite Direction,0,No,1,Non-Junction,1,Not an Intersection,0,None,,,1,On Roadway,1,Daylight,1,Clear,0,No Additional Atmospheric Conditions,1,Clear,0,No,0000000,Not Applicable,13,1:00pm-1:59pm,28,28,13,1:00pm-1:59pm,53,53,13,1:00pm-1:59pm,57,57,0,None,0,None,0,None,1,0
2018,21,210082,Kentucky,2,2,0,0,0,4,4,125,LAUREL (125),0,NOT APPLICABLE,2,2,3,March,2018,6,Friday,7,7:00am-7:59am,24,24,0,This section IS NOT on the NHS,1,Rural,6,Minor Collector,1,State Highway Agency,3,State Highway,SR-1535,SR-80,99998,Not Reported,37.14583056,37.14583056,-84.165155560,-84.165155560,0,No Special Jurisdiction,12,Motor Vehicle In-Transport,6,Angle,0,No,2,Intersection,2,Four-Way Intersection,0,None,,,1,On Roadway,1,Daylight,1,Clear,0,No Additional Atmospheric Conditions,1,Clear,0,No,0000000,Not Applicable,7,7:00am-7:59am,24,24,7,7:00am-7:59am,33,33,88,Not Applicable (Not Transported),88,Not Applicable (Not Transported),0,None,0,None,0,None,3,0
2018,21,210083,Kentucky,2,2,0,0,0,2,2,111,JEFFERSON (111),2090,LOUISVILLE,3,3,3,March,2018,7,Saturday,0,0:00am-0:59am,32,32,1,This section IS ON the NHS,2,Urban,3,Principal Arterial - Other,1,State Highway Agency,3,State Highway,SR-1747,,30,30,38.15711944,38.15711944,-85.675997220,-85.675997220,0,No Special Jurisdiction,12,Motor Vehicle In-Transport,6,Angle,0,No,7,Crossover-Related,1,Not an Intersection,0,None,,,1,On Roadway,2,Dark - Not Lighted,10,Cloudy,0,No Additional Atmospheric Conditions,10,Cloudy,0,No,0000000,Not Applicable,0,0:00am-0:59am,32,32,0,0:00am-0:59am,41,41,88,Not Applicable (Not Transported),88,Not Applicable (Not Transported),0,None,0,None,0,None,1,1
2018,21,210084,Kentucky,1,1,0,0,0,1,1,167,MERCER (167),0,NOT APPLICABLE,3,3,3,March,2018,7,Saturday,5,5:00am-5:59am,41,41,0,This section IS NOT on the NHS,1,Rural,7,Local,2,County Highway Agency,4,County Road,CR-CHINN LN,,22,22,37.80839167,37.80839167,-84.785316670,-84.785316670,0,No Special Jurisdiction,42,Tree (Standing Only),0,Not a Collision with Motor Vehicle In-Transport,0,No,1,Non-Junction,1,Not an Intersection,0,None,,,4,On Roadside,2,Dark - Not Lighted,1,Clear,0,No Additional Atmospheric Conditions,1,Clear,0,No,0000000,Not Applicable,5,5:00am-5:59am,41,41,5,5:00am-5:59am,53,53,88,Not Applicable (Not Transported),88,Not Applicable (Not Transported),0,None,0,None,0,None,1,0
2018,21,210085,Kentucky,1,1,0,1,1,1,1,237,WOLFE (237),0,NOT APPLICABLE,3,3,3,March,2018,7,Saturday,3,3:00am-3:59am,30,30,0,This section IS NOT on the NHS,1,Rural,5,Major Collector,1,State Highway Agency,3,State Highway,SR-15,,132,132,37.75012222,37.75012222,-83.596713890,-83.596713890,0,No Special Jurisdiction,8,Pedestrian,0,Not a Collision with Motor Vehicle In-Transport,0,No,1,Non-Junction,1,Not an Intersection,0,None,,,1,On Roadway,2,Dark - Not Lighted,1,Clear,0,No Additional Atmospheric Conditions,1,Clear,0,No,0000000,Not Applicable,8,8:00am-8:59am,13,13,8,8:00am-8:59am,18,18,88,Not Applicable (Not Transported),88,Not Applicable (Not Transported),0,None,0,None,0,None,1,1
2018,21,210086,Kentucky,1,1,0,0,0,2,2,101,HENDERSON (101),0,NOT APPLICABLE,3,3,3,March,2018,7,Saturday,12,12:00pm-12:59pm,0,0,0,This section IS NOT on the NHS,1,Rural,5,Major Collector,1,State Highway Agency,3,State Highway,SR-359,,35,35,37.79548889,37.79548889,-87.768955560,-87.768955560,0,No Special Jurisdiction,42,Tree (Standing Only),0,Not a Collision with Motor Vehicle In-Transport,0,No,1,Non-Junction,1,Not an Intersection,0,None,,,4,On Roadside,1,Daylight,1,Clear,0,No Additional Atmospheric Conditions,1,Clear,0,No,0000000,Not Applicable,12,12:00pm-12:59pm,2,2,12,12:00pm-12:59pm,13,13,13,1:00pm-1:59pm,15,15,0,None,0,None,0,None,1,0
2018,21,210087,Kentucky,2,2,0,0,0,3,3,3,ALLEN (3),0,NOT APPLICABLE,4,4,3,March,2018,1,Sunday,9,9:00am-9:59am,39,39,0,This section IS NOT on the NHS,1,Rural,5,Major Collector,1,State Highway Agency,3,State Highway,SR-100,NEW ROE ROAD,121,121,36.74355278,36.74355278,-86.227908330,-86.227908330,0,No Special Jurisdiction,12,Motor Vehicle In-Transport,2,Front-to-Front,0,No,3,Intersection-Related,2,Four-Way Intersection,0,None,,,1,On Roadway,1,Daylight,1,Clear,0,No Additional Atmospheric Conditions,1,Clear,0,No,0000000,Not Applicable,9,9:00am-9:59am,40,40,9,9:00am-9:59am,53,53,10,10:00am-10:59am,30,30,0,None,0,None,0,None,1,0
2018,21,210088,Kentucky,1,1,0,0,0,1,1,125,LAUREL (125),0,NOT APPLICABLE,4,4,3,March,2018,1,Sunday,11,11:00am-11:59am,10,10,0,This section IS NOT on the NHS,2,Urban,4,Minor Arterial,1,State Highway Agency,2,U.S. Highway,US-25,OLD US-25,81,81,37.07483889,37.07483889,-84.058472220,-84.058472220,0,No Special Jurisdiction,1,Rollover/Overturn,0,Not a Collision with Motor Vehicle In-Transport,0,No,3,Intersection-Related,3,T-Intersection,0,None,,,4,On Roadside,1,Daylight,1,Clear,0,No Additional Atmospheric Conditions,1,Clear,0,No,0000000,Not Applicable,11,11:00am-11:59am,10,10,11,11:00am-11:59am,16,16,88,Not Applicable (Not Transported),88,Not Applicable (Not Transported),0,None,0,None,0,None,1,0
2018,21,210089,Kentucky,1,1,0,0,0,1,1,199,PULASKI (199),0,NOT APPLICABLE,4,4,3,March,2018,1,Sunday,18,6:00pm-6:59pm,31,31,0,This section IS NOT on the NHS,1,Rural,7,Local,1,State Highway Agency,3,State Highway,SR-1664,,39,39,37.06293333,37.06293333,-84.800244440,-84.800244440,0,No Special Jurisdiction,34,Ditch,0,Not a Collision with Motor Vehicle In-Transport,0,No,1,Non-Junction,1,Not an Intersection,0,None,,,4,On Roadside,1,Daylight,1,Clear,0,No Additional Atmospheric Conditions,1,Clear,0,No,0000000,Not Applicable,18,6:00pm-6:59pm,33,33,18,6:00pm-6:59pm,52,52,88,Not Applicable (Not Transported),88,Not Applicable (Not Transported),0,None,0,None,0,None,1,1
2018,21,210090,Kentucky,2,2,0,0,0,2,2,93,HARDIN (93),1000,ELIZABETHTOWN,2,2,3,March,2018,6,Friday,11,11:00am-11:59am,0,0,0,This section IS NOT on the NHS,2,Urban,4,Minor Arterial,1,State Highway Agency,2,U.S. Highway,US-62,,203,203,37.71554444,37.71554444,-85.825366670,-85.825366670,0,No Special Jurisdiction,1,Rollover/Overturn,0,Not a Collision with Motor Vehicle In-Transport,0,No,8,Driveway Access Related,1,Not an Intersection,0,None,,,1,On Roadway,1,Daylight,1,Clear,0,No Additional Atmospheric Conditions,1,Clear,0,No,0000000,Not Applicable,10,10:00am-10:59am,58,58,11,11:00am-11:59am,10,10,88,Not Applicable (Not Transported),88,Not Applicable (Not Transported),0,None,0,None,0,None,1,0
2018,21,210091,Kentucky,1,1,0,1,1,1,1,199,PULASKI (199),2900,SCIENCE HILL,4,4,3,March,2018,1,Sunday,0,0:00am-0:59am,25,25,1,This section IS ON the NHS,2,Urban,3,Principal Arterial - Other,1,State Highway Agency,2,U.S. Highway,US-27,RALEIGH RD,211,211,37.15270000,37.15270000,-84.529102780,-84.529102780,0,No Special Jurisdiction,8,Pedestrian,0,Not a Collision with Motor Vehicle In-Transport,0,No,2,Intersection,2,Four-Way Intersection,0,None,,,1,On Roadway,2,Dark - Not Lighted,1,Clear,0,No Additional Atmospheric Conditions,1,Clear,0,No,0000000,Not Applicable,0,0:00am-0:59am,27,27,0,0:00am-0:59am,34,34,88,Not Applicable (Not Transported),88,Not Applicable (Not Transported),0,None,0,None,0,None,1,0
2018,21,210092,Kentucky,1,1,0,0,0,1,1,153,MAGOFFIN (153),1241,FREDVILLE,8,8,3,March,2018,5,Thursday,8,8:00am-8:59am,40,40,0,This section IS NOT on the NHS,1,Rural,5,Major Collector,1,State Highway Agency,3,State Highway,SR-404,,8,8,37.59148611,37.59148611,-82.928463890,-82.928463890,0,No Special Jurisdiction,43,Other Fixed Object,0,Not a Collision with Motor Vehicle In-Transport,0,No,1,Non-Junction,1,Not an Intersection,0,None,,,4,On Roadside,2,Dark - Not Lighted,98,Not Reported,0,No Additional Atmospheric Conditions,98,Not Reported,0,No,0000000,Not Applicable,8,8:00am-8:59am,41,41,9,9:00am-9:59am,7,7,88,Not Applicable (Not Transported),88,Not Applicable (Not Transported),0,None,0,None,0,None,1,1
2018,21,210093,Kentucky,1,1,0,0,0,1,1,83,GRAVES (83),0,NOT APPLICABLE,10,10,3,March,2018,7,Saturday,1,1:00am-1:59am,55,55,0,This section IS NOT on the NHS,1,Rural,6,Minor Collector,1,State Highway Agency,3,State Highway,SR-1890,,30,30,36.67768333,36.67768333,-88.577188890,-88.577188890,0,No Special Jurisdiction,42,Tree (Standing Only),0,Not a Collision with Motor Vehicle In-Transport,0,No,1,Non-Junction,1,Not an Intersection,0,None,,,4,On Roadside,2,Dark - Not Lighted,10,Cloudy,0,No Additional Atmospheric Conditions,10,Cloudy,0,No,0000000,Not Applicable,1,1:00am-1:59am,57,57,2,2:00am-2:59am,13,13,88,Not Applicable (Not Transported),88,Not Applicable (Not Transported),0,None,0,None,0,None,1,0
2018,21,210094,Kentucky,1,1,0,1,1,1,1,77,GALLATIN (77),3420,WARSAW,10,10,3,March,2018,7,Saturday,15,3:00pm-3:59pm,25,25,0,This section IS NOT on the NHS,1,Rural,5,Major Collector,1,State Highway Agency,2,U.S. Highway,US-42,,68,68,38.78392778,38.78392778,-84.901419440,-84.901419440,0,No Special Jurisdiction,8,Pedestrian,0,Not a Collision with Motor Vehicle In-Transport,0,No,8,Driveway Access Related,1,Not an Intersection,0,None,,,4,On Roadside,1,Daylight,1,Clear,0,No Additional Atmospheric Conditions,1,Clear,0,No,0000000,Not Applicable,15,3:00pm-3:59pm,23,23,15,3:00pm-3:59pm,24,24,15,3:00pm-3:59pm,53,53,0,None,0,None,0,None,1,0
2018,21,210095,Kentucky,1,1,0,1,1,1,1,205,ROWAN (205),2270,MOREHEAD,3,3,3,March,2018,7,Saturday,5,5:00am-5:59am,58,58,0,This section IS NOT on the NHS,2,Urban,6,Minor Collector,1,State Highway Agency,3,State Highway,SR-32,FRALEY DR,58,58,38.18917778,38.18917778,-83.477105560,-83.477105560,0,No Special Jurisdiction,8,Pedestrian,0,Not a Collision with Motor Vehicle In-Transport,0,No,3,Intersection-Related,2,Four-Way Intersection,0,None,,,1,On Roadway,2,Dark - Not Lighted,1,Clear,0,No Additional Atmospheric Conditions,1,Clear,0,No,0000000,Not Applicable,6,6:00am-6:59am,1,1,6,6:00am-6:59am,4,4,88,Not Applicable (Not Transported),88,Not Applicable (Not Transported),0,None,0,None,0,None,1,0
2018,21,210096,Kentucky,3,3,0,0,0,5,5,101,HENDERSON (101),1510,HENDERSON,7,7,3,March,2018,4,Wednesday,11,11:00am-11:59am,50,50,0,This section IS NOT on the NHS,1,Rural,7,Local,1,State Highway Agency,3,State Highway,SR-136,,99998,Not Reported,37.81279444,37.81279444,-87.579213890,-87.579213890,0,No Special Jurisdiction,12,Motor Vehicle In-Transport,2,Front-to-Front,0,No,1,Non-Junction,1,Not an Intersection,0,None,,,1,On Roadway,1,Daylight,10,Cloudy,0,No Additional Atmospheric Conditions,10,Cloudy,0,No,0000000,Not Applicable,12,12:00pm-12:59pm,2,2,12,12:00pm-12:59pm,10,10,12,12:00pm-12:59pm,46,46,0,None,0,None,0,None,1,0
2018,21,210097,Kentucky,1,1,0,0,0,1,1,9,BARREN (9),1310,GLASGOW,13,13,3,March,2018,3,Tuesday,12,12:00pm-12:59pm,46,46,1,This section IS ON the NHS,2,Urban,2,Principal Arterial - Other Freeways and Expressways,1,State Highway Agency,3,State Highway,SR-9008,,145,145,36.98879167,36.98879167,-85.889344440,-85.889344440,0,No Special Jurisdiction,24,Guardrail Face,0,Not a Collision with Motor Vehicle In-Transport,0,No,1,Non-Junction,1,Not an Intersection,0,None,,,4,On Roadside,1,Daylight,1,Clear,0,No Additional Atmospheric Conditions,1,Clear,0,No,0000000,Not Applicable,12,12:00pm-12:59pm,47,47,12,12:00pm-12:59pm,49,49,88,Not Applicable (Not Transported),88,Not Applicable (Not Transported),0,None,0,None,0,None,1,0
2018,21,210098,Kentucky,1,1,0,1,1,1,1,111,JEFFERSON (111),2090,LOUISVILLE,13,13,3,March,2018,3,Tuesday,20,8:00pm-8:59pm,13,13,1,This section IS ON the NHS,2,Urban,3,Principal Arterial - Other,1,State Highway Agency,2,U.S. Highway,US-31W,,45,45,38.05328056,38.05328056,-85.893075000,-85.893075000,0,No Special Jurisdiction,8,Pedestrian,0,Not a Collision with Motor Vehicle In-Transport,0,No,1,Non-Junction,1,Not an Intersection,0,None,,,1,On Roadway,2,Dark - Not Lighted,10,Cloudy,0,No Additional Atmospheric Conditions,10,Cloudy,0,No,0000000,Not Applicable,20,8:00pm-8:59pm,13,13,20,8:00pm-8:59pm,18,18,88,Not Applicable (Not Transported),88,Not Applicable (Not Transported),0,None,0,None,0,None,1,0
2018,21,210099,Kentucky,1,1,0,0,0,1,1,217,TAYLOR (217),0,NOT APPLICABLE,14,14,3,March,2018,4,Wednesday,8,8:00am-8:59am,1,1,0,This section IS NOT on the NHS,1,Rural,5,Major Collector,1,State Highway Agency,3,State Highway,SR-70,,73,73,37.35071667,37.35071667,-85.235741670,-85.235741670,0,No Special Jurisdiction,42,Tree (Standing Only),0,Not a Collision with Motor Vehicle In-Transport,0,No,1,Non-Junction,1,Not an Intersection,0,None,,,4,On Roadside,4,Dawn,1,Clear,0,No Additional Atmospheric Conditions,1,Clear,0,No,0000000,Not Applicable,8,8:00am-8:59am,1,1,8,8:00am-8:59am,19,19,88,Not Applicable (Not Transported),88,Not Applicable (Not Transported),0,None,0,None,0,None,1,0
2018,21,210100,Kentucky,1,1,0,1,1,1,1,111,JEFFERSON (111),2090,LOUISVILLE,14,14,3,March,2018,4,Wednesday,20,8:00pm-8:59pm,20,20,1,This section IS ON the NHS,2,Urban,3,Principal Arterial - Other,1,State Highway Agency,2,U.S. Highway,US-31E,BARDSTOWN RD,111,111,38.20024444,38.20024444,-85.662736110,-85.662736110,0,No Special Jurisdiction,8,Pedestrian,0,Not a Collision with Motor Vehicle In-Transport,0,No,3,Intersection-Related,3,T-Intersection,0,None,,,1,On Roadway,2,Dark - Not Lighted,1,Clear,0,No Additional Atmospheric Conditions,1,Clear,0,No,0000000,Not Applicable,20,8:00pm-8:59pm,31,31,20,8:00pm-8:59pm,35,35,20,8:00pm-8:59pm,47,47,0,None,0,None,0,None,1,0
2018,21,210101,Kentucky,2,2,0,0,0,2,2,3,ALLEN (3),0,NOT APPLICABLE,5,5,3,March,2018,2,Monday,5,5:00am-5:59am,49,49,0,This section IS NOT on the NHS,1,Rural,5,Major Collector,1,State Highway Agency,3,State Highway,SR-101,,57,57,36.83325833,36.83325833,-86.177758330,-86.177758330,0,No Special Jurisdiction,12,Motor Vehicle In-Transport,1,Front-to-Rear,0,No,1,Non-Junction,1,Not an Intersection,0,None,,,1,On Roadway,2,Dark - Not Lighted,1,Clear,0,No Additional Atmospheric Conditions,1,Clear,0,No,0000000,Not Applicable,5,5:00am-5:59am,53,53,6,6:00am-6:59am,0,0,6,6:00am-6:59am,56,56,0,None,0,None,0,None,1,0
2018,21,210103,Kentucky,1,1,0,0,0,1,1,157,MARSHALL (157),0,NOT APPLICABLE,16,16,3,March,2018,6,Friday,22,10:00pm-10:59pm,7,7,0,This section IS NOT on the NHS,1,Rural,4,Minor Arterial,1,State Highway Agency,2,U.S. Highway,US-68,,49,49,36.97350556,36.97350556,-88.400888890,-88.400888890,0,No Special Jurisdiction,1,Rollover/Overturn,0,Not a Collision with Motor Vehicle In-Transport,0,No,1,Non-Junction,1,Not an Intersection,0,None,,,4,On Roadside,2,Dark - Not Lighted,1,Clear,0,No Additional Atmospheric Conditions,1,Clear,0,No,0000000,Not Applicable,22,10:00pm-10:59pm,9,9,22,10:00pm-10:59pm,14,14,23,11:00pm-11:59pm,30,30,0,None,0,None,0,None,1,0
2018,21,210104,Kentucky,2,2,0,0,0,2,2,195,PIKE (195),1794,KIMPER,17,17,3,March,2018,7,Saturday,0,0:00am-0:59am,46,46,0,This section IS NOT on the NHS,1,Rural,4,Minor Arterial,1,State Highway Agency,3,State Highway,SR-194,,210,210,37.53723889,37.53723889,-82.394108330,-82.394108330,0,No Special Jurisdiction,12,Motor Vehicle In-Transport,2,Front-to-Front,0,No,1,Non-Junction,1,Not an Intersection,0,None,,,1,On Roadway,6,Dark - Unknown Lighting,1,Clear,0,No Additional Atmospheric Conditions,1,Clear,0,No,0000000,Not Applicable,0,0:00am-0:59am,49,49,1,1:00am-1:59am,17,17,1,1:00am-1:59am,31,31,0,None,0,None,0,None,1,0
2018,21,210105,Kentucky,1,1,0,0,0,1,1,139,LIVINGSTON (139),0,NOT APPLICABLE,17,17,3,March,2018,7,Saturday,14,2:00pm-2:59pm,10,10,0,This section IS NOT on the NHS,1,Rural,5,Major Collector,1,State Highway Agency,3,State Highway,SR-453,,64,64,37.06375556,37.06375556,-88.287366670,-88.287366670,0,No Special Jurisdiction,35,Embankment,0,Not a Collision with Motor Vehicle In-Transport,0,No,1,Non-Junction,1,Not an Intersection,0,None,,,4,On Roadside,1,Daylight,10,Cloudy,0,No Additional Atmospheric Conditions,10,Cloudy,0,No,0000000,Not Applicable,14,2:00pm-2:59pm,11,11,14,2:00pm-2:59pm,16,16,88,Not Applicable (Not Transported),88,Not Applicable (Not Transported),0,None,0,None,0,None,1,0
2018,21,210106,Kentucky,1,1,0,0,0,4,4,113,JESSAMINE (113),0,NOT APPLICABLE,17,17,3,March,2018,7,Saturday,20,8:00pm-8:59pm,48,48,0,This section IS NOT on the NHS,1,Rural,5,Major Collector,1,State Highway Agency,3,State Highway,SR-169,,62,62,37.88671944,37.88671944,-84.502838890,-84.502838890,0,No Special Jurisdiction,42,Tree (Standing Only),0,Not a Collision with Motor Vehicle In-Transport,0,No,1,Non-Junction,1,Not an Intersection,0,None,,,4,On Roadside,2,Dark - Not Lighted,10,Cloudy,0,No Additional Atmospheric Conditions,10,Cloudy,0,No,0000000,Not Applicable,20,8:00pm-8:59pm,51,51,20,8:00pm-8:59pm,57,57,21,9:00pm-9:59pm,35,35,0,None,0,None,0,None,1,0