caseyear,state,st_case,statename,ve_total,ve_forms,pvh_invl,peds,pernotmvit,permvit,persons,county,countyname,city,cityname,day,dayname,month,monthname,year,day_week,day_weekname,hour,hourname,minute,minutename,nhs,nhsname,rur_urb,rur_urbname,func_sys,func_sysname,rd_owner,rd_ownername,route,routename,tway_id,tway_id2,milept,mileptname,latitude,latitudename,longitud,longitudname,sp_jur,sp_jurname,harm_ev,harm_evname,man_coll,man_collname,reljct1,reljct1name,reljct2,reljct2name,typ_int,typ_intname,wrk_zone,wrk_zonename,road_fnc,road_fncname,rel_road,rel_roadname,lgt_cond,lgt_condname,weather1,weather1name,weather2,weather2name,weather,weathername,sch_bus,sch_busname,rail,railname,not_hour,not_hourname,not_min,not_minname,arr_hour,arr_hourname,arr_min,arr_minname,hosp_hr,hosp_hrname,hosp_mn,hosp_mnname,cf1,cf1name,cf2,cf2name,cf3,cf3name,fatals,drunk_dr
2018,21,210107,Kentucky,1,1,0,1,1,4,4,49,CLARK (49),3610,WINCHESTER,17,17,3,March,2018,7,Saturday,21,9:00pm-9:59pm,26,26,0,This section IS NOT on the NHS,2,Urban,4,Minor Arterial,1,State Highway Agency,3,State Highway,SR-627,,103,103,38.02593611,38.02593611,-84.175761110,-84.175761110,0,No Special Jurisdiction,8,Pedestrian,0,Not a Collision with Motor Vehicle In-Transport,0,No,1,Non-Junction,1,Not an Intersection,0,None,,,1,On Roadway,2,Dark - Not Lighted,1,Clear,0,No Additional Atmospheric Conditions,1,Clear,0,No,0000000,Not Applicable,21,9:00pm-9:59pm,26,26,21,9:00pm-9:59pm,30,30,88,Not Applicable (Not Transported),88,Not Applicable (Not Transported),0,None,0,None,0,None,1,0
2018,21,210108,Kentucky,1,1,0,0,0,1,1,25,BREATHITT (25),0,NOT APPLICABLE,19,19,3,March,2018,2,Monday,2,2:00am-2:59am,2,2,0,This section IS NOT on the NHS,1,Rural,6,Minor Collector,1,State Highway Agency,3,State Highway,SR-1098,,90,90,37.51921944,37.51921944,-83.239158330,-83.239158330,0,No Special Jurisdiction,35,Embankment,0,Not a Collision with Motor Vehicle In-Transport,0,No,1,Non-Junction,1,Not an Intersection,0,None,,,4,On Roadside,2,Dark - Not Lighted,1,Clear,0,No Additional Atmospheric Conditions,1,Clear,0,No,0000000,Not Applicable,2,2:00am-2:59am,6,6,2,2:00am-2:59am,26,26,88,Not Applicable (Not Transported),88,Not Applicable (Not Transported),0,None,0,None,0,None,1,1
2018,21,210109,Kentucky,2,2,0,0,0,4,4,197,POWELL (197),0,NOT APPLICABLE,20,20,3,March,2018,3,Tuesday,10,10:00am-10:59am,38,38,1,This section IS ON the NHS,1,Rural,3,Principal Arterial - Other,1,State Highway Agency,3,State Highway,SR-9000,,161,161,37.87021389,37.87021389,-83.947325000,-83.947325000,0,No Special Jurisdiction,12,Motor Vehicle In-Transport,1,Front-to-Rear,0,No,7,Crossover-Related,1,Not an Intersection,0,None,,,1,On Roadway,1,Daylight,1,Clear,0,No Additional Atmospheric Conditions,1,Clear,0,No,0000000,Not Applicable,10,10:00am-10:59am,30,30,10,10:00am-10:59am,32,32,10,10:00am-10:59am,48,48,0,None,0,None,0,None,1,0
2018,21,210110,Kentucky,1,1,0,0,0,1,1,51,CLAY (51),2160,MANCHESTER,3,3,3,March,2018,7,Saturday,8,8:00am-8:59am,14,14,0,This section IS NOT on the NHS,1,Rural,4,Minor Arterial,1,State Highway Agency,2,U.S. Highway,US-421,,169,169,37.13918889,37.13918889,-83.768105560,-83.768105560,0,No Special Jurisdiction,33,Curb,0,Not a Collision with Motor Vehicle In-Transport,0,No,1,Non-Junction,1,Not an Intersection,0,None,,,4,On Roadside,1,Daylight,10,Cloudy,0,No Additional Atmospheric Conditions,10,Cloudy,0,No,0000000,Not Applicable,8,8:00am-8:59am,21,21,8,8:00am-8:59am,21,21,8,8:00am-8:59am,21,21,0,None,0,None,0,None,1,0
2018,21,210111,Kentucky,1,1,0,0,0,2,2,113,JESSAMINE (113),0,NOT APPLICABLE,12,12,3,March,2018,2,Monday,11,11:00am-11:59am,57,57,0,This section IS NOT on the NHS,1,Rural,4,Minor Arterial,1,State Highway Agency,3,State Highway,SR-1981,,46,46,37.90101111,37.90101111,-84.475100000,-84.475100000,0,No Special Jurisdiction,42,Tree (Standing Only),0,Not a Collision with Motor Vehicle In-Transport,0,No,1,Non-Junction,1,Not an Intersection,0,None,,,4,On Roadside,1,Daylight,1,Clear,0,No Additional Atmospheric Conditions,1,Clear,0,No,0000000,Not Applicable,12,12:00pm-12:59pm,0,0,12,12:00pm-12:59pm,3,3,12,12:00pm-12:59pm,50,50,0,None,0,None,0,None,1,0
2018,21,210113,Kentucky,2,2,0,0,0,3,3,65,ESTILL (65),0,NOT APPLICABLE,28,28,3,March,2018,4,Wednesday,18,6:00pm-6:59pm,41,41,0,This section IS NOT on the NHS,1,Rural,5,Major Collector,1,State Highway Agency,3,State Highway,SR-82,,16,16,37.80131667,37.80131667,-83.994075000,-83.994075000,0,No Special Jurisdiction,12,Motor Vehicle In-Transport,2,Front-to-Front,0,No,1,Non-Junction,1,Not an Intersection,0,None,,,1,On Roadway,1,Daylight,2,Rain,0,No Additional Atmospheric Conditions,2,Rain,0,No,0000000,Not Applicable,18,6:00pm-6:59pm,39,39,18,6:00pm-6:59pm,48,48,19,7:00pm-7:59pm,13,13,0,None,0,None,0,None,1,0
2018,21,210114,Kentucky,1,1,0,1,1,2,2,67,FAYETTE (67),1980,LEXINGTON,31,31,3,March,2018,7,Saturday,6,6:00am-6:59am,58,58,1,This section IS ON the NHS,2,Urban,3,Principal Arterial - Other,1,State Highway Agency,2,U.S. Highway,US-25,LAKESHORE DR,115,115,38.02060000,38.02060000,-84.467702780,-84.467702780,0,No Special Jurisdiction,8,Pedestrian,0,Not a Collision with Motor Vehicle In-Transport,0,No,3,Intersection-Related,2,Four-Way Intersection,0,None,,,1,On Roadway,4,Dawn,5,"Fog, Smog, Smoke",0,No Additional Atmospheric Conditions,5,"Fog, Smog, Smoke",0,No,0000000,Not Applicable,6,6:00am-6:59am,59,59,7,7:00am-7:59am,0,0,7,7:00am-7:59am,22,22,0,None,0,None,0,None,1,0
2018,21,210115,Kentucky,2,2,0,0,0,3,3,83,GRAVES (83),0,NOT APPLICABLE,29,29,3,March,2018,5,Thursday,13,1:00pm-1:59pm,39,39,0,This section IS NOT on the NHS,1,Rural,5,Major Collector,1,State Highway Agency,3,State Highway,SR-303,,97,97,36.62763611,36.62763611,-88.633166670,-88.633166670,0,No Special Jurisdiction,12,Motor Vehicle In-Transport,2,Front-to-Front,0,No,1,Non-Junction,1,Not an Intersection,0,None,,,1,On Roadway,1,Daylight,10,Cloudy,0,No Additional Atmospheric Conditions,10,Cloudy,0,No,0000000,Not Applicable,13,1:00pm-1:59pm,42,42,13,1:00pm-1:59pm,49,49,14,2:00pm-2:59pm,10,10,0,None,0,None,0,None,1,0
2018,21,210116,Kentucky,2,2,0,0,0,4,4,125,LAUREL (125),0,NOT APPLICABLE,22,22,3,March,2018,5,Thursday,16,4:00pm-4:59pm,47,47,1,This section IS ON the NHS,1,Rural,1,Interstate,1,State Highway Agency,1,Interstate,I-75,,329,329,37.03500833,37.03500833,-84.097691670,-84.097691670,0,No Special Jurisdiction,12,Motor Vehicle In-Transport,6,Angle,0,No,1,Non-Junction,1,Not an Intersection,0,None,,,1,On Roadway,1,Daylight,1,Clear,0,No Additional Atmospheric Conditions,1,Clear,0,No,0000000,Not Applicable,16,4:00pm-4:59pm,49,49,16,4:00pm-4:59pm,55,55,17,5:00pm-5:59pm,23,23,0,None,0,None,0,None,1,0
2018,21,210117,Kentucky,1,1,0,0,0,7,7,181,NICHOLAS (181),0,NOT APPLICABLE,20,20,3,March,2018,3,Tuesday,15,3:00pm-3:59pm,57,57,0,This section IS NOT on the NHS,1,Rural,5,Major Collector,1,State Highway Agency,3,State Highway,SR-36,,47,47,38.31624167,38.31624167,-84.003919440,-84.003919440,0,No Special Jurisdiction,1,Rollover/Overturn,0,Not a Collision with Motor Vehicle In-Transport,0,No,1,Non-Junction,1,Not an Intersection,0,None,,,98,Not Reported,1,Daylight,10,Cloudy,0,No Additional Atmospheric Conditions,10,Cloudy,0,No,0000000,Not Applicable,16,4:00pm-4:59pm,0,0,16,4:00pm-4:59pm,2,2,16,4:00pm-4:59pm,48,48,0,None,0,None,0,None,1,0
2018,21,210118,Kentucky,2,2,0,0,0,2,2,59,DAVIESS (59),0,NOT APPLICABLE,8,8,3,March,2018,5,Thursday,6,6:00am-6:59am,54,54,0,This section IS NOT on the NHS,1,Rural,4,Minor Arterial,1,State Highway Agency,2,U.S. Highway,US-431,E MARKSBERRY RD,57,57,37.65005556,37.65005556,-87.122472220,-87.122472220,0,No Special Jurisdiction,12,Motor Vehicle In-Transport,1,Front-to-Rear,0,No,3,Intersection-Related,2,Four-Way Intersection,0,None,,,1,On Roadway,4,Dawn,1,Clear,0,No Additional Atmospheric Conditions,1,Clear,0,No,0000000,Not Applicable,6,6:00am-6:59am,54,54,7,7:00am-7:59am,8,8,88,Not Applicable (Not Transported),88,Not Applicable (Not Transported),0,None,0,None,0,None,1,0
2018,21,210119,Kentucky,2,2,0,0,0,2,2,9,BARREN (9),1310,GLASGOW,30,30,3,March,2018,6,Friday,14,2:00pm-2:59pm,22,22,9,Unknown if this section is on the NHS,8,Not Reported,98,Not Reported,1,State Highway Agency,2,U.S. Highway,US-68,US-31E,99998,Not Reported,37.03296389,37.03296389,-85.905680560,-85.905680560,0,No Special Jurisdiction,12,Motor Vehicle In-Transport,8,Sideswipe - Opposite Direction,0,No,2,Intersection,2,Four-Way Intersection,0,None,,,1,On Roadway,1,Daylight,10,Cloudy,0,No Additional Atmospheric Conditions,10,Cloudy,0,No,0000000,Not Applicable,14,2:00pm-2:59pm,26,26,14,2:00pm-2:59pm,28,28,88,Not Applicable (Not Transported),88,Not Applicable (Not Transported),0,None,0,None,0,None,1,0
2018,21,210120,Kentucky,2,2,0,0,0,3,3,199,PULASKI (199),0,NOT APPLICABLE,5,5,3,March,2018,2,Monday,19,7:00pm-7:59pm,4,4,0,This section IS NOT on the NHS,1,Rural,5,Major Collector,1,State Highway Agency,3,State Highway,SR-080,,46,46,37.10660833,37.10660833,-84.812088890,-84.812088890,0,No Special Jurisdiction,12,Motor Vehicle In-Transport,2,Front-to-Front,0,No,1,Non-Junction,1,Not an Intersection,0,None,,,1,On Roadway,2,Dark - Not Lighted,10,Cloudy,0,No Additional Atmospheric Conditions,10,Cloudy,0,No,0000000,Not Applicable,19,7:00pm-7:59pm,3,3,19,7:00pm-7:59pm,19,19,20,8:00pm-8:59pm,20,20,0,None,0,None,0,None,1,0
2018,21,210121,Kentucky,1,1,0,0,0,1,1,211,SHELBY (211),0,NOT APPLICABLE,9,9,3,March,2018,6,Friday,13,1:00pm-1:59pm,23,23,1,This section IS ON the NHS,1,Rural,1,Interstate,1,State Highway Agency,1,Interstate,I-64,,462,462,38.14724444,38.14724444,-85.017366670,-85.017366670,0,No Special Jurisdiction,35,Embankment,0,Not a Collision with Motor Vehicle In-Transport,0,No,1,Non-Junction,1,Not an Intersection,0,None,,,4,On Roadside,1,Daylight,1,Clear,0,No Additional Atmospheric Conditions,1,Clear,0,No,0000000,Not Applicable,13,1:00pm-1:59pm,19,19,13,1:00pm-1:59pm,27,27,14,2:00pm-2:59pm,0,0,0,None,0,None,0,None,1,0
2018,21,210122,Kentucky,2,2,0,0,0,2,2,179,NELSON (179),0,NOT APPLICABLE,18,18,3,March,2018,1,Sunday,0,0:00am-0:59am,13,13,0,This section IS NOT on the NHS,1,Rural,6,Minor Collector,1,State Highway Agency,3,State Highway,SR-457,,30,30,37.60648611,37.60648611,-85.503750000,-85.503750000,0,No Special Jurisdiction,12,Motor Vehicle In-Transport,6,Angle,0,No,1,Non-Junction,1,Not an Intersection,0,None,,,1,On Roadway,2,Dark - Not Lighted,10,Cloudy,0,No Additional Atmospheric Conditions,10,Cloudy,0,No,0000000,Not Applicable,0,0:00am-0:59am,21,21,0,0:00am-0:59am,35,35,88,Not Applicable (Not Transported),88,Not Applicable (Not Transported),0,None,0,None,0,None,1,1
2018,21,210123,Kentucky,2,2,0,0,0,3,3,197,POWELL (197),3028,SLADE,28,28,3,March,2018,4,Wednesday,17,5:00pm-5:59pm,44,44,0,This section IS NOT on the NHS,1,Rural,4,Minor Arterial,1,State Highway Agency,3,State Highway,SR-11,,32,32,37.79365556,37.79365556,-83.702916670,-83.702916670,0,No Special Jurisdiction,12,Motor Vehicle In-Transport,2,Front-to-Front,0,No,1,Non-Junction,1,Not an Intersection,0,None,,,1,On Roadway,2,Dark - Not Lighted,2,Rain,0,No Additional Atmospheric Conditions,2,Rain,0,No,0000000,Not Applicable,17,5:00pm-5:59pm,31,31,17,5:00pm-5:59pm,45,45,88,Not Applicable (Not Transported),88,Not Applicable (Not Transported),0,None,0,None,0,None,1,0
2018,21,210124,Kentucky,1,1,0,0,0,1,1,197,POWELL (197),700,CLAY CITY,7,7,1,January,2018,1,Sunday,23,11:00pm-11:59pm,11,11,0,This section IS NOT on the NHS,1,Rural,5,Major Collector,1,State Highway Agency,3,State Highway,SR-82,,19,19,37.86421389,37.86421389,-83.947266670,-83.947266670,0,No Special Jurisdiction,42,Tree (Standing Only),0,Not a Collision with Motor Vehicle In-Transport,0,No,1,Non-Junction,1,Not an Intersection,0,None,,,4,On Roadside,6,Dark - Unknown Lighting,10,Cloudy,0,No Additional Atmospheric Conditions,10,Cloudy,0,No,0000000,Not Applicable,23,11:00pm-11:59pm,11,11,23,11:00pm-11:59pm,13,13,88,Not Applicable (Not Transported),88,Not Applicable (Not Transported),0,None,0,None,0,None,1,0
2018,21,210125,Kentucky,1,1,0,0,0,1,1,205,ROWAN (205),0,NOT APPLICABLE,28,28,3,March,2018,4,Wednesday,10,10:00am-10:59am,20,20,0,This section IS NOT on the NHS,1,Rural,5,Major Collector,1,State Highway Agency,3,State Highway,SR-32,,201,201,38.17181389,38.17181389,-83.232952780,-83.232952780,0,No Special Jurisdiction,42,Tree (Standing Only),0,Not a Collision with Motor Vehicle In-Transport,0,No,1,Non-Junction,1,Not an Intersection,0,None,,,5,Outside Trafficway,1,Daylight,2,Rain,0,No Additional Atmospheric Conditions,2,Rain,0,No,0000000,Not Applicable,12,12:00pm-12:59pm,20,20,10,10:00am-10:59am,37,37,88,Not Applicable (Not Transported),88,Not Applicable (Not Transported),0,None,0,None,0,None,1,0
2018,21,210126,Kentucky,3,3,0,0,0,10,10,93,HARDIN (93),0,NOT APPLICABLE,25,25,3,March,2018,1,Sunday,15,3:00pm-3:59pm,5,5,1,This section IS ON the NHS,1,Rural,2,Principal Arterial - Other Freeways and Expressways,1,State Highway Agency,3,State Highway,SR-9002,,65,65,37.72845833,37.72845833,-85.722316670,-85.722316670,0,No Special Jurisdiction,93,Unknown Fixed Object,0,Not a Collision with Motor Vehicle In-Transport,0,No,1,Non-Junction,1,Not an Intersection,0,None,,,3,On Median,1,Daylight,10,Cloudy,0,No Additional Atmospheric Conditions,10,Cloudy,0,No,0000000,Not Applicable,15,3:00pm-3:59pm,5,5,15,3:00pm-3:59pm,21,21,16,4:00pm-4:59pm,18,18,14,"Motor Vehicle struck by falling cargo,or something that came loose from or something that was set in motion by a vehicle",0,None,0,None,2,0
2018,21,210127,Kentucky,2,2,0,0,0,3,3,5,ANDERSON (5),1900,LAWRENCEBURG,29,29,3,March,2018,5,Thursday,12,12:00pm-12:59pm,47,47,0,This section IS NOT on the NHS,1,Rural,5,Major Collector,1,State Highway Agency,2,U.S. Highway,US-62,HUNTER RIDGE DR,207,207,38.04190556,38.04190556,-84.882647220,-84.882647220,0,No Special Jurisdiction,12,Motor Vehicle In-Transport,6,Angle,0,No,2,Intersection,3,T-Intersection,0,None,,,1,On Roadway,1,Daylight,2,Rain,0,No Additional Atmospheric Conditions,2,Rain,0,No,0000000,Not Applicable,12,12:00pm-12:59pm,54,54,12,12:00pm-12:59pm,54,54,12,12:00pm-12:59pm,54,54,0,None,0,None,0,None,1,0
2018,21,210128,Kentucky,2,2,0,0,0,2,2,173,MONTGOMERY (173),1741,JEFFERSONVILLE,29,29,3,March,2018,5,Thursday,7,7:00am-7:59am,45,45,0,This section IS NOT on the NHS,1,Rural,5,Major Collector,1,State Highway Agency,3,State Highway,SR-213,,39,39,37.95832500,37.95832500,-83.860697220,-83.860697220,0,No Special Jurisdiction,12,Motor Vehicle In-Transport,6,Angle,0,No,1,Non-Junction,1,Not an Intersection,0,None,,,1,On Roadway,1,Daylight,2,Rain,0,No Additional Atmospheric Conditions,2,Rain,0,No,0000000,Not Applicable,7,7:00am-7:59am,51,51,8,8:00am-8:59am,7,7,8,8:00am-8:59am,20,20,0,None,0,None,0,None,1,0
2018,21,210129,Kentucky,2,2,0,0,0,4,4,111,JEFFERSON (111),2090,LOUISVILLE,3,3,4,April,2018,3,Tuesday,19,7:00pm-7:59pm,31,31,1,This section IS ON the NHS,1,Rural,3,Principal Arterial - Other,1,State Highway Agency,2,U.S. Highway,US-31W,FLINTLOCK DR,127,127,38.16005000,38.16005000,-85.832822220,-85.832822220,0,No Special Jurisdiction,12,Motor Vehicle In-Transport,6,Angle,0,No,2,Intersection,3,T-Intersection,0,None,,,1,On Roadway,5,Dusk,10,Cloudy,0,No Additional Atmospheric Conditions,10,Cloudy,0,No,0000000,Not Applicable,19,7:00pm-7:59pm,32,32,19,7:00pm-7:59pm,39,39,20,8:00pm-8:59pm,7,7,0,None,0,None,0,None,1,0
2018,21,210130,Kentucky,2,2,0,0,0,2,2,237,WOLFE (237),0,NOT APPLICABLE,4,4,4,April,2018,4,Wednesday,6,6:00am-6:59am,19,19,1,This section IS ON the NHS,1,Rural,3,Principal Arterial - Other,1,State Highway Agency,3,State Highway,SR-9009,,494,494,37.73432778,37.73432778,-83.458541670,-83.458541670,0,No Special Jurisdiction,12,Motor Vehicle In-Transport,2,Front-to-Front,0,No,1,Non-Junction,1,Not an Intersection,0,None,,,1,On Roadway,2,Dark - Not Lighted,1,Clear,0,No Additional Atmospheric Conditions,1,Clear,0,No,0000000,Not Applicable,6,6:00am-6:59am,59,59,7,7:00am-7:59am,10,10,8,8:00am-8:59am,2,2,0,None,0,None,0,None,1,1
2018,21,210131,Kentucky,1,1,0,0,0,3,3,181,NICHOLAS (181),0,NOT APPLICABLE,3,3,4,April,2018,3,Tuesday,16,4:00pm-4:59pm,54,54,1,This section IS ON the NHS,1,Rural,3,Principal Arterial - Other,1,State Highway Agency,2,U.S. Highway,US-68,,8,8,38.31850833,38.31850833,-84.124658330,-84.124658330,0,No Special Jurisdiction,42,Tree (Standing Only),0,Not a Collision with Motor Vehicle In-Transport,0,No,1,Non-Junction,1,Not an Intersection,0,None,,,4,On Roadside,1,Daylight,10,Cloudy,0,No Additional Atmospheric Conditions,10,Cloudy,0,No,0000000,Not Applicable,16,4:00pm-4:59pm,45,45,16,4:00pm-4:59pm,52,52,17,5:00pm-5:59pm,32,32,0,None,0,None,0,None,1,1
2018,21,210132,Kentucky,1,1,0,0,0,2,2,235,WHITLEY (235),0,NOT APPLICABLE,7,7,4,April,2018,7,Saturday,12,12:00pm-12:59pm,25,25,0,This section IS NOT on the NHS,1,Rural,6,Minor Collector,1,State Highway Agency,3,State Highway,SR-1064,,147,147,36.86556111,36.86556111,-84.072916670,-84.072916670,0,No Special Jurisdiction,42,Tree (Standing Only),0,Not a Collision with Motor Vehicle In-Transport,0,No,1,Non-Junction,1,Not an Intersection,0,None,,,4,On Roadside,1,Daylight,1,Clear,0,No Additional Atmospheric Conditions,1,Clear,0,No,0000000,Not Applicable,12,12:00pm-12:59pm,25,25,12,12:00pm-12:59pm,50,50,88,Not Applicable (Not Transported),88,Not Applicable (Not Transported),0,None,0,None,0,None,2,1
2018,21,210133,Kentucky,2,2,0,0,0,2,2,221,TRIGG (221),0,NOT APPLICABLE,9,9,4,April,2018,2,Monday,16,4:00pm-4:59pm,30,30,1,This section IS ON the NHS,1,Rural,3,Principal Arterial - Other,1,State Highway Agency,2,U.S. Highway,US-68,,263,263,36.88325556,36.88325556,-87.701930560,-87.701930560,0,No Special Jurisdiction,12,Motor Vehicle In-Transport,1,Front-to-Rear,0,No,1,Non-Junction,1,Not an Intersection,0,None,,,1,On Roadway,1,Daylight,1,Clear,0,No Additional Atmospheric Conditions,1,Clear,0,No,0000000,Not Applicable,16,4:00pm-4:59pm,31,31,16,4:00pm-4:59pm,40,40,17,5:00pm-5:59pm,1,1,0,None,0,None,0,None,1,0
2018,21,210134,Kentucky,1,1,0,1,1,1,1,67,FAYETTE (67),1980,LEXINGTON,12,12,4,April,2018,5,Thursday,12,12:00pm-12:59pm,6,6,0,This section IS NOT on the NHS,1,Rural,4,Minor Arterial,1,State Highway Agency,2,U.S. Highway,US-421,,74,74,38.12475833,38.12475833,-84.609647220,-84.609647220,0,No Special Jurisdiction,8,Pedestrian,0,Not a Collision with Motor Vehicle In-Transport,0,No,1,Non-Junction,1,Not an Intersection,0,None,,,4,On Roadside,1,Daylight,1,Clear,0,No Additional Atmospheric Conditions,1,Clear,0,No,0000000,Not Applicable,12,12:00pm-12:59pm,9,9,12,12:00pm-12:59pm,15,15,88,Not Applicable (Not Transported),88,Not Applicable (Not Transported),0,None,0,None,0,None,1,1
2018,21,210135,Kentucky,1,1,0,0,0,1,1,227,WARREN (227),0,NOT APPLICABLE,12,12,4,April,2018,5,Thursday,14,2:00pm-2:59pm,27,27,0,This section IS NOT on the NHS,1,Rural,6,Minor Collector,1,State Highway Agency,3,State Highway,SR-1297,,9,9,36.97388333,36.97388333,-86.295519440,-86.295519440,0,No Special Jurisdiction,38,Fence,0,Not a Collision with Motor Vehicle In-Transport,0,No,1,Non-Junction,1,Not an Intersection,0,None,,,5,Outside Trafficway,1,Daylight,10,Cloudy,0,No Additional Atmospheric Conditions,10,Cloudy,0,No,0000000,Not Applicable,14,2:00pm-2:59pm,27,27,14,2:00pm-2:59pm,43,43,88,Not Applicable (Not Transported),88,Not Applicable (Not Transported),0,None,0,None,0,None,1,0
2018,21,210136,Kentucky,1,1,0,0,0,2,2,195,PIKE (195),1794,KIMPER,12,12,4,April,2018,5,Thursday,14,2:00pm-2:59pm,49,49,0,This section IS NOT on the NHS,1,Rural,4,Minor Arterial,1,State Highway Agency,3,State Highway,SR-632,,52,52,37.48721667,37.48721667,-82.268852780,-82.268852780,0,No Special Jurisdiction,35,Embankment,0,Not a Collision with Motor Vehicle In-Transport,0,No,1,Non-Junction,1,Not an Intersection,0,None,,,4,On Roadside,1,Daylight,1,Clear,0,No Additional Atmospheric Conditions,1,Clear,0,No,0000000,Not Applicable,14,2:00pm-2:59pm,49,49,15,3:00pm-3:59pm,24,24,88,Not Applicable (Not Transported),88,Not Applicable (Not Transported),0,None,0,None,0,None,2,1
2018,21,210137,Kentucky,2,2,0,0,0,6,6,63,ELLIOTT (63),0,NOT APPLICABLE,12,12,4,April,2018,5,Thursday,16,4:00pm-4:59pm,42,42,0,This section IS NOT on the NHS,1,Rural,4,Minor Arterial,1,State Highway Agency,3,State Highway,SR-7,,52,52,38.07503889,38.07503889,-83.153244440,-83.153244440,0,No Special Jurisdiction,12,Motor Vehicle In-Transport,2,Front-to-Front,0,No,1,Non-Junction,1,Not an Intersection,0,None,,,1,On Roadway,1,Daylight,1,Clear,0,No Additional Atmospheric Conditions,1,Clear,0,No,0000000,Not Applicable,16,4:00pm-4:59pm,47,47,16,4:00pm-4:59pm,47,47,17,5:00pm-5:59pm,44,44,0,None,0,None,0,None,1,0
2018,21,210138,Kentucky,1,1,0,0,0,1,1,177,MUHLENBERG (177),0,NOT APPLICABLE,12,12,4,April,2018,5,Thursday,19,7:00pm-7:59pm,0,0,0,This section IS NOT on the NHS,1,Rural,6,Minor Collector,1,State Highway Agency,3,State Highway,SR-601,,6,6,37.22088611,37.22088611,-87.204575000,-87.204575000,0,No Special Jurisdiction,34,Ditch,0,Not a Collision with Motor Vehicle In-Transport,0,No,1,Non-Junction,1,Not an Intersection,0,None,,,4,On Roadside,1,Daylight,1,Clear,0,No Additional Atmospheric Conditions,1,Clear,0,No,0000000,Not Applicable,19,7:00pm-7:59pm,2,2,19,7:00pm-7:59pm,9,9,19,7:00pm-7:59pm,28,28,0,None,0,None,0,None,1,1
2018,21,210139,Kentucky,2,2,0,0,0,3,3,111,JEFFERSON (111),2090,LOUISVILLE,13,13,4,April,2018,6,Friday,15,3:00pm-3:59pm,50,50,0,This section IS NOT on the NHS,2,Urban,7,Local,4,City or Municipal Highway Agency,6,Local Street - Municipality,S 3RD STREET,W WHITELEY AVE,4,4,38.19396944,38.19396944,-85.764955560,-85.764955560,0,No Special Jurisdiction,12,Motor Vehicle In-Transport,6,Angle,0,No,2,Intersection,2,Four-Way Intersection,0,None,,,1,On Roadway,1,Daylight,1,Clear,0,No Additional Atmospheric Conditions,1,Clear,0,No,0000000,Not Applicable,15,3:00pm-3:59pm,50,50,15,3:00pm-3:59pm,58,58,88,Not Applicable (Not Transported),88,Not Applicable (Not Transported),0,None,0,None,0,None,1,0
2018,21,210140,Kentucky,1,1,0,0,0,1,1,15,BOONE (15),3309,UNION,13,13,4,April,2018,6,Friday,22,10:00pm-10:59pm,48,48,0,This section IS NOT on the NHS,2,Urban,4,Minor Arterial,1,State Highway Agency,3,State Highway,SR-536,,121,121,38.95086944,38.95086944,-84.655691670,-84.655691670,0,No Special Jurisdiction,3,Immersion or Partial Immersion,0,Not a Collision with Motor Vehicle In-Transport,0,No,1,Non-Junction,1,Not an Intersection,1,Construction,,,5,Outside Trafficway,2,Dark - Not Lighted,1,Clear,0,No Additional Atmospheric Conditions,1,Clear,0,No,0000000,Not Applicable,22,10:00pm-10:59pm,48,48,22,10:00pm-10:59pm,54,54,88,Not Applicable (Not Transported),88,Not Applicable (Not Transported),0,None,0,None,0,None,1,1
2018,21,210141,Kentucky,1,1,0,0,0,1,1,185,OLDHAM (185),0,NOT APPLICABLE,14,14,4,April,2018,7,Saturday,4,4:00am-4:59am,26,26,1,This section IS ON the NHS,1,Rural,1,Interstate,1,State Highway Agency,1,Interstate,I-75,,137,137,38.34159167,38.34159167,-85.504727780,-85.504727780,0,No Special Jurisdiction,1,Rollover/Overturn,0,Not a Collision with Motor Vehicle In-Transport,0,No,1,Non-Junction,1,Not an Intersection,0,None,,,1,On Roadway,2,Dark - Not Lighted,1,Clear,0,No Additional Atmospheric Conditions,1,Clear,0,No,0000000,Not Applicable,4,4:00am-4:59am,28,28,4,4:00am-4:59am,37,37,88,Not Applicable (Not Transported),88,Not Applicable (Not Transported),0,None,0,None,0,None,1,1
2018,21,210142,Kentucky,2,2,0,0,0,2,2,125,LAUREL (125),2040,LONDON,14,14,4,April,2018,7,Saturday,5,5:00am-5:59am,35,35,0,This section IS NOT on the NHS,1,Rural,5,Major Collector,1,State Highway Agency,2,U.S. Highway,US-25,,100,100,37.10160833,37.10160833,-84.069477780,-84.069477780,0,No Special Jurisdiction,12,Motor Vehicle In-Transport,8,Sideswipe - Opposite Direction,0,No,8,Driveway Access Related,1,Not an Intersection,0,None,,,1,On Roadway,2,Dark - Not Lighted,1,Clear,0,No Additional Atmospheric Conditions,1,Clear,0,No,0000000,Not Applicable,5,5:00am-5:59am,36,36,5,5:00am-5:59am,41,41,6,6:00am-6:59am,18,18,0,None,0,None,0,None,1,0