caseyear,state,st_case,statename,ve_total,ve_forms,pvh_invl,peds,pernotmvit,permvit,persons,county,countyname,city,cityname,day,dayname,month,monthname,year,day_week,day_weekname,hour,hourname,minute,minutename,nhs,nhsname,rur_urb,rur_urbname,func_sys,func_sysname,rd_owner,rd_ownername,route,routename,tway_id,tway_id2,milept,mileptname,latitude,latitudename,longitud,longitudname,sp_jur,sp_jurname,harm_ev,harm_evname,man_coll,man_collname,reljct1,reljct1name,reljct2,reljct2name,typ_int,typ_intname,wrk_zone,wrk_zonename,road_fnc,road_fncname,rel_road,rel_roadname,lgt_cond,lgt_condname,weather1,weather1name,weather2,weather2name,weather,weathername,sch_bus,sch_busname,rail,railname,not_hour,not_hourname,not_min,not_minname,arr_hour,arr_hourname,arr_min,arr_minname,hosp_hr,hosp_hrname,hosp_mn,hosp_mnname,cf1,cf1name,cf2,cf2name,cf3,cf3name,fatals,drunk_dr
2018,21,210178,Kentucky,2,2,0,0,0,2,2,119,KNOTT (119),0,NOT APPLICABLE,4,4,5,May,2018,6,Friday,5,5:00am-5:59am,53,53,1,This section IS ON the NHS,1,Rural,3,Principal Arterial - Other,1,State Highway Agency,3,State Highway,SR-80,,171,171,37.45520833,37.45520833,-82.896141670,-82.896141670,0,No Special Jurisdiction,12,Motor Vehicle In-Transport,1,Front-to-Rear,0,No,1,Non-Junction,1,Not an Intersection,0,None,,,1,On Roadway,4,Dawn,10,Cloudy,0,No Additional Atmospheric Conditions,10,Cloudy,0,No,0000000,Not Applicable,5,5:00am-5:59am,53,53,6,6:00am-6:59am,14,14,7,7:00am-7:59am,4,4,0,None,0,None,0,None,1,0
2018,21,210179,Kentucky,2,2,0,0,0,3,3,79,GARRARD (79),0,NOT APPLICABLE,5,5,5,May,2018,7,Saturday,11,11:00am-11:59am,49,49,1,This section IS ON the NHS,1,Rural,3,Principal Arterial - Other,1,State Highway Agency,2,U.S. Highway,US-27,,57,57,37.65144722,37.65144722,-84.599813890,-84.599813890,0,No Special Jurisdiction,12,Motor Vehicle In-Transport,2,Front-to-Front,0,No,1,Non-Junction,1,Not an Intersection,0,None,,,1,On Roadway,1,Daylight,2,Rain,0,No Additional Atmospheric Conditions,2,Rain,0,No,0000000,Not Applicable,11,11:00am-11:59am,44,44,11,11:00am-11:59am,51,51,13,1:00pm-1:59pm,9,9,0,None,0,None,0,None,2,0
2018,21,210180,Kentucky,1,1,0,1,1,1,1,15,BOONE (15),455,BURLINGTON,2,2,5,May,2018,4,Wednesday,6,6:00am-6:59am,0,0,0,This section IS NOT on the NHS,1,Rural,5,Major Collector,1,State Highway Agency,3,State Highway,SR-18,,100,100,39.02731944,39.02731944,-84.732161110,-84.732161110,0,No Special Jurisdiction,8,Pedestrian,0,Not a Collision with Motor Vehicle In-Transport,0,No,1,Non-Junction,1,Not an Intersection,0,None,,,1,On Roadway,2,Dark - Not Lighted,1,Clear,0,No Additional Atmospheric Conditions,1,Clear,0,No,0000000,Not Applicable,6,6:00am-6:59am,0,0,6,6:00am-6:59am,3,3,6,6:00am-6:59am,29,29,0,None,0,None,0,None,1,0
2018,21,210181,Kentucky,1,1,0,0,0,1,1,61,EDMONSON (61),0,NOT APPLICABLE,7,7,5,May,2018,2,Monday,14,2:00pm-2:59pm,42,42,0,This section IS NOT on the NHS,1,Rural,5,Major Collector,1,State Highway Agency,2,U.S. Highway,US-31W,,36,36,37.09213611,37.09213611,-86.146038890,-86.146038890,0,No Special Jurisdiction,1,Rollover/Overturn,0,Not a Collision with Motor Vehicle In-Transport,0,No,1,Non-Junction,1,Not an Intersection,0,None,,,4,On Roadside,1,Daylight,10,Cloudy,0,No Additional Atmospheric Conditions,10,Cloudy,0,No,0000000,Not Applicable,14,2:00pm-2:59pm,37,37,14,2:00pm-2:59pm,52,52,15,3:00pm-3:59pm,15,15,0,None,0,None,0,None,1,0
2018,21,210182,Kentucky,2,2,0,0,0,2,2,111,JEFFERSON (111),2090,LOUISVILLE,3,3,5,May,2018,5,Thursday,20,8:00pm-8:59pm,30,30,0,This section IS NOT on the NHS,2,Urban,3,Principal Arterial - Other,1,State Highway Agency,2,U.S. Highway,US-31E,SR-2053,19,19,38.10065833,38.10065833,-85.565494440,-85.565494440,0,No Special Jurisdiction,12,Motor Vehicle In-Transport,6,Angle,0,No,2,Intersection,3,T-Intersection,0,None,,,1,On Roadway,1,Daylight,1,Clear,0,No Additional Atmospheric Conditions,1,Clear,0,No,0000000,Not Applicable,99,Unknown,99,Unknown,99,Unknown EMS Scene Arrival Hour,99,Unknown EMS Scene Arrival Minutes,99,Unknown,99,Unknown EMS Hospital Arrival Time,0,None,0,None,0,None,1,0
2018,21,210183,Kentucky,1,1,0,1,1,2,2,227,WARREN (227),0,NOT APPLICABLE,11,11,5,May,2018,6,Friday,17,5:00pm-5:59pm,19,19,0,This section IS NOT on the NHS,1,Rural,5,Major Collector,1,State Highway Agency,2,U.S. Highway,US-231,,212,212,37.04540000,37.04540000,-86.586305560,-86.586305560,0,No Special Jurisdiction,8,Pedestrian,0,Not a Collision with Motor Vehicle In-Transport,0,No,1,Non-Junction,1,Not an Intersection,0,None,,,1,On Roadway,1,Daylight,1,Clear,0,No Additional Atmospheric Conditions,1,Clear,0,No,0000000,Not Applicable,17,5:00pm-5:59pm,20,20,17,5:00pm-5:59pm,31,31,18,6:00pm-6:59pm,6,6,0,None,0,None,0,None,1,0
2018,21,210184,Kentucky,1,1,0,0,0,4,4,5,ANDERSON (5),0,NOT APPLICABLE,11,11,5,May,2018,6,Friday,19,7:00pm-7:59pm,57,57,0,This section IS NOT on the NHS,2,Urban,3,Principal Arterial - Other,1,State Highway Agency,2,U.S. Highway,US-127B,,64,64,38.06476389,38.06476389,-84.920886110,-84.920886110,0,No Special Jurisdiction,1,Rollover/Overturn,0,Not a Collision with Motor Vehicle In-Transport,0,No,1,Non-Junction,1,Not an Intersection,0,None,,,1,On Roadway,1,Daylight,1,Clear,0,No Additional Atmospheric Conditions,1,Clear,0,No,0000000,Not Applicable,19,7:00pm-7:59pm,57,57,20,8:00pm-8:59pm,0,0,20,8:00pm-8:59pm,30,30,0,None,0,None,0,None,1,0
2018,21,210185,Kentucky,1,1,0,1,1,1,1,185,OLDHAM (185),0,NOT APPLICABLE,12,12,5,May,2018,7,Saturday,6,6:00am-6:59am,2,2,0,This section IS NOT on the NHS,1,Rural,4,Minor Arterial,1,State Highway Agency,2,U.S. Highway,US-42,,41,41,38.40810278,38.40810278,-85.564088890,-85.564088890,0,No Special Jurisdiction,8,Pedestrian,0,Not a Collision with Motor Vehicle In-Transport,0,No,1,Non-Junction,1,Not an Intersection,0,None,,,1,On Roadway,4,Dawn,1,Clear,0,No Additional Atmospheric Conditions,1,Clear,0,No,0000000,Not Applicable,6,6:00am-6:59am,4,4,6,6:00am-6:59am,8,8,6,6:00am-6:59am,44,44,0,None,0,None,0,None,1,0
2018,21,210186,Kentucky,3,3,0,0,0,5,5,203,ROCKCASTLE (203),0,NOT APPLICABLE,12,12,5,May,2018,7,Saturday,12,12:00pm-12:59pm,30,30,0,This section IS NOT on the NHS,1,Rural,4,Minor Arterial,1,State Highway Agency,2,U.S. Highway,US-150,,69,69,37.35433889,37.35433889,-84.398022220,-84.398022220,0,No Special Jurisdiction,54,"Motor Vehicle In-Transport Strikes or is Struck by Cargo, Persons or Objects Set-in-Motion from/by Another Motor Vehicle In Transport",11,Other,0,No,1,Non-Junction,1,Not an Intersection,0,None,,,1,On Roadway,1,Daylight,1,Clear,0,No Additional Atmospheric Conditions,1,Clear,0,No,0000000,Not Applicable,12,12:00pm-12:59pm,31,31,12,12:00pm-12:59pm,35,35,13,1:00pm-1:59pm,2,2,14,"Motor Vehicle struck by falling cargo,or something that came loose from or something that was set in motion by a vehicle",0,None,0,None,2,0
2018,21,210187,Kentucky,1,1,0,0,0,1,1,111,JEFFERSON (111),2090,LOUISVILLE,12,12,5,May,2018,7,Saturday,18,6:00pm-6:59pm,42,42,0,This section IS NOT on the NHS,2,Urban,6,Minor Collector,1,State Highway Agency,3,State Highway,SR-1230,,67,67,38.17528889,38.17528889,-85.889950000,-85.889950000,0,No Special Jurisdiction,35,Embankment,0,Not a Collision with Motor Vehicle In-Transport,0,No,1,Non-Junction,1,Not an Intersection,0,None,,,4,On Roadside,1,Daylight,1,Clear,0,No Additional Atmospheric Conditions,1,Clear,0,No,0000000,Not Applicable,18,6:00pm-6:59pm,42,42,18,6:00pm-6:59pm,53,53,88,Not Applicable (Not Transported),88,Not Applicable (Not Transported),0,None,0,None,0,None,1,0
2018,21,210188,Kentucky,1,1,0,0,0,1,1,227,WARREN (227),350,BOWLING GREEN,12,12,5,May,2018,7,Saturday,11,11:00am-11:59am,25,25,1,This section IS ON the NHS,2,Urban,3,Principal Arterial - Other,1,State Highway Agency,2,U.S. Highway,US-68,,146,146,36.99970833,36.99970833,-86.440963890,-86.440963890,0,No Special Jurisdiction,1,Rollover/Overturn,0,Not a Collision with Motor Vehicle In-Transport,0,No,1,Non-Junction,1,Not an Intersection,0,None,,,1,On Roadway,1,Daylight,1,Clear,0,No Additional Atmospheric Conditions,1,Clear,0,No,0000000,Not Applicable,11,11:00am-11:59am,25,25,11,11:00am-11:59am,27,27,11,11:00am-11:59am,39,39,0,None,0,None,0,None,1,0
2018,21,210189,Kentucky,1,1,0,0,0,4,4,47,CHRISTIAN (47),1620,HOPKINSVILLE,13,13,5,May,2018,1,Sunday,0,0:00am-0:59am,0,0,1,This section IS ON the NHS,2,Urban,3,Principal Arterial - Other,1,State Highway Agency,2,U.S. Highway,US-41A,,150,150,36.85056389,36.85056389,-87.487422220,-87.487422220,0,No Special Jurisdiction,33,Curb,0,Not a Collision with Motor Vehicle In-Transport,0,No,1,Non-Junction,1,Not an Intersection,0,None,,,4,On Roadside,3,Dark - Lighted,1,Clear,0,No Additional Atmospheric Conditions,1,Clear,0,No,0000000,Not Applicable,0,0:00am-0:59am,0,0,0,0:00am-0:59am,8,8,0,0:00am-0:59am,37,37,0,None,0,None,0,None,3,0
2018,21,210190,Kentucky,1,1,0,1,1,1,1,27,BRECKINRIDGE (27),0,NOT APPLICABLE,8,8,5,May,2018,3,Tuesday,23,11:00pm-11:59pm,25,25,0,This section IS NOT on the NHS,1,Rural,6,Minor Collector,1,State Highway Agency,3,State Highway,SR-86,,187,187,37.77150833,37.77150833,-86.293608330,-86.293608330,0,No Special Jurisdiction,8,Pedestrian,0,Not a Collision with Motor Vehicle In-Transport,0,No,1,Non-Junction,1,Not an Intersection,0,None,,,1,On Roadway,2,Dark - Not Lighted,1,Clear,0,No Additional Atmospheric Conditions,1,Clear,0,No,0000000,Not Applicable,21,9:00pm-9:59pm,59,59,22,10:00pm-10:59pm,10,10,22,10:00pm-10:59pm,31,31,0,None,0,None,0,None,1,0
2018,21,210191,Kentucky,2,2,0,0,0,2,2,107,HOPKINS (107),0,NOT APPLICABLE,14,14,5,May,2018,2,Monday,8,8:00am-8:59am,19,19,0,This section IS NOT on the NHS,1,Rural,4,Minor Arterial,1,State Highway Agency,3,State Highway,SR-41A,,36,36,37.35933889,37.35933889,-87.556652780,-87.556652780,0,No Special Jurisdiction,30,Utility Pole/Light Support,0,Not a Collision with Motor Vehicle In-Transport,0,No,1,Non-Junction,1,Not an Intersection,0,None,,,4,On Roadside,1,Daylight,1,Clear,0,No Additional Atmospheric Conditions,1,Clear,0,No,0000000,Not Applicable,8,8:00am-8:59am,23,23,8,8:00am-8:59am,30,30,88,Not Applicable (Not Transported),88,Not Applicable (Not Transported),0,None,0,None,0,None,2,0
2018,21,210192,Kentucky,1,1,0,0,0,1,1,13,BELL (13),2220,MIDDLESBORO,11,11,5,May,2018,6,Friday,19,7:00pm-7:59pm,43,43,0,This section IS NOT on the NHS,2,Urban,7,Local,4,City or Municipal Highway Agency,6,Local Street - Municipality,N 16TH ST,,1,1,36.60774722,36.60774722,-83.708005560,-83.708005560,0,No Special Jurisdiction,1,Rollover/Overturn,0,Not a Collision with Motor Vehicle In-Transport,0,No,1,Non-Junction,1,Not an Intersection,0,None,,,1,On Roadway,1,Daylight,1,Clear,0,No Additional Atmospheric Conditions,1,Clear,0,No,0000000,Not Applicable,88,Not Applicable (Not Notified),88,Not Applicable (Not Notified),88,Not Applicable,88,Not Applicable,88,Not Applicable (Not Transported),88,Not Applicable (Not Transported),0,None,0,None,0,None,1,0
2018,21,210194,Kentucky,2,2,0,0,0,3,3,133,LETCHER (133),2576,PAYNE GAP,16,16,5,May,2018,4,Wednesday,21,9:00pm-9:59pm,25,25,1,This section IS ON the NHS,1,Rural,3,Principal Arterial - Other,1,State Highway Agency,2,U.S. Highway,US-119,,253,253,37.15059722,37.15059722,-82.688375000,-82.688375000,0,No Special Jurisdiction,12,Motor Vehicle In-Transport,6,Angle,0,No,1,Non-Junction,1,Not an Intersection,0,None,,,1,On Roadway,2,Dark - Not Lighted,10,Cloudy,0,No Additional Atmospheric Conditions,10,Cloudy,0,No,0000000,Not Applicable,0,0:00am-0:59am,0,0,0,0:00am-0:59am,0,0,0,0:00am-0:59am,0,0,0,None,0,None,0,None,1,1
2018,21,210195,Kentucky,1,1,0,0,0,1,1,145,MCCRACKEN (145),2520,PADUCAH,18,18,5,May,2018,6,Friday,11,11:00am-11:59am,41,41,1,This section IS ON the NHS,1,Rural,3,Principal Arterial - Other,1,State Highway Agency,2,U.S. Highway,US-60X,,31,31,37.06916111,37.06916111,-88.584397220,-88.584397220,0,No Special Jurisdiction,42,Tree (Standing Only),0,Not a Collision with Motor Vehicle In-Transport,0,No,1,Non-Junction,1,Not an Intersection,0,None,,,5,Outside Trafficway,1,Daylight,1,Clear,0,No Additional Atmospheric Conditions,1,Clear,0,No,0000000,Not Applicable,11,11:00am-11:59am,44,44,11,11:00am-11:59am,52,52,12,12:00pm-12:59pm,12,12,0,None,0,None,0,None,1,0
2018,21,210196,Kentucky,1,1,0,0,0,1,1,95,HARLAN (95),812,CRANKS,18,18,5,May,2018,6,Friday,13,1:00pm-1:59pm,48,48,0,This section IS NOT on the NHS,1,Rural,6,Minor Collector,1,State Highway Agency,2,U.S. Highway,US-421,,138,138,36.81570278,36.81570278,-83.315202780,-83.315202780,0,No Special Jurisdiction,35,Embankment,0,Not a Collision with Motor Vehicle In-Transport,0,No,1,Non-Junction,1,Not an Intersection,0,None,,,4,On Roadside,1,Daylight,10,Cloudy,0,No Additional Atmospheric Conditions,10,Cloudy,0,No,0000000,Not Applicable,13,1:00pm-1:59pm,48,48,14,2:00pm-2:59pm,20,20,14,2:00pm-2:59pm,39,39,0,None,0,None,0,None,1,0
2018,21,210197,Kentucky,1,1,0,0,0,1,1,217,TAYLOR (217),520,CAMPBELLSVILLE,18,18,5,May,2018,6,Friday,16,4:00pm-4:59pm,57,57,0,This section IS NOT on the NHS,1,Rural,6,Minor Collector,1,State Highway Agency,3,State Highway,SR-565,,8,8,37.21064167,37.21064167,-85.351641670,-85.351641670,0,No Special Jurisdiction,42,Tree (Standing Only),0,Not a Collision with Motor Vehicle In-Transport,0,No,1,Non-Junction,1,Not an Intersection,0,None,,,4,On Roadside,1,Daylight,2,Rain,0,No Additional Atmospheric Conditions,2,Rain,0,No,0000000,Not Applicable,17,5:00pm-5:59pm,3,3,17,5:00pm-5:59pm,15,15,88,Not Applicable (Not Transported),88,Not Applicable (Not Transported),0,None,0,None,0,None,1,0
2018,21,210198,Kentucky,2,2,0,0,0,2,2,63,ELLIOTT (63),412,BRUIN,19,19,5,May,2018,7,Saturday,4,4:00am-4:59am,43,43,0,This section IS NOT on the NHS,1,Rural,4,Minor Arterial,1,State Highway Agency,3,State Highway,SR-7,,183,183,38.20151389,38.20151389,-83.014027780,-83.014027780,0,No Special Jurisdiction,12,Motor Vehicle In-Transport,2,Front-to-Front,0,No,1,Non-Junction,1,Not an Intersection,0,None,,,1,On Roadway,2,Dark - Not Lighted,5,"Fog, Smog, Smoke",0,No Additional Atmospheric Conditions,5,"Fog, Smog, Smoke",0,No,0000000,Not Applicable,4,4:00am-4:59am,42,42,4,4:00am-4:59am,55,55,6,6:00am-6:59am,11,11,0,None,0,None,0,None,1,1
2018,21,210199,Kentucky,1,1,0,0,0,1,1,119,KNOTT (119),2649,PINE TOP,19,19,5,May,2018,7,Saturday,14,2:00pm-2:59pm,58,58,0,This section IS NOT on the NHS,1,Rural,5,Major Collector,1,State Highway Agency,3,State Highway,SR-582,,34,34,37.27243333,37.27243333,-82.902708330,-82.902708330,0,No Special Jurisdiction,34,Ditch,0,Not a Collision with Motor Vehicle In-Transport,0,No,1,Non-Junction,1,Not an Intersection,0,None,,,4,On Roadside,1,Daylight,10,Cloudy,0,No Additional Atmospheric Conditions,10,Cloudy,0,No,0000000,Not Applicable,15,3:00pm-3:59pm,2,2,15,3:00pm-3:59pm,11,11,88,Not Applicable (Not Transported),88,Not Applicable (Not Transported),0,None,0,None,0,None,1,1
2018,21,210200,Kentucky,1,1,0,1,1,2,2,111,JEFFERSON (111),2090,LOUISVILLE,19,19,5,May,2018,7,Saturday,21,9:00pm-9:59pm,35,35,1,This section IS ON the NHS,1,Rural,3,Principal Arterial - Other,1,State Highway Agency,2,U.S. Highway,US-31W,,92,92,38.11565833,38.11565833,-85.560472220,-85.560472220,0,No Special Jurisdiction,8,Pedestrian,0,Not a Collision with Motor Vehicle In-Transport,0,No,1,Non-Junction,1,Not an Intersection,0,None,,,1,On Roadway,2,Dark - Not Lighted,1,Clear,0,No Additional Atmospheric Conditions,1,Clear,0,No,0000000,Not Applicable,21,9:00pm-9:59pm,35,35,21,9:00pm-9:59pm,45,45,88,Not Applicable (Not Transported),88,Not Applicable (Not Transported),0,None,0,None,0,None,1,0
2018,21,210201,Kentucky,2,1,1,0,1,1,2,227,WARREN (227),0,NOT APPLICABLE,20,20,5,May,2018,1,Sunday,11,11:00am-11:59am,0,0,1,This section IS ON the NHS,1,Rural,1,Interstate,1,State Highway Agency,1,Interstate,I-65,,196,196,36.89878611,36.89878611,-86.437941670,-86.437941670,0,No Special Jurisdiction,14,Parked Motor Vehicle,0,Not a Collision with Motor Vehicle In-Transport,0,No,1,Non-Junction,1,Not an Intersection,0,None,,,2,On Shoulder,1,Daylight,1,Clear,0,No Additional Atmospheric Conditions,1,Clear,0,No,0000000,Not Applicable,11,11:00am-11:59am,6,6,11,11:00am-11:59am,22,22,11,11:00am-11:59am,54,54,0,None,0,None,0,None,1,0
2018,21,210202,Kentucky,2,2,0,0,0,3,3,23,BRACKEN (23),0,NOT APPLICABLE,21,21,5,May,2018,2,Monday,11,11:00am-11:59am,55,55,0,This section IS NOT on the NHS,1,Rural,5,Major Collector,1,State Highway Agency,3,State Highway,SR-22,,29,29,38.66104167,38.66104167,-84.177547220,-84.177547220,0,No Special Jurisdiction,12,Motor Vehicle In-Transport,2,Front-to-Front,0,No,1,Non-Junction,1,Not an Intersection,0,None,,,1,On Roadway,1,Daylight,1,Clear,0,No Additional Atmospheric Conditions,1,Clear,0,No,0000000,Not Applicable,0,0:00am-0:59am,0,0,0,0:00am-0:59am,0,0,88,Not Applicable (Not Transported),88,Not Applicable (Not Transported),0,None,0,None,0,None,1,0
2018,21,210203,Kentucky,1,1,0,0,0,1,1,169,METCALFE (169),0,NOT APPLICABLE,21,21,5,May,2018,2,Monday,12,12:00pm-12:59pm,54,54,1,This section IS ON the NHS,1,Rural,3,Principal Arterial - Other,1,State Highway Agency,3,State Highway,SR-9008,,343,343,37.02736111,37.02736111,-85.542008330,-85.542008330,0,No Special Jurisdiction,24,Guardrail Face,0,Not a Collision with Motor Vehicle In-Transport,0,No,1,Non-Junction,1,Not an Intersection,0,None,,,4,On Roadside,1,Daylight,1,Clear,0,No Additional Atmospheric Conditions,1,Clear,0,No,0000000,Not Applicable,12,12:00pm-12:59pm,52,52,13,1:00pm-1:59pm,2,2,88,Not Applicable (Not Transported),88,Not Applicable (Not Transported),0,None,0,None,0,None,1,0
2018,21,210204,Kentucky,1,1,0,0,0,1,1,111,JEFFERSON (111),2090,LOUISVILLE,22,22,5,May,2018,3,Tuesday,3,3:00am-3:59am,15,15,1,This section IS ON the NHS,2,Urban,3,Principal Arterial - Other,1,State Highway Agency,3,State Highway,SR-1747,,31,31,38.15685278,38.15685278,-85.674069440,-85.674069440,0,No Special Jurisdiction,33,Curb,0,Not a Collision with Motor Vehicle In-Transport,0,No,1,Non-Junction,1,Not an Intersection,0,None,,,3,On Median,2,Dark - Not Lighted,10,Cloudy,0,No Additional Atmospheric Conditions,10,Cloudy,0,No,0000000,Not Applicable,99,Unknown,99,Unknown,99,Unknown EMS Scene Arrival Hour,99,Unknown EMS Scene Arrival Minutes,88,Not Applicable (Not Transported),88,Not Applicable (Not Transported),0,None,0,None,0,None,1,1
2018,21,210205,Kentucky,2,2,0,0,0,2,2,71,FLOYD (71),2670,PRESTONSBURG,23,23,5,May,2018,4,Wednesday,21,9:00pm-9:59pm,20,20,0,This section IS NOT on the NHS,1,Rural,4,Minor Arterial,1,State Highway Agency,3,State Highway,SR-3,,9,9,37.72753889,37.72753889,-82.772338890,-82.772338890,0,No Special Jurisdiction,24,Guardrail Face,0,Not a Collision with Motor Vehicle In-Transport,0,No,1,Non-Junction,1,Not an Intersection,0,None,,,4,On Roadside,2,Dark - Not Lighted,10,Cloudy,0,No Additional Atmospheric Conditions,10,Cloudy,0,No,0000000,Not Applicable,21,9:00pm-9:59pm,23,23,21,9:00pm-9:59pm,25,25,22,10:00pm-10:59pm,0,0,0,None,0,None,0,None,1,0
2018,21,210206,Kentucky,2,2,0,1,1,3,3,125,LAUREL (125),0,NOT APPLICABLE,7,7,5,May,2018,2,Monday,23,11:00pm-11:59pm,53,53,1,This section IS ON the NHS,2,Urban,3,Principal Arterial - Other,1,State Highway Agency,3,State Highway,SR-80,,95,95,37.15100000,37.15100000,-84.130944440,-84.130944440,0,No Special Jurisdiction,8,Pedestrian,0,Not a Collision with Motor Vehicle In-Transport,0,No,1,Non-Junction,1,Not an Intersection,0,None,,,1,On Roadway,2,Dark - Not Lighted,1,Clear,0,No Additional Atmospheric Conditions,1,Clear,0,No,0000000,Not Applicable,23,11:00pm-11:59pm,53,53,23,11:00pm-11:59pm,57,57,88,Not Applicable (Not Transported),88,Not Applicable (Not Transported),0,None,0,None,0,None,1,1
2018,21,210207,Kentucky,1,1,0,0,0,1,1,93,HARDIN (93),635,CECELIA,17,17,5,May,2018,5,Thursday,15,3:00pm-3:59pm,14,14,0,This section IS NOT on the NHS,1,Rural,7,Local,2,County Highway Agency,4,County Road,CR- CONSTATINE RD,,6,6,37.69432500,37.69432500,-86.144975000,-86.144975000,0,No Special Jurisdiction,1,Rollover/Overturn,0,Not a Collision with Motor Vehicle In-Transport,0,No,1,Non-Junction,1,Not an Intersection,0,None,,,4,On Roadside,1,Daylight,1,Clear,0,No Additional Atmospheric Conditions,1,Clear,0,No,0000000,Not Applicable,15,3:00pm-3:59pm,14,14,15,3:00pm-3:59pm,32,32,16,4:00pm-4:59pm,1,1,0,None,0,None,0,None,1,0
2018,21,210208,Kentucky,2,2,0,1,1,1,1,49,CLARK (49),0,NOT APPLICABLE,25,25,5,May,2018,6,Friday,5,5:00am-5:59am,34,34,1,This section IS ON the NHS,1,Rural,1,Interstate,1,State Highway Agency,1,Interstate,I-64,,937,937,38.01377222,38.01377222,-84.217511110,-84.217511110,0,No Special Jurisdiction,12,Motor Vehicle In-Transport,98,Not Reported,0,No,1,Non-Junction,1,Not an Intersection,0,None,,,1,On Roadway,2,Dark - Not Lighted,1,Clear,0,No Additional Atmospheric Conditions,1,Clear,0,No,0000000,Not Applicable,5,5:00am-5:59am,34,34,5,5:00am-5:59am,48,48,88,Not Applicable (Not Transported),88,Not Applicable (Not Transported),0,None,0,None,0,None,1,0
2018,21,210209,Kentucky,4,4,0,0,0,6,6,111,JEFFERSON (111),2090,LOUISVILLE,25,25,5,May,2018,6,Friday,15,3:00pm-3:59pm,40,40,1,This section IS ON the NHS,2,Urban,1,Interstate,1,State Highway Agency,1,Interstate,I-264,,16,16,38.25443333,38.25443333,-85.805738890,-85.805738890,0,No Special Jurisdiction,12,Motor Vehicle In-Transport,1,Front-to-Rear,0,No,1,Non-Junction,1,Not an Intersection,0,None,,,1,On Roadway,1,Daylight,1,Clear,0,No Additional Atmospheric Conditions,1,Clear,0,No,0000000,Not Applicable,15,3:00pm-3:59pm,41,41,15,3:00pm-3:59pm,57,57,16,4:00pm-4:59pm,10,10,0,None,0,None,0,None,2,0
2018,21,210210,Kentucky,2,2,0,0,0,2,2,111,JEFFERSON (111),2090,LOUISVILLE,25,25,5,May,2018,6,Friday,19,7:00pm-7:59pm,50,50,1,This section IS ON the NHS,2,Urban,3,Principal Arterial - Other,1,State Highway Agency,3,State Highway,SR-1934,SR-1931,44,44,38.14670556,38.14670556,-85.886358330,-85.886358330,0,No Special Jurisdiction,12,Motor Vehicle In-Transport,9,Rear-to-Side,0,No,3,Intersection-Related,2,Four-Way Intersection,0,None,,,1,On Roadway,1,Daylight,1,Clear,0,No Additional Atmospheric Conditions,1,Clear,0,No,0000000,Not Applicable,19,7:00pm-7:59pm,50,50,19,7:00pm-7:59pm,57,57,88,Not Applicable (Not Transported),88,Not Applicable (Not Transported),0,None,0,None,0,None,1,0
2018,21,210211,Kentucky,1,1,0,0,0,3,3,155,MARION (155),0,NOT APPLICABLE,26,26,5,May,2018,7,Saturday,0,0:00am-0:59am,1,1,0,This section IS NOT on the NHS,1,Rural,7,Local,2,County Highway Agency,4,County Road,CR- E LOVERS LN,,6,6,37.51775833,37.51775833,-85.287666670,-85.287666670,0,No Special Jurisdiction,42,Tree (Standing Only),0,Not a Collision with Motor Vehicle In-Transport,0,No,1,Non-Junction,1,Not an Intersection,0,None,,,5,Outside Trafficway,2,Dark - Not Lighted,1,Clear,0,No Additional Atmospheric Conditions,1,Clear,0,No,0000000,Not Applicable,0,0:00am-0:59am,1,1,0,0:00am-0:59am,9,9,0,0:00am-0:59am,33,33,0,None,0,None,0,None,2,1
2018,21,210212,Kentucky,2,2,0,0,0,2,2,3,ALLEN (3),2910,SCOTTSVILLE,27,27,5,May,2018,1,Sunday,21,9:00pm-9:59pm,0,0,1,This section IS ON the NHS,1,Rural,3,Principal Arterial - Other,1,State Highway Agency,2,U.S. Highway,US-31E,SR-100,74,74,36.73985000,36.73985000,-86.218772220,-86.218772220,0,No Special Jurisdiction,12,Motor Vehicle In-Transport,6,Angle,0,No,2,Intersection,2,Four-Way Intersection,0,None,,,1,On Roadway,2,Dark - Not Lighted,1,Clear,0,No Additional Atmospheric Conditions,1,Clear,0,No,0000000,Not Applicable,20,8:00pm-8:59pm,55,55,20,8:00pm-8:59pm,58,58,88,Not Applicable (Not Transported),88,Not Applicable (Not Transported),0,None,0,None,0,None,1,1
2018,21,210213,Kentucky,1,1,0,0,0,2,2,121,KNOX (121),160,BARBOURVILLE,29,29,5,May,2018,3,Tuesday,14,2:00pm-2:59pm,12,12,0,This section IS NOT on the NHS,2,Urban,6,Minor Collector,1,State Highway Agency,3,State Highway,SR-225,,123,123,36.83608889,36.83608889,-83.846952780,-83.846952780,0,No Special Jurisdiction,42,Tree (Standing Only),0,Not a Collision with Motor Vehicle In-Transport,0,No,1,Non-Junction,1,Not an Intersection,0,None,,,4,On Roadside,1,Daylight,2,Rain,0,No Additional Atmospheric Conditions,2,Rain,0,No,0000000,Not Applicable,14,2:00pm-2:59pm,16,16,14,2:00pm-2:59pm,23,23,14,2:00pm-2:59pm,50,50,0,None,0,None,0,None,1,0