caseyear,state,st_case,statename,ve_total,ve_forms,pvh_invl,peds,pernotmvit,permvit,persons,county,countyname,city,cityname,day,dayname,month,monthname,year,day_week,day_weekname,hour,hourname,minute,minutename,nhs,nhsname,rur_urb,rur_urbname,func_sys,func_sysname,rd_owner,rd_ownername,route,routename,tway_id,tway_id2,milept,mileptname,latitude,latitudename,longitud,longitudname,sp_jur,sp_jurname,harm_ev,harm_evname,man_coll,man_collname,reljct1,reljct1name,reljct2,reljct2name,typ_int,typ_intname,wrk_zone,wrk_zonename,road_fnc,road_fncname,rel_road,rel_roadname,lgt_cond,lgt_condname,weather1,weather1name,weather2,weather2name,weather,weathername,sch_bus,sch_busname,rail,railname,not_hour,not_hourname,not_min,not_minname,arr_hour,arr_hourname,arr_min,arr_minname,hosp_hr,hosp_hrname,hosp_mn,hosp_mnname,cf1,cf1name,cf2,cf2name,cf3,cf3name,fatals,drunk_dr
2018,21,210214,Kentucky,2,2,0,0,0,3,3,29,BULLITT (29),1572,HILLVIEW,17,17,5,May,2018,5,Thursday,0,0:00am-0:59am,42,42,0,This section IS NOT on the NHS,2,Urban,4,Minor Arterial,1,State Highway Agency,3,State Highway,SR-1526,1-65 RAMP,113,113,38.06282500,38.06282500,-85.700847220,-85.700847220,0,No Special Jurisdiction,12,Motor Vehicle In-Transport,6,Angle,1,Yes,2,Intersection,2,Four-Way Intersection,0,None,,,1,On Roadway,2,Dark - Not Lighted,1,Clear,0,No Additional Atmospheric Conditions,1,Clear,0,No,0000000,Not Applicable,0,0:00am-0:59am,43,43,0,0:00am-0:59am,46,46,1,1:00am-1:59am,52,52,0,None,0,None,0,None,1,1
2018,21,210215,Kentucky,1,1,0,0,0,1,1,219,TODD (219),0,NOT APPLICABLE,26,26,5,May,2018,7,Saturday,23,11:00pm-11:59pm,19,19,0,This section IS NOT on the NHS,1,Rural,7,Local,2,County Highway Agency,4,County Road,CR- MT SHARON RD,,47,47,36.91351667,36.91351667,-87.097780560,-87.097780560,0,No Special Jurisdiction,1,Rollover/Overturn,0,Not a Collision with Motor Vehicle In-Transport,0,No,1,Non-Junction,1,Not an Intersection,0,None,,,5,Outside Trafficway,2,Dark - Not Lighted,1,Clear,0,No Additional Atmospheric Conditions,1,Clear,0,No,0000000,Not Applicable,23,11:00pm-11:59pm,14,14,23,11:00pm-11:59pm,25,25,88,Not Applicable (Not Transported),88,Not Applicable (Not Transported),0,None,0,None,0,None,1,1
2018,21,210216,Kentucky,2,2,0,0,0,2,2,93,HARDIN (93),0,NOT APPLICABLE,30,30,5,May,2018,4,Wednesday,14,2:00pm-2:59pm,15,15,1,This section IS ON the NHS,1,Rural,3,Principal Arterial - Other,1,State Highway Agency,3,State Highway,SR-9001,,1214,1214,37.56013611,37.56013611,-86.070405560,-86.070405560,0,No Special Jurisdiction,12,Motor Vehicle In-Transport,6,Angle,0,No,1,Non-Junction,1,Not an Intersection,0,None,,,1,On Roadway,1,Daylight,1,Clear,0,No Additional Atmospheric Conditions,1,Clear,0,No,0000000,Not Applicable,14,2:00pm-2:59pm,20,20,14,2:00pm-2:59pm,34,34,88,Not Applicable (Not Transported),88,Not Applicable (Not Transported),0,None,0,None,0,None,1,1
2018,21,210217,Kentucky,1,1,0,0,0,2,2,111,JEFFERSON (111),3010,SHIVELY,11,11,5,May,2018,6,Friday,10,10:00am-10:59am,37,37,0,This section IS NOT on the NHS,2,Urban,4,Minor Arterial,1,State Highway Agency,3,State Highway,SR-2051,,5,5,38.17594444,38.17594444,-85.833686110,-85.833686110,0,No Special Jurisdiction,30,Utility Pole/Light Support,0,Not a Collision with Motor Vehicle In-Transport,0,No,1,Non-Junction,1,Not an Intersection,0,None,,,4,On Roadside,1,Daylight,1,Clear,0,No Additional Atmospheric Conditions,1,Clear,0,No,0000000,Not Applicable,10,10:00am-10:59am,41,41,10,10:00am-10:59am,51,51,11,11:00am-11:59am,20,20,0,None,0,None,0,None,2,0
2018,21,210218,Kentucky,1,1,0,1,1,1,1,67,FAYETTE (67),1980,LEXINGTON,31,31,5,May,2018,5,Thursday,5,5:00am-5:59am,21,21,1,This section IS ON the NHS,2,Urban,3,Principal Arterial - Other,1,State Highway Agency,3,State Highway,SR-4,RUSSELL CAVE RD,103,103,38.07087778,38.07087778,-84.477027780,-84.477027780,0,No Special Jurisdiction,8,Pedestrian,0,Not a Collision with Motor Vehicle In-Transport,0,No,3,Intersection-Related,2,Four-Way Intersection,0,None,,,1,On Roadway,3,Dark - Lighted,10,Cloudy,0,No Additional Atmospheric Conditions,10,Cloudy,0,No,0000000,Not Applicable,5,5:00am-5:59am,20,20,5,5:00am-5:59am,23,23,5,5:00am-5:59am,38,38,0,None,0,None,0,None,1,0
2018,21,210219,Kentucky,1,1,0,0,0,1,1,31,BUTLER (31),0,NOT APPLICABLE,26,26,5,May,2018,7,Saturday,15,3:00pm-3:59pm,19,19,0,This section IS NOT on the NHS,1,Rural,6,Minor Collector,1,State Highway Agency,3,State Highway,SR-949,,6,6,37.12971667,37.12971667,-86.893977780,-86.893977780,0,No Special Jurisdiction,32,Culvert,0,Not a Collision with Motor Vehicle In-Transport,0,No,1,Non-Junction,1,Not an Intersection,0,None,,,4,On Roadside,1,Daylight,1,Clear,0,No Additional Atmospheric Conditions,1,Clear,0,No,0000000,Not Applicable,15,3:00pm-3:59pm,19,19,15,3:00pm-3:59pm,30,30,16,4:00pm-4:59pm,29,29,6,"Inadequate Construction or Poor Design of Roadway,Bridge, etc.",0,None,0,None,1,0
2018,21,210220,Kentucky,2,2,0,0,0,2,2,95,HARLAN (95),1943,LEJUNIOR,27,27,5,May,2018,1,Sunday,20,8:00pm-8:59pm,8,8,0,This section IS NOT on the NHS,1,Rural,7,Local,2,County Highway Agency,4,County Road,CR-RISLEY RD,,2,2,36.89436944,36.89436944,-83.142961110,-83.142961110,0,No Special Jurisdiction,12,Motor Vehicle In-Transport,1,Front-to-Rear,0,No,1,Non-Junction,1,Not an Intersection,0,None,,,1,On Roadway,2,Dark - Not Lighted,2,Rain,0,No Additional Atmospheric Conditions,2,Rain,0,No,0000000,Not Applicable,20,8:00pm-8:59pm,21,21,20,8:00pm-8:59pm,57,57,21,9:00pm-9:59pm,35,35,0,None,0,None,0,None,1,0
2018,21,210221,Kentucky,2,2,0,0,0,2,2,85,GRAYSON (85),680,CLARKSON,9,9,1,January,2018,3,Tuesday,6,6:00am-6:59am,40,40,0,This section IS NOT on the NHS,1,Rural,5,Major Collector,1,State Highway Agency,2,U.S. Highway,US-62,,249,249,37.49576111,37.49576111,-86.230100000,-86.230100000,0,No Special Jurisdiction,12,Motor Vehicle In-Transport,1,Front-to-Rear,0,No,1,Non-Junction,1,Not an Intersection,0,None,,,1,On Roadway,4,Dawn,5,"Fog, Smog, Smoke",2,Rain,2,Rain,0,No,0000000,Not Applicable,99,Unknown,99,Unknown,99,Unknown EMS Scene Arrival Hour,99,Unknown EMS Scene Arrival Minutes,99,Unknown,99,Unknown EMS Hospital Arrival Time,0,None,0,None,0,None,1,0
2018,21,210222,Kentucky,1,1,0,0,0,1,1,93,HARDIN (93),0,NOT APPLICABLE,3,3,4,April,2018,3,Tuesday,0,0:00am-0:59am,5,5,1,This section IS ON the NHS,1,Rural,3,Principal Arterial - Other,1,State Highway Agency,3,State Highway,SR-9001,,1243,1243,37.57683333,37.57683333,-86.021666670,-86.021666670,0,No Special Jurisdiction,1,Rollover/Overturn,0,Not a Collision with Motor Vehicle In-Transport,0,No,1,Non-Junction,1,Not an Intersection,0,None,,,1,On Roadway,2,Dark - Not Lighted,1,Clear,0,No Additional Atmospheric Conditions,1,Clear,0,No,0000000,Not Applicable,0,0:00am-0:59am,3,3,0,0:00am-0:59am,19,19,0,0:00am-0:59am,39,39,0,None,0,None,0,None,1,1
2018,21,210223,Kentucky,4,2,2,0,0,4,4,133,LETCHER (133),2576,PAYNE GAP,5,5,5,May,2018,7,Saturday,15,3:00pm-3:59pm,57,57,1,This section IS ON the NHS,1,Rural,3,Principal Arterial - Other,1,State Highway Agency,2,U.S. Highway,US-119,,264,264,37.15251944,37.15251944,-82.670688890,-82.670688890,0,No Special Jurisdiction,12,Motor Vehicle In-Transport,6,Angle,0,No,1,Non-Junction,1,Not an Intersection,0,None,,,1,On Roadway,1,Daylight,2,Rain,0,No Additional Atmospheric Conditions,2,Rain,0,No,0000000,Not Applicable,16,4:00pm-4:59pm,30,30,16,4:00pm-4:59pm,35,35,16,4:00pm-4:59pm,45,45,14,"Motor Vehicle struck by falling cargo,or something that came loose from or something that was set in motion by a vehicle",0,None,0,None,2,1
2018,21,210224,Kentucky,2,2,0,0,0,4,4,141,LOGAN (141),2820,RUSSELLVILLE,26,26,5,May,2018,7,Saturday,13,1:00pm-1:59pm,31,31,0,This section IS NOT on the NHS,1,Rural,3,Principal Arterial - Other,1,State Highway Agency,2,U.S. Highway,US-68,STEVEN MILL RD,132,132,36.85510833,36.85510833,-86.863058330,-86.863058330,0,No Special Jurisdiction,12,Motor Vehicle In-Transport,6,Angle,0,No,2,Intersection,2,Four-Way Intersection,0,None,,,1,On Roadway,1,Daylight,1,Clear,0,No Additional Atmospheric Conditions,1,Clear,0,No,0000000,Not Applicable,13,1:00pm-1:59pm,31,31,13,1:00pm-1:59pm,43,43,15,3:00pm-3:59pm,13,13,0,None,0,None,0,None,1,1
2018,21,210225,Kentucky,1,1,0,0,0,4,4,59,DAVIESS (59),2490,OWENSBORO,27,27,5,May,2018,1,Sunday,3,3:00am-3:59am,31,31,1,This section IS ON the NHS,1,Rural,1,Interstate,1,State Highway Agency,2,U.S. Highway,US-60,,177,177,37.74370278,37.74370278,-87.071702780,-87.071702780,0,No Special Jurisdiction,24,Guardrail Face,0,Not a Collision with Motor Vehicle In-Transport,0,No,1,Non-Junction,1,Not an Intersection,0,None,,,4,On Roadside,6,Dark - Unknown Lighting,1,Clear,0,No Additional Atmospheric Conditions,1,Clear,0,No,0000000,Not Applicable,3,3:00am-3:59am,34,34,3,3:00am-3:59am,37,37,3,3:00am-3:59am,57,57,0,None,0,None,0,None,1,1
2018,21,210226,Kentucky,1,1,0,0,0,2,2,235,WHITLEY (235),0,NOT APPLICABLE,6,6,5,May,2018,1,Sunday,3,3:00am-3:59am,7,7,0,This section IS NOT on the NHS,1,Rural,7,Local,2,County Highway Agency,4,County Road,CR-LEVI LAY RD,,4,4,36.74903056,36.74903056,-84.242950000,-84.242950000,0,No Special Jurisdiction,42,Tree (Standing Only),0,Not a Collision with Motor Vehicle In-Transport,0,No,1,Non-Junction,1,Not an Intersection,0,None,,,4,On Roadside,2,Dark - Not Lighted,10,Cloudy,0,No Additional Atmospheric Conditions,10,Cloudy,0,No,0000000,Not Applicable,3,3:00am-3:59am,9,9,3,3:00am-3:59am,30,30,5,5:00am-5:59am,28,28,0,None,0,None,0,None,1,1
2018,21,210227,Kentucky,1,1,0,0,0,2,2,121,KNOX (121),0,NOT APPLICABLE,11,11,3,March,2018,1,Sunday,0,0:00am-0:59am,18,18,0,This section IS NOT on the NHS,1,Rural,6,Minor Collector,1,State Highway Agency,3,State Highway,SR-223,,9,9,36.85641944,36.85641944,-83.776027780,-83.776027780,0,No Special Jurisdiction,24,Guardrail Face,0,Not a Collision with Motor Vehicle In-Transport,0,No,1,Non-Junction,1,Not an Intersection,0,None,,,4,On Roadside,2,Dark - Not Lighted,1,Clear,0,No Additional Atmospheric Conditions,1,Clear,0,No,0000000,Not Applicable,0,0:00am-0:59am,20,20,0,0:00am-0:59am,36,36,1,1:00am-1:59am,4,4,0,None,0,None,0,None,1,0
2018,21,210228,Kentucky,1,1,0,0,0,1,1,125,LAUREL (125),0,NOT APPLICABLE,8,8,5,May,2018,3,Tuesday,20,8:00pm-8:59pm,8,8,0,This section IS NOT on the NHS,1,Rural,6,Minor Collector,1,State Highway Agency,3,State Highway,SR-3431,,14,14,36.98308611,36.98308611,-84.090822220,-84.090822220,0,No Special Jurisdiction,38,Fence,0,Not a Collision with Motor Vehicle In-Transport,0,No,1,Non-Junction,1,Not an Intersection,0,None,,,5,Outside Trafficway,5,Dusk,1,Clear,0,No Additional Atmospheric Conditions,1,Clear,0,No,0000000,Not Applicable,20,8:00pm-8:59pm,8,8,20,8:00pm-8:59pm,15,15,21,9:00pm-9:59pm,15,15,0,None,0,None,0,None,1,0
2018,21,210229,Kentucky,1,1,0,0,0,1,1,171,MONROE (171),0,NOT APPLICABLE,18,18,5,May,2018,6,Friday,15,3:00pm-3:59pm,5,5,0,This section IS NOT on the NHS,1,Rural,5,Major Collector,1,State Highway Agency,3,State Highway,SR-1366,,51,51,36.71288889,36.71288889,-85.775700000,-85.775700000,0,No Special Jurisdiction,35,Embankment,0,Not a Collision with Motor Vehicle In-Transport,0,No,1,Non-Junction,1,Not an Intersection,0,None,,,4,On Roadside,9,Reported as Unknown,2,Rain,0,No Additional Atmospheric Conditions,2,Rain,0,No,0000000,Not Applicable,15,3:00pm-3:59pm,7,7,15,3:00pm-3:59pm,18,18,88,Not Applicable (Not Transported),88,Not Applicable (Not Transported),0,None,0,None,0,None,1,0
2018,21,210230,Kentucky,1,1,0,0,0,3,3,181,NICHOLAS (181),560,CARLISLE,20,20,5,May,2018,1,Sunday,17,5:00pm-5:59pm,51,51,0,This section IS NOT on the NHS,1,Rural,5,Major Collector,1,State Highway Agency,3,State Highway,SR-32,,87,87,38.31260833,38.31260833,-84.029975000,-84.029975000,0,No Special Jurisdiction,30,Utility Pole/Light Support,0,Not a Collision with Motor Vehicle In-Transport,0,No,1,Non-Junction,1,Not an Intersection,0,None,,,4,On Roadside,1,Daylight,1,Clear,0,No Additional Atmospheric Conditions,1,Clear,0,No,0000000,Not Applicable,17,5:00pm-5:59pm,51,51,17,5:00pm-5:59pm,53,53,18,6:00pm-6:59pm,21,21,0,None,0,None,0,None,1,0
2018,21,210231,Kentucky,2,2,0,0,0,2,2,195,PIKE (195),2640,PIKEVILLE,1,1,6,June,2018,6,Friday,10,10:00am-10:59am,5,5,1,This section IS ON the NHS,1,Rural,3,Principal Arterial - Other,1,State Highway Agency,2,U.S. Highway,US-119,TOWN MT RD,99999,Unknown,37.51413333,37.51413333,-82.487575000,-82.487575000,0,No Special Jurisdiction,12,Motor Vehicle In-Transport,8,Sideswipe - Opposite Direction,0,No,2,Intersection,2,Four-Way Intersection,0,None,,,1,On Roadway,1,Daylight,1,Clear,0,No Additional Atmospheric Conditions,1,Clear,0,No,0000000,Not Applicable,10,10:00am-10:59am,7,7,10,10:00am-10:59am,12,12,10,10:00am-10:59am,35,35,0,None,0,None,0,None,1,1
2018,21,210232,Kentucky,2,2,0,0,0,5,5,67,FAYETTE (67),1980,LEXINGTON,2,2,6,June,2018,7,Saturday,22,10:00pm-10:59pm,56,56,1,This section IS ON the NHS,2,Urban,3,Principal Arterial - Other,1,State Highway Agency,2,U.S. Highway,US-25,,84,84,37.98689722,37.98689722,-84.429522220,-84.429522220,0,No Special Jurisdiction,12,Motor Vehicle In-Transport,6,Angle,0,No,1,Non-Junction,1,Not an Intersection,0,None,,,1,On Roadway,2,Dark - Not Lighted,1,Clear,0,No Additional Atmospheric Conditions,1,Clear,0,No,0000000,Not Applicable,22,10:00pm-10:59pm,56,56,23,11:00pm-11:59pm,12,12,23,11:00pm-11:59pm,27,27,0,None,0,None,0,None,1,0
2018,21,210233,Kentucky,1,1,0,0,0,1,1,149,MCLEAN (149),1710,ISLAND,2,2,6,June,2018,7,Saturday,3,3:00am-3:59am,31,31,0,This section IS NOT on the NHS,1,Rural,7,Local,3,Town or Township Highway Agency,5,Local Street - Township,W MAIN STREET,,2,2,37.44679444,37.44679444,-87.148088890,-87.148088890,0,No Special Jurisdiction,32,Culvert,0,Not a Collision with Motor Vehicle In-Transport,0,No,1,Non-Junction,1,Not an Intersection,0,None,,,4,On Roadside,2,Dark - Not Lighted,1,Clear,0,No Additional Atmospheric Conditions,1,Clear,0,No,0000000,Not Applicable,3,3:00am-3:59am,36,36,3,3:00am-3:59am,48,48,88,Not Applicable (Not Transported),88,Not Applicable (Not Transported),0,None,0,None,0,None,1,0
2018,21,210234,Kentucky,2,2,0,0,0,3,3,227,WARREN (227),0,NOT APPLICABLE,4,4,6,June,2018,2,Monday,13,1:00pm-1:59pm,9,9,1,This section IS ON the NHS,1,Rural,3,Principal Arterial - Other,1,State Highway Agency,2,U.S. Highway,US-68,PETROS RD,3,3,36.89238889,36.89238889,-86.610975000,-86.610975000,0,No Special Jurisdiction,12,Motor Vehicle In-Transport,1,Front-to-Rear,0,No,2,Intersection,3,T-Intersection,0,None,,,1,On Roadway,1,Daylight,1,Clear,0,No Additional Atmospheric Conditions,1,Clear,0,No,0000000,Not Applicable,13,1:00pm-1:59pm,9,9,13,1:00pm-1:59pm,22,22,13,1:00pm-1:59pm,50,50,0,None,0,None,0,None,1,0
2018,21,210235,Kentucky,1,1,0,0,0,1,1,117,KENTON (117),813,CRESCENT SPRINGS,1,1,6,June,2018,6,Friday,18,6:00pm-6:59pm,15,15,0,This section IS NOT on the NHS,1,Rural,7,Local,2,County Highway Agency,4,County Road,CR-BROMLEY CRESCENT RD,,5,5,39.06238056,39.06238056,-84.563636110,-84.563636110,0,No Special Jurisdiction,58,Ground,0,Not a Collision with Motor Vehicle In-Transport,0,No,1,Non-Junction,1,Not an Intersection,0,None,,,5,Outside Trafficway,1,Daylight,1,Clear,0,No Additional Atmospheric Conditions,1,Clear,0,No,0000000,Not Applicable,18,6:00pm-6:59pm,20,20,18,6:00pm-6:59pm,24,24,88,Not Applicable (Not Transported),88,Not Applicable (Not Transported),0,None,0,None,0,None,1,1
2018,21,210236,Kentucky,1,1,0,0,0,1,1,219,TODD (219),0,NOT APPLICABLE,2,2,6,June,2018,7,Saturday,15,3:00pm-3:59pm,54,54,0,This section IS NOT on the NHS,1,Rural,6,Minor Collector,1,State Highway Agency,3,State Highway,SR-294,,14,14,36.64796111,36.64796111,-87.227011110,-87.227011110,0,No Special Jurisdiction,35,Embankment,0,Not a Collision with Motor Vehicle In-Transport,0,No,1,Non-Junction,1,Not an Intersection,0,None,,,4,On Roadside,1,Daylight,1,Clear,0,No Additional Atmospheric Conditions,1,Clear,0,No,0000000,Not Applicable,15,3:00pm-3:59pm,50,50,16,4:00pm-4:59pm,8,8,88,Not Applicable (Not Transported),88,Not Applicable (Not Transported),18,Date of Crash and Date of EMS Notification were not the same day,0,None,0,None,1,0
2018,21,210237,Kentucky,2,2,0,0,0,2,2,77,GALLATIN (77),0,NOT APPLICABLE,7,7,6,June,2018,5,Thursday,0,0:00am-0:59am,49,49,0,This section IS NOT on the NHS,1,Rural,5,Major Collector,1,State Highway Agency,3,State Highway,SR-1039,,55,55,38.75843333,38.75843333,-84.963625000,-84.963625000,0,No Special Jurisdiction,12,Motor Vehicle In-Transport,2,Front-to-Front,0,No,1,Non-Junction,1,Not an Intersection,0,None,,,1,On Roadway,2,Dark - Not Lighted,1,Clear,0,No Additional Atmospheric Conditions,1,Clear,0,No,0000000,Not Applicable,0,0:00am-0:59am,50,50,1,1:00am-1:59am,11,11,1,1:00am-1:59am,57,57,0,None,0,None,0,None,1,2
2018,21,210238,Kentucky,2,2,0,0,0,2,2,111,JEFFERSON (111),2090,LOUISVILLE,8,8,6,June,2018,6,Friday,8,8:00am-8:59am,51,51,1,This section IS ON the NHS,2,Urban,1,Interstate,1,State Highway Agency,1,Interstate,I-265,,233,233,38.19270278,38.19270278,-85.508644440,-85.508644440,0,No Special Jurisdiction,25,Concrete Traffic Barrier,0,Not a Collision with Motor Vehicle In-Transport,1,Yes,5,Entrance/Exit Ramp Related,1,Not an Intersection,0,None,,,8,Gore,1,Daylight,1,Clear,0,No Additional Atmospheric Conditions,1,Clear,0,No,0000000,Not Applicable,8,8:00am-8:59am,59,59,9,9:00am-9:59am,16,16,9,9:00am-9:59am,25,25,0,None,0,None,0,None,1,0
2018,21,210239,Kentucky,2,2,0,0,0,2,2,19,BOYD (19),0,NOT APPLICABLE,8,8,6,June,2018,6,Friday,17,5:00pm-5:59pm,33,33,0,This section IS NOT on the NHS,2,Urban,5,Major Collector,1,State Highway Agency,3,State Highway,SR-5,CR-SMALL BLVD,67,67,38.44702500,38.44702500,-82.712180560,-82.712180560,0,No Special Jurisdiction,12,Motor Vehicle In-Transport,6,Angle,0,No,2,Intersection,3,T-Intersection,0,None,,,1,On Roadway,1,Daylight,1,Clear,0,No Additional Atmospheric Conditions,1,Clear,0,No,0000000,Not Applicable,17,5:00pm-5:59pm,37,37,17,5:00pm-5:59pm,41,41,19,7:00pm-7:59pm,15,15,0,None,0,None,0,None,1,0
2018,21,210240,Kentucky,3,3,0,0,0,5,5,211,SHELBY (211),0,NOT APPLICABLE,9,9,6,June,2018,7,Saturday,19,7:00pm-7:59pm,18,18,0,This section IS NOT on the NHS,1,Rural,4,Minor Arterial,1,State Highway Agency,3,State Highway,SR-55,,99,99,38.23843611,38.23843611,-85.243008330,-85.243008330,0,No Special Jurisdiction,12,Motor Vehicle In-Transport,8,Sideswipe - Opposite Direction,0,No,1,Non-Junction,1,Not an Intersection,0,None,,,1,On Roadway,1,Daylight,1,Clear,0,No Additional Atmospheric Conditions,1,Clear,0,No,0000000,Not Applicable,19,7:00pm-7:59pm,22,22,19,7:00pm-7:59pm,28,28,19,7:00pm-7:59pm,57,57,0,None,0,None,0,None,2,0
2018,21,210241,Kentucky,1,1,0,0,0,1,1,83,GRAVES (83),0,NOT APPLICABLE,10,10,6,June,2018,1,Sunday,12,12:00pm-12:59pm,53,53,0,This section IS NOT on the NHS,1,Rural,5,Major Collector,1,State Highway Agency,3,State Highway,SR-97,,85,85,36.61187500,36.61187500,-88.546822220,-88.546822220,0,No Special Jurisdiction,35,Embankment,0,Not a Collision with Motor Vehicle In-Transport,0,No,1,Non-Junction,1,Not an Intersection,0,None,,,4,On Roadside,1,Daylight,1,Clear,0,No Additional Atmospheric Conditions,1,Clear,0,No,0000000,Not Applicable,12,12:00pm-12:59pm,55,55,13,1:00pm-1:59pm,10,10,88,Not Applicable (Not Transported),88,Not Applicable (Not Transported),0,None,0,None,0,None,1,0
2018,21,210242,Kentucky,1,1,0,0,0,1,1,199,PULASKI (199),0,NOT APPLICABLE,10,10,6,June,2018,1,Sunday,23,11:00pm-11:59pm,52,52,0,This section IS NOT on the NHS,2,Urban,4,Minor Arterial,1,State Highway Agency,3,State Highway,SR-39,,100,100,37.22678333,37.22678333,-84.533783330,-84.533783330,0,No Special Jurisdiction,35,Embankment,0,Not a Collision with Motor Vehicle In-Transport,0,No,1,Non-Junction,1,Not an Intersection,0,None,,,4,On Roadside,2,Dark - Not Lighted,1,Clear,0,No Additional Atmospheric Conditions,1,Clear,0,No,0000000,Not Applicable,23,11:00pm-11:59pm,54,54,0,0:00am-0:59am,13,13,88,Not Applicable (Not Transported),88,Not Applicable (Not Transported),0,None,0,None,0,None,1,0
2018,21,210243,Kentucky,2,2,0,0,0,3,3,93,HARDIN (93),2724,RADCLIFF,1,1,6,June,2018,6,Friday,11,11:00am-11:59am,40,40,0,This section IS NOT on the NHS,1,Rural,3,Principal Arterial - Other,1,State Highway Agency,2,U.S. Highway,US-31W,,270,270,37.83878611,37.83878611,-85.937036110,-85.937036110,0,No Special Jurisdiction,12,Motor Vehicle In-Transport,6,Angle,0,No,8,Driveway Access Related,1,Not an Intersection,0,None,,,1,On Roadway,1,Daylight,10,Cloudy,0,No Additional Atmospheric Conditions,10,Cloudy,0,No,0000000,Not Applicable,11,11:00am-11:59am,44,44,11,11:00am-11:59am,49,49,12,12:00pm-12:59pm,17,17,0,None,0,None,0,None,1,0
2018,21,210244,Kentucky,1,1,0,0,0,1,1,41,CARROLL (41),0,NOT APPLICABLE,7,7,6,June,2018,5,Thursday,13,1:00pm-1:59pm,21,21,0,This section IS NOT on the NHS,1,Rural,7,Local,2,County Highway Agency,4,County Road,CR-STEPHANOUS RD,,4,4,38.63225556,38.63225556,-84.995088890,-84.995088890,0,No Special Jurisdiction,10,Railway Vehicle,0,Not a Collision with Motor Vehicle In-Transport,0,No,6,Railway Grade Crossing,1,Not an Intersection,0,None,,,1,On Roadway,1,Daylight,1,Clear,0,No Additional Atmospheric Conditions,1,Clear,0,No,345659W,345659W,13,1:00pm-1:59pm,23,23,13,1:00pm-1:59pm,29,29,14,2:00pm-2:59pm,28,28,0,None,0,None,0,None,1,0
2018,21,210245,Kentucky,1,1,0,0,0,1,1,179,NELSON (179),0,NOT APPLICABLE,9,9,6,June,2018,7,Saturday,12,12:00pm-12:59pm,32,32,1,This section IS ON the NHS,1,Rural,3,Principal Arterial - Other,1,State Highway Agency,3,State Highway,SR-9002,,179,179,37.78044444,37.78044444,-85.533005560,-85.533005560,0,No Special Jurisdiction,34,Ditch,0,Not a Collision with Motor Vehicle In-Transport,0,No,1,Non-Junction,1,Not an Intersection,0,None,,,4,On Roadside,1,Daylight,1,Clear,0,No Additional Atmospheric Conditions,1,Clear,0,No,0000000,Not Applicable,12,12:00pm-12:59pm,32,32,12,12:00pm-12:59pm,49,49,88,Not Applicable (Not Transported),88,Not Applicable (Not Transported),0,None,0,None,0,None,1,0
2018,21,210246,Kentucky,1,1,0,0,0,1,1,157,MARSHALL (157),0,NOT APPLICABLE,7,7,6,June,2018,5,Thursday,12,12:00pm-12:59pm,6,6,0,This section IS NOT on the NHS,1,Rural,3,Principal Arterial - Other,1,State Highway Agency,2,U.S. Highway,US-68,,207,207,36.82990833,36.82990833,-88.200411110,-88.200411110,0,No Special Jurisdiction,59,Traffic Sign Support,0,Not a Collision with Motor Vehicle In-Transport,0,No,1,Non-Junction,1,Not an Intersection,0,None,,,4,On Roadside,1,Daylight,1,Clear,0,No Additional Atmospheric Conditions,1,Clear,0,No,0000000,Not Applicable,12,12:00pm-12:59pm,6,6,12,12:00pm-12:59pm,21,21,88,Not Applicable (Not Transported),88,Not Applicable (Not Transported),0,None,0,None,0,None,1,1
2018,21,210247,Kentucky,1,1,0,1,1,1,1,29,BULLITT (29),2990,SHEPHERDSVILLE,8,8,6,June,2018,6,Friday,14,2:00pm-2:59pm,0,0,0,This section IS NOT on the NHS,2,Urban,4,Minor Arterial,1,State Highway Agency,3,State Highway,SR-61,E-1ST ST,141,141,37.98588056,37.98588056,-85.717088890,-85.717088890,0,No Special Jurisdiction,9,Pedalcyclist,0,Not a Collision with Motor Vehicle In-Transport,0,No,2,Intersection,2,Four-Way Intersection,0,None,,,1,On Roadway,1,Daylight,1,Clear,0,No Additional Atmospheric Conditions,1,Clear,0,No,0000000,Not Applicable,14,2:00pm-2:59pm,3,3,14,2:00pm-2:59pm,10,10,0,0:00am-0:59am,0,0,0,None,0,None,0,None,1,0
2018,21,210248,Kentucky,3,3,0,0,0,4,4,29,BULLITT (29),0,NOT APPLICABLE,8,8,6,June,2018,6,Friday,14,2:00pm-2:59pm,47,47,0,This section IS NOT on the NHS,2,Urban,4,Minor Arterial,1,State Highway Agency,3,State Highway,SR-44,,97,97,37.99905833,37.99905833,-85.757577780,-85.757577780,0,No Special Jurisdiction,12,Motor Vehicle In-Transport,8,Sideswipe - Opposite Direction,0,No,1,Non-Junction,1,Not an Intersection,0,None,,,1,On Roadway,1,Daylight,1,Clear,0,No Additional Atmospheric Conditions,1,Clear,0,No,0000000,Not Applicable,14,2:00pm-2:59pm,52,52,15,3:00pm-3:59pm,17,17,88,Not Applicable (Not Transported),88,Not Applicable (Not Transported),0,None,0,None,0,None,1,0