caseyear,state,st_case,statename,ve_total,ve_forms,pvh_invl,peds,pernotmvit,permvit,persons,county,countyname,city,cityname,day,dayname,month,monthname,year,day_week,day_weekname,hour,hourname,minute,minutename,nhs,nhsname,rur_urb,rur_urbname,func_sys,func_sysname,rd_owner,rd_ownername,route,routename,tway_id,tway_id2,milept,mileptname,latitude,latitudename,longitud,longitudname,sp_jur,sp_jurname,harm_ev,harm_evname,man_coll,man_collname,reljct1,reljct1name,reljct2,reljct2name,typ_int,typ_intname,wrk_zone,wrk_zonename,road_fnc,road_fncname,rel_road,rel_roadname,lgt_cond,lgt_condname,weather1,weather1name,weather2,weather2name,weather,weathername,sch_bus,sch_busname,rail,railname,not_hour,not_hourname,not_min,not_minname,arr_hour,arr_hourname,arr_min,arr_minname,hosp_hr,hosp_hrname,hosp_mn,hosp_mnname,cf1,cf1name,cf2,cf2name,cf3,cf3name,fatals,drunk_dr
2018,21,210284,Kentucky,1,1,0,0,0,2,2,209,SCOTT (209),0,NOT APPLICABLE,27,27,6,June,2018,4,Wednesday,12,12:00pm-12:59pm,28,28,0,This section IS NOT on the NHS,1,Rural,6,Minor Collector,1,State Highway Agency,3,State Highway,SR-922,,19,19,38.20262222,38.20262222,-84.482180560,-84.482180560,0,No Special Jurisdiction,34,Ditch,0,Not a Collision with Motor Vehicle In-Transport,0,No,1,Non-Junction,1,Not an Intersection,0,None,,,4,On Roadside,1,Daylight,10,Cloudy,0,No Additional Atmospheric Conditions,10,Cloudy,0,No,0000000,Not Applicable,12,12:00pm-12:59pm,28,28,12,12:00pm-12:59pm,37,37,13,1:00pm-1:59pm,9,9,0,None,0,None,0,None,1,1
2018,21,210285,Kentucky,5,5,0,1,1,12,12,111,JEFFERSON (111),3010,SHIVELY,4,4,5,May,2018,6,Friday,10,10:00am-10:59am,17,17,0,This section IS NOT on the NHS,2,Urban,4,Minor Arterial,1,State Highway Agency,3,State Highway,SR-1931,,97,97,38.21118889,38.21118889,-85.785897220,-85.785897220,0,No Special Jurisdiction,12,Motor Vehicle In-Transport,6,Angle,0,No,1,Non-Junction,1,Not an Intersection,0,None,,,1,On Roadway,1,Daylight,1,Clear,0,No Additional Atmospheric Conditions,1,Clear,0,No,0000000,Not Applicable,10,10:00am-10:59am,20,20,10,10:00am-10:59am,29,29,11,11:00am-11:59am,0,0,0,None,0,None,0,None,1,0
2018,21,210286,Kentucky,1,1,0,1,1,1,1,85,GRAYSON (85),0,NOT APPLICABLE,30,30,5,May,2018,4,Wednesday,21,9:00pm-9:59pm,22,22,0,This section IS NOT on the NHS,1,Rural,5,Major Collector,1,State Highway Agency,3,State Highway,SR-187,,92,92,37.44580833,37.44580833,-86.341650000,-86.341650000,0,No Special Jurisdiction,8,Pedestrian,0,Not a Collision with Motor Vehicle In-Transport,0,No,1,Non-Junction,1,Not an Intersection,0,None,,,1,On Roadway,2,Dark - Not Lighted,1,Clear,0,No Additional Atmospheric Conditions,1,Clear,0,No,0000000,Not Applicable,21,9:00pm-9:59pm,23,23,21,9:00pm-9:59pm,29,29,88,Not Applicable (Not Transported),88,Not Applicable (Not Transported),0,None,0,None,0,None,1,0
2018,21,210287,Kentucky,1,1,0,0,0,3,3,71,FLOYD (71),0,NOT APPLICABLE,20,20,5,May,2018,1,Sunday,6,6:00am-6:59am,36,36,0,This section IS NOT on the NHS,1,Rural,7,Local,2,County Highway Agency,4,County Road,CR-BOSCO RD,,1,1,37.49882778,37.49882778,-82.843747220,-82.843747220,0,No Special Jurisdiction,5,Fell/Jumped from Vehicle,0,Not a Collision with Motor Vehicle In-Transport,0,No,1,Non-Junction,1,Not an Intersection,0,None,,,1,On Roadway,4,Dawn,5,"Fog, Smog, Smoke",0,No Additional Atmospheric Conditions,5,"Fog, Smog, Smoke",0,No,0000000,Not Applicable,6,6:00am-6:59am,43,43,7,7:00am-7:59am,7,7,7,7:00am-7:59am,7,7,0,None,0,None,0,None,1,0
2018,21,210288,Kentucky,1,1,0,4,4,1,1,141,LOGAN (141),0,NOT APPLICABLE,17,17,6,June,2018,1,Sunday,7,7:00am-7:59am,24,24,1,This section IS ON the NHS,1,Rural,3,Principal Arterial - Other,1,State Highway Agency,2,U.S. Highway,US-68,,50,50,36.83196389,36.83196389,-86.974111110,-86.974111110,0,No Special Jurisdiction,9,Pedalcyclist,0,Not a Collision with Motor Vehicle In-Transport,0,No,1,Non-Junction,1,Not an Intersection,0,None,,,2,On Shoulder,1,Daylight,1,Clear,0,No Additional Atmospheric Conditions,1,Clear,0,No,0000000,Not Applicable,7,7:00am-7:59am,25,25,7,7:00am-7:59am,30,30,7,7:00am-7:59am,58,58,0,None,0,None,0,None,1,0
2018,21,210289,Kentucky,1,1,0,0,0,1,1,207,RUSSELL (207),0,NOT APPLICABLE,17,17,6,June,2018,1,Sunday,20,8:00pm-8:59pm,52,52,1,This section IS ON the NHS,1,Rural,2,Principal Arterial - Other Freeways and Expressways,1,State Highway Agency,3,State Highway,SR-9008,,606,606,37.04484722,37.04484722,-85.101677780,-85.101677780,0,No Special Jurisdiction,24,Guardrail Face,0,Not a Collision with Motor Vehicle In-Transport,0,No,1,Non-Junction,1,Not an Intersection,0,None,,,4,On Roadside,6,Dark - Unknown Lighting,1,Clear,0,No Additional Atmospheric Conditions,1,Clear,0,No,0000000,Not Applicable,20,8:00pm-8:59pm,53,53,21,9:00pm-9:59pm,0,0,88,Not Applicable (Not Transported),88,Not Applicable (Not Transported),0,None,0,None,0,None,1,0
2018,21,210290,Kentucky,2,2,0,0,0,3,3,151,MADISON (151),2750,RICHMOND,1,1,7,July,2018,1,Sunday,2,2:00am-2:59am,2,2,0,This section IS NOT on the NHS,2,Urban,7,Local,4,City or Municipal Highway Agency,6,Local Street - Municipality,FOUR MILE RD,TY LN,0,None,37.75365833,37.75365833,-84.278563890,-84.278563890,0,No Special Jurisdiction,12,Motor Vehicle In-Transport,6,Angle,0,No,2,Intersection,2,Four-Way Intersection,0,None,,,1,On Roadway,3,Dark - Lighted,1,Clear,0,No Additional Atmospheric Conditions,1,Clear,0,No,0000000,Not Applicable,2,2:00am-2:59am,3,3,2,2:00am-2:59am,11,11,2,2:00am-2:59am,58,58,0,None,0,None,0,None,1,1
2018,21,210291,Kentucky,1,1,0,0,0,4,4,203,ROCKCASTLE (203),0,NOT APPLICABLE,1,1,7,July,2018,1,Sunday,6,6:00am-6:59am,42,42,1,This section IS ON the NHS,1,Rural,1,Interstate,1,State Highway Agency,1,Interstate,I-75,,608,608,37.36815556,37.36815556,-84.314511110,-84.314511110,0,No Special Jurisdiction,32,Culvert,0,Not a Collision with Motor Vehicle In-Transport,0,No,1,Non-Junction,1,Not an Intersection,0,None,,,4,On Roadside,1,Daylight,1,Clear,0,No Additional Atmospheric Conditions,1,Clear,0,No,0000000,Not Applicable,6,6:00am-6:59am,44,44,6,6:00am-6:59am,55,55,8,8:00am-8:59am,16,16,0,None,0,None,0,None,1,0
2018,21,210292,Kentucky,1,1,0,0,0,1,1,95,HARLAN (95),0,NOT APPLICABLE,3,3,7,July,2018,3,Tuesday,17,5:00pm-5:59pm,59,59,0,This section IS NOT on the NHS,1,Rural,5,Major Collector,1,State Highway Agency,3,State Highway,SR-38,,293,293,36.87465556,36.87465556,-82.913850000,-82.913850000,0,No Special Jurisdiction,24,Guardrail Face,0,Not a Collision with Motor Vehicle In-Transport,0,No,1,Non-Junction,1,Not an Intersection,0,None,,,4,On Roadside,1,Daylight,1,Clear,0,No Additional Atmospheric Conditions,1,Clear,0,No,0000000,Not Applicable,18,6:00pm-6:59pm,0,0,18,6:00pm-6:59pm,45,45,88,Not Applicable (Not Transported),88,Not Applicable (Not Transported),0,None,0,None,0,None,1,0
2018,21,210293,Kentucky,2,2,0,0,0,3,3,9,BARREN (9),0,NOT APPLICABLE,3,3,7,July,2018,3,Tuesday,18,6:00pm-6:59pm,19,19,0,This section IS NOT on the NHS,1,Rural,4,Minor Arterial,1,State Highway Agency,3,State Highway,SR-90,,22,22,37.10969444,37.10969444,-85.968347220,-85.968347220,0,No Special Jurisdiction,12,Motor Vehicle In-Transport,2,Front-to-Front,0,No,1,Non-Junction,1,Not an Intersection,0,None,,,1,On Roadway,1,Daylight,2,Rain,0,No Additional Atmospheric Conditions,2,Rain,0,No,0000000,Not Applicable,18,6:00pm-6:59pm,21,21,18,6:00pm-6:59pm,31,31,18,6:00pm-6:59pm,56,56,0,None,0,None,0,None,1,0
2018,21,210294,Kentucky,1,1,0,0,0,1,1,135,LEWIS (135),0,NOT APPLICABLE,2,2,7,July,2018,2,Monday,20,8:00pm-8:59pm,19,19,0,This section IS NOT on the NHS,1,Rural,5,Major Collector,1,State Highway Agency,3,State Highway,SR-59,,121,121,38.47780000,38.47780000,-83.268413890,-83.268413890,0,No Special Jurisdiction,1,Rollover/Overturn,0,Not a Collision with Motor Vehicle In-Transport,0,No,1,Non-Junction,1,Not an Intersection,0,None,,,4,On Roadside,1,Daylight,1,Clear,0,No Additional Atmospheric Conditions,1,Clear,0,No,0000000,Not Applicable,20,8:00pm-8:59pm,25,25,20,8:00pm-8:59pm,39,39,21,9:00pm-9:59pm,47,47,0,None,0,None,0,None,1,1
2018,21,210295,Kentucky,2,2,0,0,0,3,3,173,MONTGOMERY (173),0,NOT APPLICABLE,5,5,7,July,2018,5,Thursday,16,4:00pm-4:59pm,39,39,1,This section IS ON the NHS,2,Urban,1,Interstate,1,State Highway Agency,1,Interstate,I-64,,1101,1101,38.08095000,38.08095000,-83.940969440,-83.940969440,0,No Special Jurisdiction,12,Motor Vehicle In-Transport,6,Angle,0,No,1,Non-Junction,1,Not an Intersection,0,None,,,1,On Roadway,1,Daylight,1,Clear,0,No Additional Atmospheric Conditions,1,Clear,0,No,0000000,Not Applicable,16,4:00pm-4:59pm,41,41,16,4:00pm-4:59pm,48,48,88,Not Applicable (Not Transported),88,Not Applicable (Not Transported),0,None,0,None,0,None,1,0
2018,21,210296,Kentucky,2,2,0,0,0,2,2,43,CARTER (43),1330,GRAYSON,2,2,7,July,2018,2,Monday,14,2:00pm-2:59pm,59,59,1,This section IS ON the NHS,1,Rural,1,Interstate,1,State Highway Agency,1,Interstate,I-64 RAMP,SR-2,2,2,38.33213889,38.33213889,-83.208408330,-83.208408330,0,No Special Jurisdiction,12,Motor Vehicle In-Transport,1,Front-to-Rear,1,Yes,3,Intersection-Related,2,Four-Way Intersection,0,None,,,1,On Roadway,1,Daylight,1,Clear,0,No Additional Atmospheric Conditions,1,Clear,0,No,0000000,Not Applicable,15,3:00pm-3:59pm,3,3,15,3:00pm-3:59pm,12,12,88,Not Applicable (Not Transported),88,Not Applicable (Not Transported),0,None,0,None,0,None,1,1
2018,21,210297,Kentucky,1,1,0,0,0,2,2,163,MEADE (163),360,BRANDENBURG,7,7,7,July,2018,7,Saturday,15,3:00pm-3:59pm,28,28,0,This section IS NOT on the NHS,1,Rural,5,Major Collector,1,State Highway Agency,3,State Highway,SR-144,,176,176,37.97475833,37.97475833,-86.232713890,-86.232713890,0,No Special Jurisdiction,30,Utility Pole/Light Support,0,Not a Collision with Motor Vehicle In-Transport,0,No,1,Non-Junction,1,Not an Intersection,0,None,,,4,On Roadside,1,Daylight,1,Clear,0,No Additional Atmospheric Conditions,1,Clear,0,No,0000000,Not Applicable,15,3:00pm-3:59pm,32,32,15,3:00pm-3:59pm,40,40,17,5:00pm-5:59pm,17,17,0,None,0,None,0,None,1,1
2018,21,210298,Kentucky,1,1,0,0,0,1,1,199,PULASKI (199),0,NOT APPLICABLE,7,7,7,July,2018,7,Saturday,21,9:00pm-9:59pm,29,29,0,This section IS NOT on the NHS,2,Urban,6,Minor Collector,1,State Highway Agency,3,State Highway,SR-1642,,26,26,37.01928056,37.01928056,-84.655686110,-84.655686110,0,No Special Jurisdiction,38,Fence,0,Not a Collision with Motor Vehicle In-Transport,0,No,1,Non-Junction,1,Not an Intersection,0,None,,,4,On Roadside,5,Dusk,1,Clear,0,No Additional Atmospheric Conditions,1,Clear,0,No,0000000,Not Applicable,21,9:00pm-9:59pm,24,24,21,9:00pm-9:59pm,31,31,88,Not Applicable (Not Transported),88,Not Applicable (Not Transported),0,None,0,None,0,None,1,1
2018,21,210299,Kentucky,2,2,0,0,0,3,3,79,GARRARD (79),0,NOT APPLICABLE,8,8,7,July,2018,1,Sunday,14,2:00pm-2:59pm,11,11,1,This section IS ON the NHS,1,Rural,3,Principal Arterial - Other,1,State Highway Agency,2,U.S. Highway,US-27,,0,None,37.59119167,37.59119167,-84.597847220,-84.597847220,0,No Special Jurisdiction,12,Motor Vehicle In-Transport,6,Angle,0,No,8,Driveway Access Related,1,Not an Intersection,0,None,,,1,On Roadway,1,Daylight,10,Cloudy,0,No Additional Atmospheric Conditions,10,Cloudy,0,No,0000000,Not Applicable,14,2:00pm-2:59pm,9,9,14,2:00pm-2:59pm,11,11,88,Not Applicable (Not Transported),88,Not Applicable (Not Transported),0,None,0,None,0,None,1,1
2018,21,210300,Kentucky,1,1,0,0,0,1,1,117,KENTON (117),0,NOT APPLICABLE,4,4,7,July,2018,4,Wednesday,21,9:00pm-9:59pm,21,21,1,This section IS ON the NHS,1,Rural,1,Interstate,1,State Highway Agency,1,Interstate,I-75,,1687,1687,38.82711667,38.82711667,-84.599980560,-84.599980560,0,No Special Jurisdiction,21,Bridge Pier or Support,0,Not a Collision with Motor Vehicle In-Transport,0,No,1,Non-Junction,1,Not an Intersection,0,None,,,4,On Roadside,3,Dark - Lighted,1,Clear,0,No Additional Atmospheric Conditions,1,Clear,0,No,0000000,Not Applicable,21,9:00pm-9:59pm,24,24,21,9:00pm-9:59pm,34,34,22,10:00pm-10:59pm,45,45,0,None,0,None,0,None,1,0
2018,21,210301,Kentucky,1,1,0,0,0,1,1,227,WARREN (227),0,NOT APPLICABLE,9,9,7,July,2018,2,Monday,6,6:00am-6:59am,19,19,1,This section IS ON the NHS,1,Rural,1,Interstate,1,State Highway Agency,1,Interstate,I-65,,353,353,37.02746389,37.02746389,-86.244219440,-86.244219440,0,No Special Jurisdiction,42,Tree (Standing Only),0,Not a Collision with Motor Vehicle In-Transport,0,No,1,Non-Junction,1,Not an Intersection,0,None,,,4,On Roadside,1,Daylight,10,Cloudy,0,No Additional Atmospheric Conditions,10,Cloudy,0,No,0000000,Not Applicable,5,5:00am-5:59am,44,44,5,5:00am-5:59am,56,56,88,Not Applicable (Not Transported),88,Not Applicable (Not Transported),0,None,0,None,0,None,1,0
2018,21,210302,Kentucky,1,1,0,0,0,1,1,111,JEFFERSON (111),2090,LOUISVILLE,9,9,7,July,2018,2,Monday,14,2:00pm-2:59pm,26,26,1,This section IS ON the NHS,2,Urban,1,Interstate,1,State Highway Agency,1,Interstate,I-265,,328,328,38.30027778,38.30027778,-85.552561110,-85.552561110,0,No Special Jurisdiction,1,Rollover/Overturn,0,Not a Collision with Motor Vehicle In-Transport,0,No,1,Non-Junction,1,Not an Intersection,0,None,,,4,On Roadside,1,Daylight,1,Clear,0,No Additional Atmospheric Conditions,1,Clear,0,No,0000000,Not Applicable,14,2:00pm-2:59pm,26,26,14,2:00pm-2:59pm,23,23,88,Not Applicable (Not Transported),88,Not Applicable (Not Transported),0,None,0,None,0,None,1,0
2018,21,210303,Kentucky,5,5,0,0,0,8,8,103,HENRY (103),0,NOT APPLICABLE,9,9,7,July,2018,2,Monday,16,4:00pm-4:59pm,27,27,1,This section IS ON the NHS,1,Rural,1,Interstate,1,State Highway Agency,1,Interstate,I-71,,317,317,38.50057500,38.50057500,-85.248827780,-85.248827780,0,No Special Jurisdiction,1,Rollover/Overturn,0,Not a Collision with Motor Vehicle In-Transport,0,No,1,Non-Junction,1,Not an Intersection,4,"Work Zone, Type Unknown",,,1,On Roadway,1,Daylight,1,Clear,0,No Additional Atmospheric Conditions,1,Clear,0,No,0000000,Not Applicable,16,4:00pm-4:59pm,52,52,16,4:00pm-4:59pm,54,54,17,5:00pm-5:59pm,32,32,0,None,0,None,0,None,1,0
2018,21,210304,Kentucky,4,4,0,0,0,4,4,111,JEFFERSON (111),2694,PROSPECT,2,2,7,July,2018,2,Monday,10,10:00am-10:59am,30,30,0,This section IS NOT on the NHS,2,Urban,4,Minor Arterial,1,State Highway Agency,2,U.S. Highway,US-42,,93,93,38.32865556,38.32865556,-85.622238890,-85.622238890,0,No Special Jurisdiction,12,Motor Vehicle In-Transport,8,Sideswipe - Opposite Direction,0,No,1,Non-Junction,1,Not an Intersection,0,None,,,1,On Roadway,1,Daylight,1,Clear,0,No Additional Atmospheric Conditions,1,Clear,0,No,0000000,Not Applicable,10,10:00am-10:59am,23,23,10,10:00am-10:59am,25,25,10,10:00am-10:59am,55,55,0,None,0,None,0,None,1,0
2018,21,210305,Kentucky,1,1,0,0,0,1,1,211,SHELBY (211),0,NOT APPLICABLE,8,8,7,July,2018,1,Sunday,2,2:00am-2:59am,40,40,0,This section IS NOT on the NHS,1,Rural,4,Minor Arterial,1,State Highway Agency,3,State Highway,SR-55,,132,132,38.25219444,38.25219444,-85.200683330,-85.200683330,0,No Special Jurisdiction,43,Other Fixed Object,0,Not a Collision with Motor Vehicle In-Transport,0,No,1,Non-Junction,1,Not an Intersection,0,None,,,4,On Roadside,6,Dark - Unknown Lighting,1,Clear,0,No Additional Atmospheric Conditions,1,Clear,0,No,0000000,Not Applicable,2,2:00am-2:59am,40,40,2,2:00am-2:59am,45,45,88,Not Applicable (Not Transported),88,Not Applicable (Not Transported),0,None,0,None,0,None,1,0
2018,21,210306,Kentucky,1,1,0,1,1,1,1,127,LAWRENCE (127),0,NOT APPLICABLE,10,10,7,July,2018,3,Tuesday,22,10:00pm-10:59pm,14,14,0,This section IS NOT on the NHS,1,Rural,4,Minor Arterial,1,State Highway Agency,3,State Highway,SR-3,,143,143,38.10862500,38.10862500,-82.594961110,-82.594961110,0,No Special Jurisdiction,8,Pedestrian,0,Not a Collision with Motor Vehicle In-Transport,0,No,1,Non-Junction,1,Not an Intersection,0,None,,,1,On Roadway,6,Dark - Unknown Lighting,1,Clear,0,No Additional Atmospheric Conditions,1,Clear,0,No,0000000,Not Applicable,22,10:00pm-10:59pm,23,23,22,10:00pm-10:59pm,49,49,23,11:00pm-11:59pm,30,30,0,None,0,None,0,None,1,0
2018,21,210307,Kentucky,2,2,0,0,0,4,4,19,BOYD (19),558,CANNONSBURG,11,11,7,July,2018,4,Wednesday,15,3:00pm-3:59pm,57,57,0,This section IS NOT on the NHS,2,Urban,4,Minor Arterial,1,State Highway Agency,2,U.S. Highway,US-60,SR-180,40,40,38.38707222,38.38707222,-82.716208330,-82.716208330,0,No Special Jurisdiction,12,Motor Vehicle In-Transport,6,Angle,0,No,2,Intersection,2,Four-Way Intersection,0,None,,,1,On Roadway,1,Daylight,1,Clear,0,No Additional Atmospheric Conditions,1,Clear,0,No,0000000,Not Applicable,15,3:00pm-3:59pm,58,58,16,4:00pm-4:59pm,4,4,16,4:00pm-4:59pm,19,19,0,None,0,None,0,None,1,1
2018,21,210308,Kentucky,2,2,0,0,0,2,2,205,ROWAN (205),1105,FARMERS,12,12,7,July,2018,5,Thursday,8,8:00am-8:59am,46,46,0,This section IS NOT on the NHS,1,Rural,5,Major Collector,1,State Highway Agency,3,State Highway,SR-801,,161,161,38.20731111,38.20731111,-83.561186110,-83.561186110,0,No Special Jurisdiction,12,Motor Vehicle In-Transport,2,Front-to-Front,0,No,1,Non-Junction,1,Not an Intersection,0,None,,,1,On Roadway,1,Daylight,1,Clear,0,No Additional Atmospheric Conditions,1,Clear,0,No,0000000,Not Applicable,8,8:00am-8:59am,37,37,8,8:00am-8:59am,43,43,10,10:00am-10:59am,11,11,0,None,0,None,0,None,1,0
2018,21,210309,Kentucky,1,1,0,1,1,1,1,227,WARREN (227),350,BOWLING GREEN,10,10,7,July,2018,3,Tuesday,21,9:00pm-9:59pm,23,23,1,This section IS ON the NHS,1,Rural,3,Principal Arterial - Other,1,State Highway Agency,2,U.S. Highway,US-68,,140,140,37.00319444,37.00319444,-86.451108330,-86.451108330,0,No Special Jurisdiction,8,Pedestrian,0,Not a Collision with Motor Vehicle In-Transport,0,No,1,Non-Junction,1,Not an Intersection,0,None,,,1,On Roadway,3,Dark - Lighted,1,Clear,0,No Additional Atmospheric Conditions,1,Clear,0,No,0000000,Not Applicable,21,9:00pm-9:59pm,24,24,21,9:00pm-9:59pm,28,28,21,9:00pm-9:59pm,40,40,0,None,0,None,0,None,1,0
2018,21,210311,Kentucky,1,1,0,0,0,1,1,59,DAVIESS (59),2621,PHILPOT,13,13,7,July,2018,6,Friday,17,5:00pm-5:59pm,0,0,0,This section IS NOT on the NHS,1,Rural,6,Minor Collector,1,State Highway Agency,3,State Highway,SR-142,,27,27,37.69002222,37.69002222,-86.996213890,-86.996213890,0,No Special Jurisdiction,58,Ground,0,Not a Collision with Motor Vehicle In-Transport,0,No,1,Non-Junction,1,Not an Intersection,0,None,,,1,On Roadway,1,Daylight,1,Clear,0,No Additional Atmospheric Conditions,1,Clear,0,No,0000000,Not Applicable,17,5:00pm-5:59pm,2,2,17,5:00pm-5:59pm,14,14,88,Not Applicable (Not Transported),88,Not Applicable (Not Transported),0,None,0,None,0,None,1,1
2018,21,210312,Kentucky,2,2,0,0,0,3,3,83,GRAVES (83),0,NOT APPLICABLE,14,14,7,July,2018,7,Saturday,13,1:00pm-1:59pm,54,54,1,This section IS ON the NHS,1,Rural,3,Principal Arterial - Other,1,State Highway Agency,3,State Highway,SR-9003,,290,290,36.77954722,36.77954722,-88.567075000,-88.567075000,0,No Special Jurisdiction,12,Motor Vehicle In-Transport,2,Front-to-Front,0,No,1,Non-Junction,1,Not an Intersection,0,None,,,1,On Roadway,1,Daylight,2,Rain,0,No Additional Atmospheric Conditions,2,Rain,0,No,0000000,Not Applicable,13,1:00pm-1:59pm,56,56,14,2:00pm-2:59pm,4,4,14,2:00pm-2:59pm,27,27,0,None,0,None,0,None,1,0
2018,21,210313,Kentucky,1,1,0,0,0,1,1,47,CHRISTIAN (47),0,NOT APPLICABLE,14,14,7,July,2018,7,Saturday,16,4:00pm-4:59pm,21,21,1,This section IS ON the NHS,1,Rural,3,Principal Arterial - Other,1,State Highway Agency,3,State Highway,SR-9004,,265,265,37.10705278,37.10705278,-87.459691670,-87.459691670,0,No Special Jurisdiction,34,Ditch,0,Not a Collision with Motor Vehicle In-Transport,0,No,1,Non-Junction,1,Not an Intersection,0,None,,,3,On Median,1,Daylight,1,Clear,0,No Additional Atmospheric Conditions,1,Clear,0,No,0000000,Not Applicable,16,4:00pm-4:59pm,20,20,16,4:00pm-4:59pm,37,37,88,Not Applicable (Not Transported),88,Not Applicable (Not Transported),0,None,0,None,0,None,1,0
2018,21,210314,Kentucky,1,1,0,0,0,1,1,105,HICKMAN (105),0,NOT APPLICABLE,9,9,7,July,2018,2,Monday,18,6:00pm-6:59pm,20,20,0,This section IS NOT on the NHS,1,Rural,4,Minor Arterial,1,State Highway Agency,3,State Highway,SR-239,,8,8,36.60903056,36.60903056,-89.030827780,-89.030827780,0,No Special Jurisdiction,11,Live Animal,0,Not a Collision with Motor Vehicle In-Transport,0,No,1,Non-Junction,1,Not an Intersection,0,None,,,1,On Roadway,1,Daylight,1,Clear,0,No Additional Atmospheric Conditions,1,Clear,0,No,0000000,Not Applicable,18,6:00pm-6:59pm,18,18,18,6:00pm-6:59pm,20,20,88,Not Applicable (Not Transported),88,Not Applicable (Not Transported),0,None,0,None,0,None,1,0
2018,21,210315,Kentucky,1,1,0,1,1,1,1,111,JEFFERSON (111),2090,LOUISVILLE,9,9,7,July,2018,2,Monday,22,10:00pm-10:59pm,10,10,0,This section IS NOT on the NHS,2,Urban,3,Principal Arterial - Other,1,State Highway Agency,2,U.S. Highway,US-60,,135,135,38.23598611,38.23598611,-85.477213890,-85.477213890,0,No Special Jurisdiction,8,Pedestrian,0,Not a Collision with Motor Vehicle In-Transport,0,No,1,Non-Junction,1,Not an Intersection,0,None,,,2,On Shoulder,2,Dark - Not Lighted,1,Clear,0,No Additional Atmospheric Conditions,1,Clear,0,No,0000000,Not Applicable,10,10:00am-10:59am,1,1,10,10:00am-10:59am,12,12,88,Not Applicable (Not Transported),88,Not Applicable (Not Transported),0,None,0,None,0,None,1,0
2018,21,210316,Kentucky,2,2,0,0,0,3,3,81,GRANT (81),0,NOT APPLICABLE,15,15,7,July,2018,1,Sunday,16,4:00pm-4:59pm,40,40,0,This section IS NOT on the NHS,1,Rural,5,Major Collector,1,State Highway Agency,2,U.S. Highway,US-25,,52,52,38.55640556,38.55640556,-84.593222220,-84.593222220,0,No Special Jurisdiction,1,Rollover/Overturn,0,Not a Collision with Motor Vehicle In-Transport,0,No,1,Non-Junction,1,Not an Intersection,0,None,,,1,On Roadway,1,Daylight,1,Clear,0,No Additional Atmospheric Conditions,1,Clear,0,No,0000000,Not Applicable,16,4:00pm-4:59pm,40,40,16,4:00pm-4:59pm,53,53,19,7:00pm-7:59pm,15,15,0,None,0,None,0,None,1,1
2018,21,210317,Kentucky,1,1,0,0,0,1,1,25,BREATHITT (25),0,NOT APPLICABLE,16,16,7,July,2018,2,Monday,9,9:00am-9:59am,40,40,0,This section IS NOT on the NHS,1,Rural,5,Major Collector,1,State Highway Agency,3,State Highway,SR-30,,99,99,37.51396944,37.51396944,-83.413938890,-83.413938890,0,No Special Jurisdiction,1,Rollover/Overturn,0,Not a Collision with Motor Vehicle In-Transport,0,No,1,Non-Junction,1,Not an Intersection,0,None,,,1,On Roadway,1,Daylight,10,Cloudy,0,No Additional Atmospheric Conditions,10,Cloudy,0,No,0000000,Not Applicable,9,9:00am-9:59am,40,40,10,10:00am-10:59am,0,0,88,Not Applicable (Not Transported),88,Not Applicable (Not Transported),0,None,0,None,0,None,1,0
2018,21,210318,Kentucky,2,2,0,0,0,2,2,239,WOODFORD (239),0,NOT APPLICABLE,18,18,7,July,2018,4,Wednesday,19,7:00pm-7:59pm,24,24,0,This section IS NOT on the NHS,1,Rural,4,Minor Arterial,2,County Highway Agency,3,State Highway,SR-1964,CR-WATTS FERRY RD,183,183,38.11946389,38.11946389,-84.841058330,-84.841058330,0,No Special Jurisdiction,12,Motor Vehicle In-Transport,6,Angle,0,No,2,Intersection,3,T-Intersection,0,None,,,1,On Roadway,1,Daylight,1,Clear,0,No Additional Atmospheric Conditions,1,Clear,0,No,0000000,Not Applicable,19,7:00pm-7:59pm,21,21,19,7:00pm-7:59pm,31,31,88,Not Applicable (Not Transported),88,Not Applicable (Not Transported),0,None,0,None,0,None,1,1
2018,21,210319,Kentucky,1,1,0,0,0,1,1,185,OLDHAM (185),0,NOT APPLICABLE,18,18,7,July,2018,4,Wednesday,23,11:00pm-11:59pm,38,38,0,This section IS NOT on the NHS,1,Rural,7,Local,2,County Highway Agency,4,County Road,CR-GOSHEN RD,,99998,Not Reported,38.42086667,38.42086667,-85.599819440,-85.599819440,0,No Special Jurisdiction,42,Tree (Standing Only),0,Not a Collision with Motor Vehicle In-Transport,0,No,1,Non-Junction,1,Not an Intersection,0,None,,,4,On Roadside,2,Dark - Not Lighted,1,Clear,0,No Additional Atmospheric Conditions,1,Clear,0,No,0000000,Not Applicable,23,11:00pm-11:59pm,40,40,23,11:00pm-11:59pm,48,48,88,Not Applicable (Not Transported),88,Not Applicable (Not Transported),0,None,0,None,0,None,1,0