caseyear,state,st_case,statename,ve_total,ve_forms,pvh_invl,peds,pernotmvit,permvit,persons,county,countyname,city,cityname,day,dayname,month,monthname,year,day_week,day_weekname,hour,hourname,minute,minutename,nhs,nhsname,rur_urb,rur_urbname,func_sys,func_sysname,rd_owner,rd_ownername,route,routename,tway_id,tway_id2,milept,mileptname,latitude,latitudename,longitud,longitudname,sp_jur,sp_jurname,harm_ev,harm_evname,man_coll,man_collname,reljct1,reljct1name,reljct2,reljct2name,typ_int,typ_intname,wrk_zone,wrk_zonename,road_fnc,road_fncname,rel_road,rel_roadname,lgt_cond,lgt_condname,weather1,weather1name,weather2,weather2name,weather,weathername,sch_bus,sch_busname,rail,railname,not_hour,not_hourname,not_min,not_minname,arr_hour,arr_hourname,arr_min,arr_minname,hosp_hr,hosp_hrname,hosp_mn,hosp_mnname,cf1,cf1name,cf2,cf2name,cf3,cf3name,fatals,drunk_dr
2018,21,210320,Kentucky,1,1,0,0,0,1,1,139,LIVINGSTON (139),0,NOT APPLICABLE,19,19,7,July,2018,5,Thursday,10,10:00am-10:59am,53,53,0,This section IS NOT on the NHS,1,Rural,5,Major Collector,1,State Highway Agency,3,State Highway,SR-453,SR-6004 FORREST RD,45,45,37.04298889,37.04298889,-88.269075000,-88.269075000,0,No Special Jurisdiction,43,Other Fixed Object,0,Not a Collision with Motor Vehicle In-Transport,0,No,3,Intersection-Related,2,Four-Way Intersection,0,None,,,4,On Roadside,1,Daylight,1,Clear,0,No Additional Atmospheric Conditions,1,Clear,0,No,0000000,Not Applicable,10,10:00am-10:59am,55,55,11,11:00am-11:59am,0,0,88,Not Applicable (Not Transported),88,Not Applicable (Not Transported),0,None,0,None,0,None,1,0
2018,21,210321,Kentucky,1,1,0,1,1,1,1,9,BARREN (9),0,NOT APPLICABLE,20,20,7,July,2018,6,Friday,13,1:00pm-1:59pm,14,14,0,This section IS NOT on the NHS,1,Rural,5,Major Collector,1,State Highway Agency,2,U.S. Highway,US-68,,40,40,37.02312778,37.02312778,-86.056916670,-86.056916670,0,No Special Jurisdiction,8,Pedestrian,0,Not a Collision with Motor Vehicle In-Transport,0,No,1,Non-Junction,1,Not an Intersection,0,None,,,1,On Roadway,1,Daylight,1,Clear,0,No Additional Atmospheric Conditions,1,Clear,0,No,0000000,Not Applicable,13,1:00pm-1:59pm,15,15,13,1:00pm-1:59pm,24,24,88,Not Applicable (Not Transported),88,Not Applicable (Not Transported),0,None,0,None,0,None,1,0
2018,21,210322,Kentucky,1,1,0,1,1,1,1,67,FAYETTE (67),1980,LEXINGTON,21,21,7,July,2018,7,Saturday,23,11:00pm-11:59pm,37,37,1,This section IS ON the NHS,2,Urban,3,Principal Arterial - Other,1,State Highway Agency,3,State Highway,SR-0004,,116,116,38.05688333,38.05688333,-84.431697220,-84.431697220,0,No Special Jurisdiction,8,Pedestrian,0,Not a Collision with Motor Vehicle In-Transport,0,No,1,Non-Junction,1,Not an Intersection,0,None,,,1,On Roadway,2,Dark - Not Lighted,2,Rain,0,No Additional Atmospheric Conditions,2,Rain,0,No,0000000,Not Applicable,23,11:00pm-11:59pm,41,41,23,11:00pm-11:59pm,42,42,23,11:00pm-11:59pm,57,57,0,None,0,None,0,None,1,0
2018,21,210323,Kentucky,1,1,0,0,0,1,1,93,HARDIN (93),0,NOT APPLICABLE,22,22,7,July,2018,1,Sunday,16,4:00pm-4:59pm,21,21,1,This section IS ON the NHS,1,Rural,1,Interstate,1,State Highway Agency,1,Interstate,I-65,,896,896,37.65323889,37.65323889,-85.856525000,-85.856525000,0,No Special Jurisdiction,1,Rollover/Overturn,0,Not a Collision with Motor Vehicle In-Transport,0,No,1,Non-Junction,1,Not an Intersection,0,None,,,1,On Roadway,1,Daylight,10,Cloudy,0,No Additional Atmospheric Conditions,10,Cloudy,0,No,0000000,Not Applicable,16,4:00pm-4:59pm,22,22,16,4:00pm-4:59pm,30,30,99,Unknown,99,Unknown EMS Hospital Arrival Time,28,Backup Due to Regular Congestion,0,None,0,None,1,0
2018,21,210324,Kentucky,2,2,0,0,0,2,2,47,CHRISTIAN (47),2455,OAK GROVE,22,22,7,July,2018,1,Sunday,22,10:00pm-10:59pm,31,31,0,This section IS NOT on the NHS,1,Rural,4,Minor Arterial,1,State Highway Agency,3,State Highway,SR-115,,7,7,36.65146389,36.65146389,-87.415069440,-87.415069440,0,No Special Jurisdiction,12,Motor Vehicle In-Transport,2,Front-to-Front,0,No,1,Non-Junction,1,Not an Intersection,0,None,,,1,On Roadway,6,Dark - Unknown Lighting,1,Clear,0,No Additional Atmospheric Conditions,1,Clear,0,No,0000000,Not Applicable,22,10:00pm-10:59pm,11,11,22,10:00pm-10:59pm,29,29,23,11:00pm-11:59pm,26,26,0,None,0,None,0,None,2,1
2018,21,210325,Kentucky,1,1,0,0,0,1,1,121,KNOX (121),1498,HEIDRICK,22,22,7,July,2018,1,Sunday,23,11:00pm-11:59pm,0,0,0,This section IS NOT on the NHS,1,Rural,5,Major Collector,1,State Highway Agency,3,State Highway,SR-11,,127,127,36.90631389,36.90631389,-83.860627780,-83.860627780,0,No Special Jurisdiction,34,Ditch,0,Not a Collision with Motor Vehicle In-Transport,0,No,1,Non-Junction,1,Not an Intersection,0,None,,,4,On Roadside,2,Dark - Not Lighted,1,Clear,0,No Additional Atmospheric Conditions,1,Clear,0,No,0000000,Not Applicable,22,10:00pm-10:59pm,54,54,23,11:00pm-11:59pm,3,3,88,Not Applicable (Not Transported),88,Not Applicable (Not Transported),0,None,0,None,0,None,1,1
2018,21,210326,Kentucky,3,3,0,0,0,3,3,199,PULASKI (199),3070,SOMERSET,11,11,7,July,2018,4,Wednesday,15,3:00pm-3:59pm,31,31,1,This section IS ON the NHS,2,Urban,3,Principal Arterial - Other,1,State Highway Agency,2,U.S. Highway,US- 27,BOGLE ST,157,157,37.07940833,37.07940833,-84.617572220,-84.617572220,0,No Special Jurisdiction,12,Motor Vehicle In-Transport,1,Front-to-Rear,0,No,3,Intersection-Related,2,Four-Way Intersection,0,None,,,1,On Roadway,1,Daylight,1,Clear,0,No Additional Atmospheric Conditions,1,Clear,0,No,0000000,Not Applicable,15,3:00pm-3:59pm,10,10,15,3:00pm-3:59pm,12,12,16,4:00pm-4:59pm,30,30,20,Police Pursuit Involved,28,Backup Due to Regular Congestion,0,None,2,1
2018,21,210327,Kentucky,2,2,0,0,0,2,2,235,WHITLEY (235),0,NOT APPLICABLE,23,23,7,July,2018,2,Monday,13,1:00pm-1:59pm,4,4,1,This section IS ON the NHS,1,Rural,1,Interstate,1,State Highway Agency,1,Interstate,I-75,,198,198,36.85427222,36.85427222,-84.154036110,-84.154036110,0,No Special Jurisdiction,12,Motor Vehicle In-Transport,1,Front-to-Rear,0,No,1,Non-Junction,1,Not an Intersection,0,None,,,1,On Roadway,1,Daylight,2,Rain,0,No Additional Atmospheric Conditions,2,Rain,0,No,0000000,Not Applicable,12,12:00pm-12:59pm,56,56,13,1:00pm-1:59pm,2,2,88,Not Applicable (Not Transported),88,Not Applicable (Not Transported),27,Backup Due to Prior Crash,0,None,0,None,1,0
2018,21,210328,Kentucky,2,2,0,0,0,2,2,85,GRAYSON (85),1940,LEITCHFIELD,24,24,7,July,2018,3,Tuesday,15,3:00pm-3:59pm,10,10,0,This section IS NOT on the NHS,1,Rural,6,Minor Collector,1,State Highway Agency,3,State Highway,SR-1214,SHULL WHITE RD,144,144,37.48038333,37.48038333,-86.273552780,-86.273552780,0,No Special Jurisdiction,12,Motor Vehicle In-Transport,6,Angle,0,No,3,Intersection-Related,3,T-Intersection,0,None,,,1,On Roadway,1,Daylight,10,Cloudy,0,No Additional Atmospheric Conditions,10,Cloudy,0,No,0000000,Not Applicable,15,3:00pm-3:59pm,15,15,15,3:00pm-3:59pm,19,19,88,Not Applicable (Not Transported),88,Not Applicable (Not Transported),0,None,0,None,0,None,1,2
2018,21,210329,Kentucky,2,2,0,0,0,3,3,157,MARSHALL (157),260,BENTON,24,24,7,July,2018,3,Tuesday,20,8:00pm-8:59pm,30,30,1,This section IS ON the NHS,1,Rural,3,Principal Arterial - Other,1,State Highway Agency,2,U.S. Highway,US-641,MAIN ST,52,52,36.81460278,36.81460278,-88.350661110,-88.350661110,0,No Special Jurisdiction,12,Motor Vehicle In-Transport,6,Angle,0,No,2,Intersection,2,Four-Way Intersection,0,None,,,1,On Roadway,2,Dark - Not Lighted,1,Clear,0,No Additional Atmospheric Conditions,1,Clear,0,No,0000000,Not Applicable,20,8:00pm-8:59pm,34,34,20,8:00pm-8:59pm,39,39,21,9:00pm-9:59pm,11,11,0,None,0,None,0,None,1,0
2018,21,210330,Kentucky,2,2,0,0,0,5,5,111,JEFFERSON (111),2090,LOUISVILLE,19,19,7,July,2018,5,Thursday,21,9:00pm-9:59pm,42,42,0,This section IS NOT on the NHS,2,Urban,6,Minor Collector,1,State Highway Agency,3,State Highway,SR-61,,65,65,38.17096389,38.17096389,-85.708869440,-85.708869440,0,No Special Jurisdiction,12,Motor Vehicle In-Transport,6,Angle,0,No,8,Driveway Access Related,1,Not an Intersection,0,None,,,1,On Roadway,2,Dark - Not Lighted,1,Clear,0,No Additional Atmospheric Conditions,1,Clear,0,No,0000000,Not Applicable,21,9:00pm-9:59pm,44,44,21,9:00pm-9:59pm,53,53,22,10:00pm-10:59pm,50,50,0,None,0,None,0,None,1,0
2018,21,210331,Kentucky,1,1,0,1,1,1,1,111,JEFFERSON (111),2090,LOUISVILLE,25,25,7,July,2018,4,Wednesday,22,10:00pm-10:59pm,53,53,1,This section IS ON the NHS,2,Urban,3,Principal Arterial - Other,1,State Highway Agency,3,State Highway,SR-1747,,32,32,38.15697778,38.15697778,-85.672702780,-85.672702780,0,No Special Jurisdiction,9,Pedalcyclist,0,Not a Collision with Motor Vehicle In-Transport,0,No,1,Non-Junction,1,Not an Intersection,0,None,,,1,On Roadway,2,Dark - Not Lighted,10,Cloudy,0,No Additional Atmospheric Conditions,10,Cloudy,0,No,0000000,Not Applicable,22,10:00pm-10:59pm,53,53,23,11:00pm-11:59pm,1,1,88,Not Applicable (Not Transported),88,Not Applicable (Not Transported),0,None,0,None,0,None,1,0
2018,21,210332,Kentucky,1,1,0,0,0,1,1,47,CHRISTIAN (47),0,NOT APPLICABLE,21,21,7,July,2018,7,Saturday,20,8:00pm-8:59pm,12,12,1,This section IS ON the NHS,1,Rural,3,Principal Arterial - Other,1,State Highway Agency,3,State Highway,SR-9004,I-24 RAMP,2,2,36.74558333,36.74558333,-87.512036110,-87.512036110,0,No Special Jurisdiction,35,Embankment,0,Not a Collision with Motor Vehicle In-Transport,1,Yes,5,Entrance/Exit Ramp Related,1,Not an Intersection,0,None,,,8,Gore,2,Dark - Not Lighted,1,Clear,0,No Additional Atmospheric Conditions,1,Clear,0,No,0000000,Not Applicable,20,8:00pm-8:59pm,12,12,20,8:00pm-8:59pm,28,28,88,Not Applicable (Not Transported),88,Not Applicable (Not Transported),20,Police Pursuit Involved,0,None,0,None,1,0
2018,21,210333,Kentucky,2,2,0,0,0,3,3,67,FAYETTE (67),1980,LEXINGTON,26,26,7,July,2018,5,Thursday,19,7:00pm-7:59pm,52,52,0,This section IS NOT on the NHS,2,Urban,7,Local,4,City or Municipal Highway Agency,6,Local Street - Municipality,UNIVERSITY AVE,ELIZABETH ST,1,1,38.02960278,38.02960278,-84.512844440,-84.512844440,0,No Special Jurisdiction,1,Rollover/Overturn,0,Not a Collision with Motor Vehicle In-Transport,0,No,2,Intersection,4,Y-Intersection,0,None,,,1,On Roadway,1,Daylight,1,Clear,0,No Additional Atmospheric Conditions,1,Clear,0,No,0000000,Not Applicable,19,7:00pm-7:59pm,53,53,19,7:00pm-7:59pm,59,59,20,8:00pm-8:59pm,8,8,0,None,0,None,0,None,1,0
2018,21,210334,Kentucky,2,2,0,0,0,2,2,47,CHRISTIAN (47),0,NOT APPLICABLE,25,25,7,July,2018,4,Wednesday,13,1:00pm-1:59pm,47,47,0,This section IS NOT on the NHS,1,Rural,7,Local,1,State Highway Agency,3,State Highway,SR-1682,,80,80,36.90602778,36.90602778,-87.420691670,-87.420691670,0,No Special Jurisdiction,12,Motor Vehicle In-Transport,2,Front-to-Front,0,No,1,Non-Junction,1,Not an Intersection,0,None,,,1,On Roadway,1,Daylight,1,Clear,0,No Additional Atmospheric Conditions,1,Clear,0,No,0000000,Not Applicable,13,1:00pm-1:59pm,47,47,13,1:00pm-1:59pm,59,59,15,3:00pm-3:59pm,0,0,0,None,0,None,0,None,1,0
2018,21,210335,Kentucky,1,1,0,0,0,1,1,93,HARDIN (93),0,NOT APPLICABLE,27,27,7,July,2018,6,Friday,2,2:00am-2:59am,39,39,1,This section IS ON the NHS,1,Rural,3,Principal Arterial - Other,1,State Highway Agency,3,State Highway,SR-9002,I-65 RAMP,3,3,37.70315000,37.70315000,-85.828102780,-85.828102780,3,Indian Reservation,24,Guardrail Face,0,Not a Collision with Motor Vehicle In-Transport,1,Yes,5,Entrance/Exit Ramp Related,1,Not an Intersection,0,None,,,3,On Median,3,Dark - Lighted,10,Cloudy,0,No Additional Atmospheric Conditions,10,Cloudy,0,No,0000000,Not Applicable,2,2:00am-2:59am,41,41,2,2:00am-2:59am,47,47,3,3:00am-3:59am,5,5,0,None,0,None,0,None,1,0
2018,21,210336,Kentucky,1,1,0,1,1,1,1,183,OHIO (183),0,NOT APPLICABLE,28,28,7,July,2018,7,Saturday,10,10:00am-10:59am,14,14,0,This section IS NOT on the NHS,1,Rural,5,Major Collector,1,State Highway Agency,2,U.S. Highway,US-62,,219,219,37.46379444,37.46379444,-86.691397220,-86.691397220,0,No Special Jurisdiction,8,Pedestrian,0,Not a Collision with Motor Vehicle In-Transport,0,No,8,Driveway Access Related,1,Not an Intersection,0,None,,,1,On Roadway,1,Daylight,1,Clear,0,No Additional Atmospheric Conditions,1,Clear,0,No,0000000,Not Applicable,10,10:00am-10:59am,15,15,10,10:00am-10:59am,26,26,10,10:00am-10:59am,40,40,0,None,0,None,0,None,1,0
2018,21,210337,Kentucky,1,1,0,0,0,2,2,177,MUHLENBERG (177),650,CENTRAL CITY,28,28,7,July,2018,7,Saturday,11,11:00am-11:59am,55,55,0,This section IS NOT on the NHS,2,Urban,4,Minor Arterial,1,State Highway Agency,3,State Highway,SR-1031,,23,23,37.31938889,37.31938889,-87.126869440,-87.126869440,0,No Special Jurisdiction,35,Embankment,0,Not a Collision with Motor Vehicle In-Transport,0,No,1,Non-Junction,1,Not an Intersection,0,None,,,4,On Roadside,1,Daylight,1,Clear,0,No Additional Atmospheric Conditions,1,Clear,0,No,0000000,Not Applicable,11,11:00am-11:59am,58,58,12,12:00pm-12:59pm,4,4,12,12:00pm-12:59pm,31,31,0,None,0,None,0,None,2,0
2018,21,210338,Kentucky,1,1,0,0,0,1,1,117,KENTON (117),0,NOT APPLICABLE,9,9,7,July,2018,2,Monday,8,8:00am-8:59am,35,35,0,This section IS NOT on the NHS,1,Rural,3,Principal Arterial - Other,1,State Highway Agency,7,Local Street - Frontage Road,PORTER RD,,15,15,38.98759167,38.98759167,-84.482133330,-84.482133330,0,No Special Jurisdiction,30,Utility Pole/Light Support,0,Not a Collision with Motor Vehicle In-Transport,0,No,1,Non-Junction,1,Not an Intersection,0,None,,,4,On Roadside,2,Dark - Not Lighted,1,Clear,0,No Additional Atmospheric Conditions,1,Clear,0,No,0000000,Not Applicable,8,8:00am-8:59am,37,37,8,8:00am-8:59am,42,42,8,8:00am-8:59am,54,54,0,None,0,None,0,None,1,1
2018,21,210339,Kentucky,1,1,0,0,0,1,1,71,FLOYD (71),1716,IVEL,26,26,7,July,2018,5,Thursday,18,6:00pm-6:59pm,17,17,1,This section IS ON the NHS,1,Rural,3,Principal Arterial - Other,1,State Highway Agency,2,U.S. Highway,US-23,,49,49,37.57441944,37.57441944,-82.655069440,-82.655069440,0,No Special Jurisdiction,5,Fell/Jumped from Vehicle,0,Not a Collision with Motor Vehicle In-Transport,0,No,1,Non-Junction,1,Not an Intersection,0,None,,,1,On Roadway,1,Daylight,1,Clear,0,No Additional Atmospheric Conditions,1,Clear,0,No,0000000,Not Applicable,18,6:00pm-6:59pm,23,23,18,6:00pm-6:59pm,30,30,19,7:00pm-7:59pm,4,4,0,None,0,None,0,None,1,0
2018,21,210340,Kentucky,1,1,0,0,0,1,1,179,NELSON (179),0,NOT APPLICABLE,21,21,7,July,2018,7,Saturday,2,2:00am-2:59am,25,25,0,This section IS NOT on the NHS,1,Rural,7,Local,2,County Highway Agency,4,County Road,CR-COON HOLLOW RD,,20,20,37.61682500,37.61682500,-85.512841670,-85.512841670,0,No Special Jurisdiction,42,Tree (Standing Only),0,Not a Collision with Motor Vehicle In-Transport,0,No,1,Non-Junction,1,Not an Intersection,0,None,,,4,On Roadside,2,Dark - Not Lighted,10,Cloudy,0,No Additional Atmospheric Conditions,10,Cloudy,0,No,0000000,Not Applicable,2,2:00am-2:59am,24,24,2,2:00am-2:59am,45,45,4,4:00am-4:59am,5,5,0,None,0,None,0,None,1,1
2018,21,210341,Kentucky,1,1,0,0,0,1,1,39,CARLISLE (39),0,NOT APPLICABLE,31,31,7,July,2018,3,Tuesday,13,1:00pm-1:59pm,41,41,0,This section IS NOT on the NHS,1,Rural,7,Local,2,County Highway Agency,4,County Road,CR-PALESTINE,,38,38,36.93369167,36.93369167,-88.814988890,-88.814988890,0,No Special Jurisdiction,42,Tree (Standing Only),0,Not a Collision with Motor Vehicle In-Transport,0,No,1,Non-Junction,1,Not an Intersection,0,None,,,4,On Roadside,1,Daylight,1,Clear,0,No Additional Atmospheric Conditions,1,Clear,0,No,0000000,Not Applicable,13,1:00pm-1:59pm,46,46,14,2:00pm-2:59pm,1,1,88,Not Applicable (Not Transported),88,Not Applicable (Not Transported),0,None,0,None,0,None,1,0
2018,21,210342,Kentucky,2,2,0,0,0,4,4,37,CAMPBELL (37),0,NOT APPLICABLE,31,31,7,July,2018,3,Tuesday,16,4:00pm-4:59pm,41,41,1,This section IS ON the NHS,1,Rural,3,Principal Arterial - Other,1,State Highway Agency,3,State Highway,SR-9,,83,83,38.95670556,38.95670556,-84.339855560,-84.339855560,0,No Special Jurisdiction,12,Motor Vehicle In-Transport,2,Front-to-Front,0,No,1,Non-Junction,1,Not an Intersection,0,None,,,1,On Roadway,1,Daylight,1,Clear,0,No Additional Atmospheric Conditions,1,Clear,0,No,0000000,Not Applicable,16,4:00pm-4:59pm,44,44,16,4:00pm-4:59pm,52,52,17,5:00pm-5:59pm,23,23,0,None,0,None,0,None,2,0
2018,21,210343,Kentucky,2,2,0,0,0,3,3,193,PERRY (193),1470,HAZARD,30,30,7,July,2018,2,Monday,14,2:00pm-2:59pm,57,57,1,This section IS ON the NHS,2,Urban,3,Principal Arterial - Other,1,State Highway Agency,3,State Highway,SR-15,451- RAMP,118,118,37.24722222,37.24722222,-83.198044440,-83.198044440,0,No Special Jurisdiction,12,Motor Vehicle In-Transport,2,Front-to-Front,1,Yes,2,Intersection,3,T-Intersection,0,None,,,1,On Roadway,1,Daylight,1,Clear,0,No Additional Atmospheric Conditions,1,Clear,0,No,0000000,Not Applicable,14,2:00pm-2:59pm,57,57,15,3:00pm-3:59pm,0,0,15,3:00pm-3:59pm,21,21,0,None,0,None,0,None,1,0
2018,21,210344,Kentucky,2,2,0,0,0,2,2,199,PULASKI (199),0,NOT APPLICABLE,28,28,7,July,2018,7,Saturday,0,0:00am-0:59am,57,57,1,This section IS ON the NHS,1,Rural,3,Principal Arterial - Other,1,State Highway Agency,2,U.S. Highway,US-27,,75,75,36.97363333,36.97363333,-84.593113890,-84.593113890,0,No Special Jurisdiction,24,Guardrail Face,0,Not a Collision with Motor Vehicle In-Transport,0,No,1,Non-Junction,1,Not an Intersection,0,None,,,4,On Roadside,2,Dark - Not Lighted,1,Clear,0,No Additional Atmospheric Conditions,1,Clear,0,No,0000000,Not Applicable,1,1:00am-1:59am,6,6,1,1:00am-1:59am,19,19,2,2:00am-2:59am,8,8,0,None,0,None,0,None,1,1
2018,21,210345,Kentucky,1,1,0,0,0,1,1,111,JEFFERSON (111),2090,LOUISVILLE,30,30,7,July,2018,2,Monday,10,10:00am-10:59am,53,53,1,This section IS ON the NHS,2,Urban,1,Interstate,1,State Highway Agency,1,Interstate,I-264,,65,65,38.18759722,38.18759722,-85.828930560,-85.828930560,0,No Special Jurisdiction,24,Guardrail Face,0,Not a Collision with Motor Vehicle In-Transport,0,No,1,Non-Junction,1,Not an Intersection,0,None,,,4,On Roadside,1,Daylight,10,Cloudy,0,No Additional Atmospheric Conditions,10,Cloudy,0,No,0000000,Not Applicable,10,10:00am-10:59am,53,53,10,10:00am-10:59am,57,57,11,11:00am-11:59am,30,30,0,None,0,None,0,None,1,0
2018,21,210346,Kentucky,2,1,1,0,1,1,2,29,BULLITT (29),2990,SHEPHERDSVILLE,16,16,7,July,2018,2,Monday,5,5:00am-5:59am,19,19,1,This section IS ON the NHS,1,Rural,1,Interstate,1,State Highway Agency,1,Interstate,I-65,,1122,1122,37.93080556,37.93080556,-85.687758330,-85.687758330,0,No Special Jurisdiction,14,Parked Motor Vehicle,0,Not a Collision with Motor Vehicle In-Transport,0,No,1,Non-Junction,1,Not an Intersection,0,None,,,2,On Shoulder,2,Dark - Not Lighted,10,Cloudy,0,No Additional Atmospheric Conditions,10,Cloudy,0,No,0000000,Not Applicable,5,5:00am-5:59am,20,20,5,5:00am-5:59am,26,26,5,5:00am-5:59am,53,53,0,None,0,None,0,None,1,0
2018,21,210347,Kentucky,1,1,0,0,0,2,2,71,FLOYD (71),0,NOT APPLICABLE,31,31,7,July,2018,3,Tuesday,16,4:00pm-4:59pm,18,18,0,This section IS NOT on the NHS,1,Rural,6,Minor Collector,1,State Highway Agency,3,State Highway,SR-3381,,28,28,37.57697222,37.57697222,-82.730747220,-82.730747220,0,No Special Jurisdiction,42,Tree (Standing Only),0,Not a Collision with Motor Vehicle In-Transport,0,No,1,Non-Junction,1,Not an Intersection,0,None,,,4,On Roadside,1,Daylight,1,Clear,0,No Additional Atmospheric Conditions,1,Clear,0,No,0000000,Not Applicable,16,4:00pm-4:59pm,24,24,16,4:00pm-4:59pm,36,36,16,4:00pm-4:59pm,58,58,0,None,0,None,0,None,1,0
2018,21,210348,Kentucky,1,1,0,0,0,2,2,15,BOONE (15),0,NOT APPLICABLE,29,29,7,July,2018,1,Sunday,9,9:00am-9:59am,56,56,1,This section IS ON the NHS,2,Urban,1,Interstate,1,State Highway Agency,1,Interstate,I-75,,1763,1763,38.93198611,38.93198611,-84.631383330,-84.631383330,0,No Special Jurisdiction,35,Embankment,0,Not a Collision with Motor Vehicle In-Transport,0,No,1,Non-Junction,1,Not an Intersection,0,None,,,4,On Roadside,1,Daylight,1,Clear,0,No Additional Atmospheric Conditions,1,Clear,0,No,0000000,Not Applicable,9,9:00am-9:59am,56,56,10,10:00am-10:59am,4,4,10,10:00am-10:59am,4,4,0,None,0,None,0,None,2,0
2018,21,210349,Kentucky,1,1,0,0,0,3,3,49,CLARK (49),0,NOT APPLICABLE,14,14,7,July,2018,7,Saturday,22,10:00pm-10:59pm,16,16,0,This section IS NOT on the NHS,1,Rural,7,Local,2,County Highway Agency,4,County Road,CR- PILOT VIEW RD,,27,27,37.96765556,37.96765556,-84.072913890,-84.072913890,0,No Special Jurisdiction,11,Live Animal,0,Not a Collision with Motor Vehicle In-Transport,0,No,1,Non-Junction,1,Not an Intersection,0,None,,,1,On Roadway,2,Dark - Not Lighted,1,Clear,0,No Additional Atmospheric Conditions,1,Clear,0,No,0000000,Not Applicable,22,10:00pm-10:59pm,16,16,22,10:00pm-10:59pm,32,32,23,11:00pm-11:59pm,2,2,0,None,0,None,0,None,1,0
2018,21,210350,Kentucky,1,1,0,0,0,1,1,149,MCLEAN (149),0,NOT APPLICABLE,30,30,7,July,2018,2,Monday,23,11:00pm-11:59pm,38,38,0,This section IS NOT on the NHS,1,Rural,5,Major Collector,1,State Highway Agency,3,State Highway,SR-81,,10,10,37.40082500,37.40082500,-87.259500000,-87.259500000,0,No Special Jurisdiction,53,Mail Box,0,Not a Collision with Motor Vehicle In-Transport,0,No,1,Non-Junction,1,Not an Intersection,0,None,,,4,On Roadside,2,Dark - Not Lighted,10,Cloudy,0,No Additional Atmospheric Conditions,10,Cloudy,0,No,0000000,Not Applicable,23,11:00pm-11:59pm,40,40,23,11:00pm-11:59pm,56,56,88,Not Applicable (Not Transported),88,Not Applicable (Not Transported),0,None,0,None,0,None,1,1
2018,21,210351,Kentucky,1,1,0,0,0,1,1,127,LAWRENCE (127),0,NOT APPLICABLE,27,27,7,July,2018,6,Friday,5,5:00am-5:59am,56,56,0,This section IS NOT on the NHS,1,Rural,5,Major Collector,1,State Highway Agency,3,State Highway,SR-32,,271,271,38.10444444,38.10444444,-82.636872220,-82.636872220,0,No Special Jurisdiction,32,Culvert,0,Not a Collision with Motor Vehicle In-Transport,0,No,1,Non-Junction,1,Not an Intersection,0,None,,,4,On Roadside,2,Dark - Not Lighted,1,Clear,0,No Additional Atmospheric Conditions,1,Clear,0,No,0000000,Not Applicable,5,5:00am-5:59am,59,59,6,6:00am-6:59am,43,43,88,Not Applicable (Not Transported),88,Not Applicable (Not Transported),0,None,0,None,0,None,1,0
2018,21,210352,Kentucky,2,2,0,0,0,3,3,173,MONTGOMERY (173),0,NOT APPLICABLE,30,30,7,July,2018,2,Monday,18,6:00pm-6:59pm,1,1,0,This section IS NOT on the NHS,2,Urban,4,Minor Arterial,1,State Highway Agency,3,State Highway,SR-686,SR-647,60,60,38.07153611,38.07153611,-83.916788890,-83.916788890,0,No Special Jurisdiction,12,Motor Vehicle In-Transport,6,Angle,0,No,2,Intersection,2,Four-Way Intersection,0,None,,,1,On Roadway,1,Daylight,10,Cloudy,0,No Additional Atmospheric Conditions,10,Cloudy,0,No,0000000,Not Applicable,18,6:00pm-6:59pm,3,3,18,6:00pm-6:59pm,8,8,18,6:00pm-6:59pm,25,25,0,None,0,None,0,None,1,0
2018,21,210353,Kentucky,3,3,0,0,0,4,4,101,HENDERSON (101),1510,HENDERSON,20,20,7,July,2018,6,Friday,11,11:00am-11:59am,5,5,1,This section IS ON the NHS,2,Urban,3,Principal Arterial - Other,1,State Highway Agency,2,U.S. Highway,US-41A,,162,162,37.84347222,37.84347222,-87.585775000,-87.585775000,0,No Special Jurisdiction,12,Motor Vehicle In-Transport,1,Front-to-Rear,0,No,1,Non-Junction,1,Not an Intersection,0,None,,,1,On Roadway,1,Daylight,1,Clear,0,No Additional Atmospheric Conditions,1,Clear,0,No,0000000,Not Applicable,11,11:00am-11:59am,11,11,11,11:00am-11:59am,13,13,11,11:00am-11:59am,37,37,0,None,0,None,0,None,1,0
2018,21,210354,Kentucky,1,1,0,0,0,1,1,181,NICHOLAS (181),0,NOT APPLICABLE,7,7,7,July,2018,7,Saturday,8,8:00am-8:59am,44,44,1,This section IS ON the NHS,1,Rural,3,Principal Arterial - Other,1,State Highway Agency,2,U.S. Highway,US-68,,0,None,38.31217500,38.31217500,-84.136361110,-84.136361110,0,No Special Jurisdiction,24,Guardrail Face,0,Not a Collision with Motor Vehicle In-Transport,0,No,1,Non-Junction,1,Not an Intersection,0,None,,,4,On Roadside,1,Daylight,1,Clear,0,No Additional Atmospheric Conditions,1,Clear,0,No,0000000,Not Applicable,8,8:00am-8:59am,44,44,9,9:00am-9:59am,29,29,10,10:00am-10:59am,3,3,0,None,0,None,0,None,1,0