caseyear,state,st_case,statename,ve_total,ve_forms,pvh_invl,peds,pernotmvit,permvit,persons,county,countyname,city,cityname,day,dayname,month,monthname,year,day_week,day_weekname,hour,hourname,minute,minutename,nhs,nhsname,rur_urb,rur_urbname,func_sys,func_sysname,rd_owner,rd_ownername,route,routename,tway_id,tway_id2,milept,mileptname,latitude,latitudename,longitud,longitudname,sp_jur,sp_jurname,harm_ev,harm_evname,man_coll,man_collname,reljct1,reljct1name,reljct2,reljct2name,typ_int,typ_intname,wrk_zone,wrk_zonename,road_fnc,road_fncname,rel_road,rel_roadname,lgt_cond,lgt_condname,weather1,weather1name,weather2,weather2name,weather,weathername,sch_bus,sch_busname,rail,railname,not_hour,not_hourname,not_min,not_minname,arr_hour,arr_hourname,arr_min,arr_minname,hosp_hr,hosp_hrname,hosp_mn,hosp_mnname,cf1,cf1name,cf2,cf2name,cf3,cf3name,fatals,drunk_dr
2018,21,210389,Kentucky,1,1,0,0,0,1,1,125,LAUREL (125),0,NOT APPLICABLE,16,16,8,August,2018,5,Thursday,13,1:00pm-1:59pm,52,52,1,This section IS ON the NHS,1,Rural,1,Interstate,1,State Highway Agency,1,Interstate,I-75,,479,479,37.21486389,37.21486389,-84.199433330,-84.199433330,0,No Special Jurisdiction,24,Guardrail Face,0,Not a Collision with Motor Vehicle In-Transport,0,No,1,Non-Junction,1,Not an Intersection,0,None,,,4,On Roadside,1,Daylight,10,Cloudy,0,No Additional Atmospheric Conditions,10,Cloudy,0,No,0000000,Not Applicable,13,1:00pm-1:59pm,52,52,14,2:00pm-2:59pm,9,9,14,2:00pm-2:59pm,31,31,0,None,0,None,0,None,1,1
2018,21,210390,Kentucky,1,1,0,0,0,2,2,179,NELSON (179),0,NOT APPLICABLE,8,8,8,August,2018,4,Wednesday,10,10:00am-10:59am,31,31,0,This section IS NOT on the NHS,1,Rural,6,Minor Collector,1,State Highway Agency,3,State Highway,SR-46,,20,20,37.73855833,37.73855833,-85.604825000,-85.604825000,0,No Special Jurisdiction,35,Embankment,0,Not a Collision with Motor Vehicle In-Transport,0,No,1,Non-Junction,1,Not an Intersection,0,None,,,4,On Roadside,1,Daylight,1,Clear,0,No Additional Atmospheric Conditions,1,Clear,0,No,0000000,Not Applicable,10,10:00am-10:59am,33,33,10,10:00am-10:59am,48,48,12,12:00pm-12:59pm,14,14,0,None,0,None,0,None,1,0
2018,21,210391,Kentucky,2,2,0,0,0,7,7,69,FLEMING (69),0,NOT APPLICABLE,17,17,8,August,2018,6,Friday,19,7:00pm-7:59pm,30,30,0,This section IS NOT on the NHS,1,Rural,4,Minor Arterial,1,State Highway Agency,3,State Highway,SR-11,SR-57,126,126,38.43679444,38.43679444,-83.747275000,-83.747275000,0,No Special Jurisdiction,12,Motor Vehicle In-Transport,6,Angle,0,No,2,Intersection,2,Four-Way Intersection,0,None,,,1,On Roadway,1,Daylight,1,Clear,0,No Additional Atmospheric Conditions,1,Clear,0,No,0000000,Not Applicable,99,Unknown,99,Unknown,99,Unknown EMS Scene Arrival Hour,99,Unknown EMS Scene Arrival Minutes,99,Unknown,99,Unknown EMS Hospital Arrival Time,0,None,0,None,0,None,1,0
2018,21,210392,Kentucky,1,1,0,0,0,2,2,223,TRIMBLE (223),0,NOT APPLICABLE,19,19,8,August,2018,1,Sunday,21,9:00pm-9:59pm,37,37,0,This section IS NOT on the NHS,1,Rural,7,Local,2,County Highway Agency,4,County Road,CR-MCCRORD LANE,,6,6,38.70896111,38.70896111,-85.363991670,-85.363991670,0,No Special Jurisdiction,42,Tree (Standing Only),0,Not a Collision with Motor Vehicle In-Transport,0,No,1,Non-Junction,1,Not an Intersection,0,None,,,4,On Roadside,2,Dark - Not Lighted,1,Clear,0,No Additional Atmospheric Conditions,1,Clear,0,No,0000000,Not Applicable,21,9:00pm-9:59pm,41,41,21,9:00pm-9:59pm,49,49,22,10:00pm-10:59pm,30,30,0,None,0,None,0,None,1,0
2018,21,210393,Kentucky,1,1,0,0,0,2,2,115,JOHNSON (115),3025,SITKA,21,21,8,August,2018,3,Tuesday,12,12:00pm-12:59pm,0,0,0,This section IS NOT on the NHS,1,Rural,6,Minor Collector,1,State Highway Agency,3,State Highway,SR-1092,,84,84,37.91621667,37.91621667,-82.852152780,-82.852152780,0,No Special Jurisdiction,42,Tree (Standing Only),0,Not a Collision with Motor Vehicle In-Transport,0,No,8,Driveway Access Related,1,Not an Intersection,0,None,,,4,On Roadside,1,Daylight,2,Rain,0,No Additional Atmospheric Conditions,2,Rain,0,No,0000000,Not Applicable,13,1:00pm-1:59pm,34,34,13,1:00pm-1:59pm,54,54,14,2:00pm-2:59pm,45,45,0,None,0,None,0,None,1,0
2018,21,210394,Kentucky,3,3,0,0,0,3,3,139,LIVINGSTON (139),0,NOT APPLICABLE,21,21,8,August,2018,3,Tuesday,15,3:00pm-3:59pm,53,53,1,This section IS ON the NHS,1,Rural,1,Interstate,1,State Highway Agency,1,Interstate,I-24,,294,294,37.02717778,37.02717778,-88.284783330,-88.284783330,0,No Special Jurisdiction,12,Motor Vehicle In-Transport,7,Sideswipe - Same Direction,0,No,1,Non-Junction,1,Not an Intersection,0,None,,,1,On Roadway,1,Daylight,1,Clear,0,No Additional Atmospheric Conditions,1,Clear,0,No,0000000,Not Applicable,15,3:00pm-3:59pm,53,53,16,4:00pm-4:59pm,3,3,88,Not Applicable (Not Transported),88,Not Applicable (Not Transported),28,Backup Due to Regular Congestion,0,None,0,None,1,0
2018,21,210395,Kentucky,1,1,0,1,1,1,1,137,LINCOLN (137),0,NOT APPLICABLE,22,22,8,August,2018,4,Wednesday,12,12:00pm-12:59pm,23,23,0,This section IS NOT on the NHS,1,Rural,5,Major Collector,1,State Highway Agency,3,State Highway,SR-39,,140,140,37.51590833,37.51590833,-84.529280560,-84.529280560,0,No Special Jurisdiction,49,Ridden Animal or Animal Drawn Conveyance,0,Not a Collision with Motor Vehicle In-Transport,0,No,1,Non-Junction,1,Not an Intersection,0,None,,,1,On Roadway,1,Daylight,10,Cloudy,0,No Additional Atmospheric Conditions,10,Cloudy,0,No,0000000,Not Applicable,12,12:00pm-12:59pm,19,19,12,12:00pm-12:59pm,30,30,88,Not Applicable (Not Transported),88,Not Applicable (Not Transported),0,None,0,None,0,None,1,1
2018,21,210396,Kentucky,1,1,0,0,0,4,4,185,OLDHAM (185),0,NOT APPLICABLE,22,22,8,August,2018,4,Wednesday,15,3:00pm-3:59pm,35,35,1,This section IS ON the NHS,1,Rural,1,Interstate,1,State Highway Agency,1,Interstate,I-71,,140,140,38.34368056,38.34368056,-85.499316670,-85.499316670,0,No Special Jurisdiction,93,Unknown Fixed Object,0,Not a Collision with Motor Vehicle In-Transport,0,No,1,Non-Junction,1,Not an Intersection,0,None,,,4,On Roadside,1,Daylight,1,Clear,0,No Additional Atmospheric Conditions,1,Clear,0,No,0000000,Not Applicable,15,3:00pm-3:59pm,35,35,15,3:00pm-3:59pm,45,45,16,4:00pm-4:59pm,4,4,0,None,0,None,0,None,2,0
2018,21,210397,Kentucky,2,2,0,0,0,2,2,99,HART (99),0,NOT APPLICABLE,14,14,8,August,2018,3,Tuesday,20,8:00pm-8:59pm,19,19,0,This section IS NOT on the NHS,1,Rural,5,Major Collector,1,State Highway Agency,2,U.S. Highway,US-31W,,62,62,37.22080000,37.22080000,-85.874219440,-85.874219440,0,No Special Jurisdiction,12,Motor Vehicle In-Transport,2,Front-to-Front,0,No,1,Non-Junction,1,Not an Intersection,0,None,,,1,On Roadway,2,Dark - Not Lighted,1,Clear,0,No Additional Atmospheric Conditions,1,Clear,0,No,0000000,Not Applicable,20,8:00pm-8:59pm,20,20,20,8:00pm-8:59pm,24,24,20,8:00pm-8:59pm,51,51,0,None,0,None,0,None,1,0
2018,21,210398,Kentucky,1,1,0,1,1,1,1,111,JEFFERSON (111),2570,PARKWAY VILLAGE,18,18,8,August,2018,7,Saturday,1,1:00am-1:59am,32,32,0,This section IS NOT on the NHS,2,Urban,4,Minor Arterial,1,State Highway Agency,3,State Highway,SR-61,,98,98,38.21119722,38.21119722,-85.740405560,-85.740405560,0,No Special Jurisdiction,8,Pedestrian,0,Not a Collision with Motor Vehicle In-Transport,0,No,1,Non-Junction,1,Not an Intersection,0,None,,,1,On Roadway,2,Dark - Not Lighted,1,Clear,0,No Additional Atmospheric Conditions,1,Clear,0,No,0000000,Not Applicable,1,1:00am-1:59am,34,34,1,1:00am-1:59am,42,42,2,2:00am-2:59am,12,12,0,None,0,None,0,None,1,0
2018,21,210399,Kentucky,3,3,0,0,0,4,4,111,JEFFERSON (111),2090,LOUISVILLE,23,23,8,August,2018,5,Thursday,10,10:00am-10:59am,41,41,1,This section IS ON the NHS,2,Urban,1,Interstate,1,State Highway Agency,1,Interstate,I-264,,153,153,38.20843889,38.20843889,-85.675577780,-85.675577780,0,No Special Jurisdiction,12,Motor Vehicle In-Transport,7,Sideswipe - Same Direction,0,No,1,Non-Junction,1,Not an Intersection,0,None,,,1,On Roadway,1,Daylight,1,Clear,0,No Additional Atmospheric Conditions,1,Clear,0,No,0000000,Not Applicable,10,10:00am-10:59am,42,42,10,10:00am-10:59am,48,48,11,11:00am-11:59am,48,48,0,None,0,None,0,None,1,0
2018,21,210400,Kentucky,2,2,0,0,0,2,2,97,HARRISON (97),850,CYNTHIANA,23,23,8,August,2018,5,Thursday,11,11:00am-11:59am,1,1,0,This section IS NOT on the NHS,1,Rural,6,Minor Collector,1,State Highway Agency,3,State Highway,SR-356,,132,132,38.39443333,38.39443333,-84.326191670,-84.326191670,0,No Special Jurisdiction,12,Motor Vehicle In-Transport,2,Front-to-Front,0,No,8,Driveway Access Related,1,Not an Intersection,0,None,,,1,On Roadway,1,Daylight,1,Clear,0,No Additional Atmospheric Conditions,1,Clear,0,No,0000000,Not Applicable,11,11:00am-11:59am,4,4,11,11:00am-11:59am,9,9,11,11:00am-11:59am,27,27,0,None,0,None,0,None,1,0
2018,21,210401,Kentucky,3,3,0,0,0,3,3,147,MCCREARY (147),3545,WHITLEY CITY,16,16,8,August,2018,5,Thursday,12,12:00pm-12:59pm,36,36,1,This section IS ON the NHS,1,Rural,3,Principal Arterial - Other,1,State Highway Agency,2,U.S. Highway,US-27,SR-478,90,90,36.72298611,36.72298611,-84.467033330,-84.467033330,0,No Special Jurisdiction,12,Motor Vehicle In-Transport,6,Angle,0,No,2,Intersection,2,Four-Way Intersection,0,None,,,1,On Roadway,1,Daylight,1,Clear,0,No Additional Atmospheric Conditions,1,Clear,0,No,0000000,Not Applicable,12,12:00pm-12:59pm,36,36,12,12:00pm-12:59pm,37,37,13,1:00pm-1:59pm,34,34,0,None,0,None,0,None,1,0
2018,21,210402,Kentucky,1,1,0,0,0,2,2,223,TRIMBLE (223),0,NOT APPLICABLE,19,19,8,August,2018,1,Sunday,12,12:00pm-12:59pm,57,57,0,This section IS NOT on the NHS,1,Rural,5,Major Collector,1,State Highway Agency,3,State Highway,SR-36,,14,14,38.72669722,38.72669722,-85.344216670,-85.344216670,0,No Special Jurisdiction,1,Rollover/Overturn,0,Not a Collision with Motor Vehicle In-Transport,0,No,8,Driveway Access Related,1,Not an Intersection,0,None,,,1,On Roadway,1,Daylight,1,Clear,0,No Additional Atmospheric Conditions,1,Clear,0,No,0000000,Not Applicable,13,1:00pm-1:59pm,14,14,13,1:00pm-1:59pm,21,21,14,2:00pm-2:59pm,0,0,0,None,0,None,0,None,1,0
2018,21,210403,Kentucky,3,3,0,0,0,5,5,101,HENDERSON (101),1510,HENDERSON,22,22,8,August,2018,4,Wednesday,18,6:00pm-6:59pm,11,11,1,This section IS ON the NHS,2,Urban,3,Principal Arterial - Other,1,State Highway Agency,2,U.S. Highway,US-41,BARRET BLVD,164,164,37.86320278,37.86320278,-87.574563890,-87.574563890,0,No Special Jurisdiction,12,Motor Vehicle In-Transport,7,Sideswipe - Same Direction,0,No,3,Intersection-Related,3,T-Intersection,0,None,,,1,On Roadway,1,Daylight,1,Clear,0,No Additional Atmospheric Conditions,1,Clear,0,No,0000000,Not Applicable,18,6:00pm-6:59pm,13,13,18,6:00pm-6:59pm,20,20,88,Not Applicable (Not Transported),88,Not Applicable (Not Transported),0,None,0,None,0,None,1,0
2018,21,210404,Kentucky,1,1,0,0,0,2,2,111,JEFFERSON (111),2090,LOUISVILLE,24,24,8,August,2018,6,Friday,3,3:00am-3:59am,4,4,0,This section IS NOT on the NHS,2,Urban,7,Local,4,City or Municipal Highway Agency,5,Local Street - Township,S CLAY ST,E GRAY ST,6,6,38.24583056,38.24583056,-85.741369440,-85.741369440,0,No Special Jurisdiction,30,Utility Pole/Light Support,0,Not a Collision with Motor Vehicle In-Transport,0,No,3,Intersection-Related,2,Four-Way Intersection,0,None,,,4,On Roadside,3,Dark - Lighted,1,Clear,0,No Additional Atmospheric Conditions,1,Clear,0,No,0000000,Not Applicable,3,3:00am-3:59am,13,13,3,3:00am-3:59am,24,24,3,3:00am-3:59am,43,43,0,None,0,None,0,None,1,1
2018,21,210405,Kentucky,2,2,0,0,0,3,3,99,HART (99),0,NOT APPLICABLE,27,27,8,August,2018,2,Monday,4,4:00am-4:59am,6,6,1,This section IS ON the NHS,1,Rural,1,Interstate,1,State Highway Agency,1,Interstate,I-65,,584,584,37.21288611,37.21288611,-85.935933330,-85.935933330,0,No Special Jurisdiction,12,Motor Vehicle In-Transport,1,Front-to-Rear,0,No,1,Non-Junction,1,Not an Intersection,0,None,,,1,On Roadway,2,Dark - Not Lighted,1,Clear,0,No Additional Atmospheric Conditions,1,Clear,0,No,0000000,Not Applicable,4,4:00am-4:59am,11,11,4,4:00am-4:59am,24,24,5,5:00am-5:59am,9,9,0,None,0,None,0,None,1,0
2018,21,210406,Kentucky,2,2,0,0,0,2,2,111,JEFFERSON (111),2090,LOUISVILLE,28,28,8,August,2018,3,Tuesday,5,5:00am-5:59am,43,43,0,This section IS NOT on the NHS,2,Urban,7,Local,3,Town or Township Highway Agency,5,Local Street - Township,E INDIAN TRL,KILMER BLVD,17,17,38.17766667,38.17766667,-85.677925000,-85.677925000,0,No Special Jurisdiction,12,Motor Vehicle In-Transport,2,Front-to-Front,0,No,2,Intersection,3,T-Intersection,0,None,,,1,On Roadway,2,Dark - Not Lighted,1,Clear,0,No Additional Atmospheric Conditions,1,Clear,0,No,0000000,Not Applicable,5,5:00am-5:59am,43,43,5,5:00am-5:59am,55,55,6,6:00am-6:59am,8,8,0,None,0,None,0,None,1,0
2018,21,210407,Kentucky,2,2,0,1,1,3,3,111,JEFFERSON (111),2090,LOUISVILLE,28,28,8,August,2018,3,Tuesday,22,10:00pm-10:59pm,20,20,0,This section IS NOT on the NHS,2,Urban,4,Minor Arterial,1,State Highway Agency,3,State Highway,SR-61,,65,65,38.17119444,38.17119444,-85.709102780,-85.709102780,0,No Special Jurisdiction,9,Pedalcyclist,0,Not a Collision with Motor Vehicle In-Transport,0,No,1,Non-Junction,1,Not an Intersection,0,None,,,1,On Roadway,7,Other,1,Clear,0,No Additional Atmospheric Conditions,1,Clear,0,No,0000000,Not Applicable,22,10:00pm-10:59pm,30,30,22,10:00pm-10:59pm,30,30,88,Not Applicable (Not Transported),88,Not Applicable (Not Transported),0,None,0,None,0,None,1,0
2018,21,210408,Kentucky,2,2,0,0,0,3,3,185,OLDHAM (185),1870,LA GRANGE,25,25,8,August,2018,7,Saturday,18,6:00pm-6:59pm,0,0,0,This section IS NOT on the NHS,2,Urban,4,Minor Arterial,1,State Highway Agency,3,State Highway,SR-53,E MADISON ST,71,71,38.40966111,38.40966111,-85.379575000,-85.379575000,0,No Special Jurisdiction,12,Motor Vehicle In-Transport,6,Angle,0,No,2,Intersection,2,Four-Way Intersection,0,None,,,1,On Roadway,1,Daylight,1,Clear,0,No Additional Atmospheric Conditions,1,Clear,0,No,0000000,Not Applicable,18,6:00pm-6:59pm,6,6,18,6:00pm-6:59pm,12,12,18,6:00pm-6:59pm,44,44,26,Backup Due to Prior Non-Recurring Incident,0,None,0,None,1,0
2018,21,210409,Kentucky,2,2,0,0,0,3,3,111,JEFFERSON (111),2090,LOUISVILLE,29,29,8,August,2018,4,Wednesday,8,8:00am-8:59am,42,42,1,This section IS ON the NHS,1,Rural,3,Principal Arterial - Other,12,"Local Park, Forest or Reservation Agency",2,U.S. Highway,US-31,EMRICH AVE,71,71,38.16795833,38.16795833,-85.603611110,-85.603611110,0,No Special Jurisdiction,12,Motor Vehicle In-Transport,6,Angle,0,No,2,Intersection,2,Four-Way Intersection,0,None,,,1,On Roadway,1,Daylight,10,Cloudy,0,No Additional Atmospheric Conditions,10,Cloudy,0,No,0000000,Not Applicable,8,8:00am-8:59am,42,42,8,8:00am-8:59am,55,55,9,9:00am-9:59am,29,29,0,None,0,None,0,None,1,0
2018,21,210410,Kentucky,2,2,0,0,0,3,3,83,GRAVES (83),0,NOT APPLICABLE,29,29,8,August,2018,4,Wednesday,20,8:00pm-8:59pm,21,21,0,This section IS NOT on the NHS,1,Rural,5,Major Collector,1,State Highway Agency,3,State Highway,SR-131,,9,9,36.77323333,36.77323333,-88.595916670,-88.595916670,0,No Special Jurisdiction,12,Motor Vehicle In-Transport,2,Front-to-Front,0,No,1,Non-Junction,1,Not an Intersection,0,None,,,1,On Roadway,2,Dark - Not Lighted,10,Cloudy,0,No Additional Atmospheric Conditions,10,Cloudy,0,No,0000000,Not Applicable,20,8:00pm-8:59pm,24,24,20,8:00pm-8:59pm,27,27,20,8:00pm-8:59pm,59,59,0,None,0,None,0,None,1,0
2018,21,210411,Kentucky,1,1,0,1,1,1,1,111,JEFFERSON (111),2090,LOUISVILLE,30,30,8,August,2018,5,Thursday,4,4:00am-4:59am,4,4,1,This section IS ON the NHS,2,Urban,3,Principal Arterial - Other,1,State Highway Agency,3,State Highway,SR-1447,,34,34,38.27659167,38.27659167,-85.602291670,-85.602291670,0,No Special Jurisdiction,9,Pedalcyclist,0,Not a Collision with Motor Vehicle In-Transport,0,No,1,Non-Junction,1,Not an Intersection,0,None,,,1,On Roadway,2,Dark - Not Lighted,1,Clear,0,No Additional Atmospheric Conditions,1,Clear,0,No,0000000,Not Applicable,4,4:00am-4:59am,4,4,4,4:00am-4:59am,9,9,5,5:00am-5:59am,9,9,0,None,0,None,0,None,1,0
2018,21,210412,Kentucky,1,1,0,0,0,2,2,47,CHRISTIAN (47),0,NOT APPLICABLE,28,28,8,August,2018,3,Tuesday,21,9:00pm-9:59pm,55,55,0,This section IS NOT on the NHS,1,Rural,7,Local,2,County Highway Agency,4,County Road,CR-STRIPED BRIDGE RD,,4,4,36.74902778,36.74902778,-87.549750000,-87.549750000,0,No Special Jurisdiction,5,Fell/Jumped from Vehicle,0,Not a Collision with Motor Vehicle In-Transport,0,No,1,Non-Junction,1,Not an Intersection,0,None,,,1,On Roadway,2,Dark - Not Lighted,1,Clear,0,No Additional Atmospheric Conditions,1,Clear,0,No,0000000,Not Applicable,21,9:00pm-9:59pm,51,51,22,10:00pm-10:59pm,7,7,22,10:00pm-10:59pm,47,47,0,None,0,None,0,None,1,1
2018,21,210413,Kentucky,1,1,0,0,0,1,1,101,HENDERSON (101),0,NOT APPLICABLE,31,31,8,August,2018,6,Friday,3,3:00am-3:59am,15,15,0,This section IS NOT on the NHS,1,Rural,7,Local,2,County Highway Agency,4,County Road,CR-PRITCHETT CROOKS RD,,2,2,37.68635000,37.68635000,-87.724622220,-87.724622220,0,No Special Jurisdiction,34,Ditch,0,Not a Collision with Motor Vehicle In-Transport,0,No,1,Non-Junction,1,Not an Intersection,0,None,,,4,On Roadside,2,Dark - Not Lighted,1,Clear,0,No Additional Atmospheric Conditions,1,Clear,0,No,0000000,Not Applicable,3,3:00am-3:59am,22,22,3,3:00am-3:59am,35,35,88,Not Applicable (Not Transported),88,Not Applicable (Not Transported),0,None,0,None,0,None,1,0
2018,21,210414,Kentucky,1,1,0,0,0,1,1,101,HENDERSON (101),0,NOT APPLICABLE,31,31,8,August,2018,6,Friday,7,7:00am-7:59am,15,15,1,This section IS ON the NHS,1,Rural,3,Principal Arterial - Other,1,State Highway Agency,3,State Highway,SR-9005,,81,81,37.76768333,37.76768333,-87.426205560,-87.426205560,0,No Special Jurisdiction,1,Rollover/Overturn,0,Not a Collision with Motor Vehicle In-Transport,0,No,1,Non-Junction,1,Not an Intersection,0,None,,,1,On Roadway,1,Daylight,1,Clear,0,No Additional Atmospheric Conditions,1,Clear,0,No,0000000,Not Applicable,7,7:00am-7:59am,20,20,7,7:00am-7:59am,32,32,88,Not Applicable (Not Transported),88,Not Applicable (Not Transported),0,None,0,None,0,None,1,0
2018,21,210415,Kentucky,1,1,0,0,0,1,1,43,CARTER (43),0,NOT APPLICABLE,31,31,8,August,2018,6,Friday,16,4:00pm-4:59pm,49,49,0,This section IS NOT on the NHS,1,Rural,4,Minor Arterial,1,State Highway Agency,2,U.S. Highway,US-60,,321,321,38.35213056,38.35213056,-82.809002780,-82.809002780,0,No Special Jurisdiction,38,Fence,0,Not a Collision with Motor Vehicle In-Transport,0,No,1,Non-Junction,1,Not an Intersection,0,None,,,5,Outside Trafficway,1,Daylight,10,Cloudy,0,No Additional Atmospheric Conditions,10,Cloudy,0,No,0000000,Not Applicable,16,4:00pm-4:59pm,32,32,16,4:00pm-4:59pm,40,40,17,5:00pm-5:59pm,26,26,0,None,0,None,0,None,1,0
2018,21,210416,Kentucky,1,1,0,0,0,1,1,133,LETCHER (133),0,NOT APPLICABLE,27,27,8,August,2018,2,Monday,11,11:00am-11:59am,0,0,0,This section IS NOT on the NHS,1,Rural,5,Major Collector,1,State Highway Agency,3,State Highway,SR-7,,157,157,37.20571111,37.20571111,-82.883925000,-82.883925000,0,No Special Jurisdiction,43,Other Fixed Object,0,Not a Collision with Motor Vehicle In-Transport,0,No,1,Non-Junction,1,Not an Intersection,0,None,,,4,On Roadside,1,Daylight,1,Clear,0,No Additional Atmospheric Conditions,1,Clear,0,No,0000000,Not Applicable,11,11:00am-11:59am,3,3,11,11:00am-11:59am,15,15,88,Not Applicable (Not Transported),88,Not Applicable (Not Transported),0,None,0,None,0,None,1,0
2018,21,210417,Kentucky,1,1,0,0,0,1,1,173,MONTGOMERY (173),0,NOT APPLICABLE,28,28,8,August,2018,3,Tuesday,15,3:00pm-3:59pm,48,48,0,This section IS NOT on the NHS,1,Rural,4,Minor Arterial,1,State Highway Agency,2,U.S. Highway,US-460,,127,127,38.01842778,38.01842778,-83.913611110,-83.913611110,0,No Special Jurisdiction,53,Mail Box,0,Not a Collision with Motor Vehicle In-Transport,0,No,1,Non-Junction,1,Not an Intersection,0,None,,,4,On Roadside,1,Daylight,1,Clear,0,No Additional Atmospheric Conditions,1,Clear,0,No,0000000,Not Applicable,15,3:00pm-3:59pm,40,40,15,3:00pm-3:59pm,53,53,88,Not Applicable (Not Transported),88,Not Applicable (Not Transported),0,None,0,None,0,None,1,1
2018,21,210418,Kentucky,2,2,0,0,0,3,3,119,KNOTT (119),1819,KITE,31,31,8,August,2018,6,Friday,12,12:00pm-12:59pm,10,10,0,This section IS NOT on the NHS,1,Rural,7,Local,2,County Highway Agency,4,County Road,CR-MULLINS BRANCH RD,,0,None,37.33260000,37.33260000,-82.811155560,-82.811155560,0,No Special Jurisdiction,12,Motor Vehicle In-Transport,2,Front-to-Front,0,No,1,Non-Junction,1,Not an Intersection,0,None,,,1,On Roadway,1,Daylight,10,Cloudy,0,No Additional Atmospheric Conditions,10,Cloudy,0,No,0000000,Not Applicable,12,12:00pm-12:59pm,13,13,12,12:00pm-12:59pm,32,32,88,Not Applicable (Not Transported),88,Not Applicable (Not Transported),0,None,0,None,0,None,1,0
2018,21,210419,Kentucky,1,1,0,0,0,2,2,11,BATH (11),0,NOT APPLICABLE,11,11,8,August,2018,7,Saturday,19,7:00pm-7:59pm,54,54,0,This section IS NOT on the NHS,1,Rural,5,Major Collector,1,State Highway Agency,3,State Highway,SR-36,,92,92,38.17275833,38.17275833,-83.791452780,-83.791452780,0,No Special Jurisdiction,30,Utility Pole/Light Support,0,Not a Collision with Motor Vehicle In-Transport,0,No,1,Non-Junction,1,Not an Intersection,0,None,,,4,On Roadside,1,Daylight,10,Cloudy,0,No Additional Atmospheric Conditions,10,Cloudy,0,No,0000000,Not Applicable,19,7:00pm-7:59pm,42,42,19,7:00pm-7:59pm,48,48,20,8:00pm-8:59pm,22,22,0,None,0,None,0,None,1,0
2018,21,210420,Kentucky,1,1,0,0,0,1,1,111,JEFFERSON (111),3684,WOODLAWN PARK,13,13,7,July,2018,6,Friday,10,10:00am-10:59am,50,50,0,This section IS NOT on the NHS,2,Urban,3,Principal Arterial - Other,1,State Highway Agency,3,State Highway,SR-1447,,99998,Not Reported,38.26420278,38.26420278,-85.631547220,-85.631547220,0,No Special Jurisdiction,33,Curb,0,Not a Collision with Motor Vehicle In-Transport,0,No,1,Non-Junction,1,Not an Intersection,0,None,,,4,On Roadside,1,Daylight,1,Clear,0,No Additional Atmospheric Conditions,1,Clear,0,No,0000000,Not Applicable,10,10:00am-10:59am,50,50,10,10:00am-10:59am,55,55,11,11:00am-11:59am,13,13,0,None,0,None,0,None,1,0
2018,21,210421,Kentucky,1,1,0,0,0,1,1,5,ANDERSON (5),0,NOT APPLICABLE,7,7,7,July,2018,7,Saturday,2,2:00am-2:59am,15,15,0,This section IS NOT on the NHS,1,Rural,4,Minor Arterial,1,State Highway Agency,3,State Highway,SR-512,,49,49,38.07586667,38.07586667,-84.977350000,-84.977350000,0,No Special Jurisdiction,34,Ditch,0,Not a Collision with Motor Vehicle In-Transport,0,No,1,Non-Junction,1,Not an Intersection,0,None,,,4,On Roadside,2,Dark - Not Lighted,1,Clear,0,No Additional Atmospheric Conditions,1,Clear,0,No,0000000,Not Applicable,2,2:00am-2:59am,19,19,2,2:00am-2:59am,30,30,88,Not Applicable (Not Transported),88,Not Applicable (Not Transported),0,None,0,None,0,None,1,1
2018,21,210422,Kentucky,1,1,0,1,1,3,3,195,PIKE (195),0,NOT APPLICABLE,25,25,7,July,2018,4,Wednesday,10,10:00am-10:59am,5,5,1,This section IS ON the NHS,1,Rural,3,Principal Arterial - Other,1,State Highway Agency,2,U.S. Highway,US-119,,232,232,37.64523056,37.64523056,-82.267322220,-82.267322220,0,No Special Jurisdiction,8,Pedestrian,0,Not a Collision with Motor Vehicle In-Transport,0,No,1,Non-Junction,1,Not an Intersection,0,None,,,2,On Shoulder,1,Daylight,10,Cloudy,0,No Additional Atmospheric Conditions,10,Cloudy,0,No,0000000,Not Applicable,10,10:00am-10:59am,12,12,10,10:00am-10:59am,15,15,10,10:00am-10:59am,26,26,0,None,0,None,0,None,1,0
2018,21,210423,Kentucky,1,1,0,0,0,1,1,121,KNOX (121),160,BARBOURVILLE,30,30,8,August,2018,5,Thursday,15,3:00pm-3:59pm,57,57,0,This section IS NOT on the NHS,2,Urban,7,Local,1,State Highway Agency,3,State Highway,SR-3439,,4,4,36.85627778,36.85627778,-83.861077780,-83.861077780,0,No Special Jurisdiction,35,Embankment,0,Not a Collision with Motor Vehicle In-Transport,0,No,1,Non-Junction,1,Not an Intersection,0,None,,,4,On Roadside,1,Daylight,10,Cloudy,0,No Additional Atmospheric Conditions,10,Cloudy,0,No,0000000,Not Applicable,16,4:00pm-4:59pm,3,3,16,4:00pm-4:59pm,5,5,88,Not Applicable (Not Transported),88,Not Applicable (Not Transported),0,None,0,None,0,None,1,0