caseyear,state,st_case,statename,ve_total,ve_forms,pvh_invl,peds,pernotmvit,permvit,persons,county,countyname,city,cityname,day,dayname,month,monthname,year,day_week,day_weekname,hour,hourname,minute,minutename,nhs,nhsname,rur_urb,rur_urbname,func_sys,func_sysname,rd_owner,rd_ownername,route,routename,tway_id,tway_id2,milept,mileptname,latitude,latitudename,longitud,longitudname,sp_jur,sp_jurname,harm_ev,harm_evname,man_coll,man_collname,reljct1,reljct1name,reljct2,reljct2name,typ_int,typ_intname,wrk_zone,wrk_zonename,road_fnc,road_fncname,rel_road,rel_roadname,lgt_cond,lgt_condname,weather1,weather1name,weather2,weather2name,weather,weathername,sch_bus,sch_busname,rail,railname,not_hour,not_hourname,not_min,not_minname,arr_hour,arr_hourname,arr_min,arr_minname,hosp_hr,hosp_hrname,hosp_mn,hosp_mnname,cf1,cf1name,cf2,cf2name,cf3,cf3name,fatals,drunk_dr
2018,21,210459,Kentucky,2,2,0,0,0,5,5,195,PIKE (195),0,NOT APPLICABLE,22,22,9,September,2018,7,Saturday,21,9:00pm-9:59pm,19,19,0,This section IS NOT on the NHS,1,Rural,5,Major Collector,1,State Highway Agency,3,State Highway,SR-195,,83,83,37.33134444,37.33134444,-82.428700000,-82.428700000,0,No Special Jurisdiction,12,Motor Vehicle In-Transport,6,Angle,0,No,1,Non-Junction,1,Not an Intersection,0,None,,,1,On Roadway,2,Dark - Not Lighted,2,Rain,0,No Additional Atmospheric Conditions,2,Rain,0,No,0000000,Not Applicable,21,9:00pm-9:59pm,25,25,21,9:00pm-9:59pm,43,43,99,Unknown,99,Unknown EMS Hospital Arrival Time,0,None,0,None,0,None,1,0
2018,21,210460,Kentucky,1,1,0,0,0,1,1,113,JESSAMINE (113),0,NOT APPLICABLE,23,23,9,September,2018,1,Sunday,21,9:00pm-9:59pm,18,18,0,This section IS NOT on the NHS,1,Rural,5,Major Collector,1,State Highway Agency,3,State Highway,SR-169,,29,29,37.87443333,37.87443333,-84.455108330,-84.455108330,0,No Special Jurisdiction,30,Utility Pole/Light Support,0,Not a Collision with Motor Vehicle In-Transport,0,No,1,Non-Junction,1,Not an Intersection,0,None,,,4,On Roadside,2,Dark - Not Lighted,10,Cloudy,0,No Additional Atmospheric Conditions,10,Cloudy,0,No,0000000,Not Applicable,21,9:00pm-9:59pm,20,20,21,9:00pm-9:59pm,29,29,88,Not Applicable (Not Transported),88,Not Applicable (Not Transported),0,None,0,None,0,None,1,0
2018,21,210461,Kentucky,1,1,0,0,0,1,1,209,SCOTT (209),1280,GEORGETOWN,18,18,9,September,2018,3,Tuesday,21,9:00pm-9:59pm,57,57,0,This section IS NOT on the NHS,2,Urban,6,Minor Collector,1,State Highway Agency,3,State Highway,SR-3552,,9,9,38.24396944,38.24396944,-84.537094440,-84.537094440,0,No Special Jurisdiction,33,Curb,0,Not a Collision with Motor Vehicle In-Transport,0,No,1,Non-Junction,1,Not an Intersection,0,None,,,3,On Median,3,Dark - Lighted,1,Clear,0,No Additional Atmospheric Conditions,1,Clear,0,No,0000000,Not Applicable,21,9:00pm-9:59pm,59,59,22,10:00pm-10:59pm,5,5,22,10:00pm-10:59pm,36,36,0,None,0,None,0,None,1,1
2018,21,210462,Kentucky,1,1,0,0,0,1,1,47,CHRISTIAN (47),1620,HOPKINSVILLE,20,20,9,September,2018,5,Thursday,16,4:00pm-4:59pm,18,18,0,This section IS NOT on the NHS,1,Rural,3,Principal Arterial - Other,1,State Highway Agency,3,State Highway,SR-9004,US-41A RAMP,3,3,36.83246111,36.83246111,-87.470647220,-87.470647220,0,No Special Jurisdiction,24,Guardrail Face,0,Not a Collision with Motor Vehicle In-Transport,1,Yes,5,Entrance/Exit Ramp Related,1,Not an Intersection,0,None,,,4,On Roadside,1,Daylight,1,Clear,0,No Additional Atmospheric Conditions,1,Clear,0,No,0000000,Not Applicable,16,4:00pm-4:59pm,20,20,16,4:00pm-4:59pm,23,23,16,4:00pm-4:59pm,52,52,0,None,0,None,0,None,1,0
2018,21,210463,Kentucky,2,2,0,0,0,2,2,67,FAYETTE (67),1980,LEXINGTON,20,20,9,September,2018,5,Thursday,20,8:00pm-8:59pm,0,0,1,This section IS ON the NHS,2,Urban,1,Interstate,1,State Highway Agency,1,Interstate,I-75,,1120,1120,38.06691944,38.06691944,-84.445230560,-84.445230560,0,No Special Jurisdiction,54,"Motor Vehicle In-Transport Strikes or is Struck by Cargo, Persons or Objects Set-in-Motion from/by Another Motor Vehicle In Transport",11,Other,0,No,1,Non-Junction,1,Not an Intersection,0,None,,,1,On Roadway,3,Dark - Lighted,1,Clear,0,No Additional Atmospheric Conditions,1,Clear,0,No,0000000,Not Applicable,22,10:00pm-10:59pm,49,49,22,10:00pm-10:59pm,57,57,88,Not Applicable (Not Transported),88,Not Applicable (Not Transported),14,"Motor Vehicle struck by falling cargo,or something that came loose from or something that was set in motion by a vehicle",0,None,0,None,1,0
2018,21,210464,Kentucky,2,2,0,0,0,4,4,121,KNOX (121),1328,GRAY,15,15,9,September,2018,7,Saturday,20,8:00pm-8:59pm,51,51,0,This section IS NOT on the NHS,2,Urban,6,Minor Collector,1,State Highway Agency,3,State Highway,SR-1232,,28,28,36.94250833,36.94250833,-84.018722220,-84.018722220,0,No Special Jurisdiction,12,Motor Vehicle In-Transport,2,Front-to-Front,0,No,1,Non-Junction,1,Not an Intersection,0,None,,,1,On Roadway,2,Dark - Not Lighted,1,Clear,0,No Additional Atmospheric Conditions,1,Clear,0,No,0000000,Not Applicable,20,8:00pm-8:59pm,41,41,20,8:00pm-8:59pm,56,56,21,9:00pm-9:59pm,7,7,0,None,0,None,0,None,1,0
2018,21,210465,Kentucky,1,1,0,0,0,1,1,195,PIKE (195),2131,MC CARR,24,24,9,September,2018,2,Monday,15,3:00pm-3:59pm,5,5,0,This section IS NOT on the NHS,1,Rural,5,Major Collector,1,State Highway Agency,3,State Highway,SR-1056,,107,107,37.61022222,37.61022222,-82.170052780,-82.170052780,0,No Special Jurisdiction,43,Other Fixed Object,0,Not a Collision with Motor Vehicle In-Transport,0,No,1,Non-Junction,1,Not an Intersection,0,None,,,5,Outside Trafficway,1,Daylight,2,Rain,0,No Additional Atmospheric Conditions,2,Rain,0,No,0000000,Not Applicable,15,3:00pm-3:59pm,7,7,15,3:00pm-3:59pm,30,30,16,4:00pm-4:59pm,1,1,0,None,0,None,0,None,1,0
2018,21,210466,Kentucky,1,1,0,0,0,1,1,105,HICKMAN (105),0,NOT APPLICABLE,21,21,9,September,2018,6,Friday,4,4:00am-4:59am,13,13,0,This section IS NOT on the NHS,1,Rural,5,Major Collector,1,State Highway Agency,3,State Highway,SR-307,,4,4,36.54886944,36.54886944,-88.871769440,-88.871769440,0,No Special Jurisdiction,42,Tree (Standing Only),0,Not a Collision with Motor Vehicle In-Transport,0,No,1,Non-Junction,1,Not an Intersection,0,None,,,4,On Roadside,2,Dark - Not Lighted,10,Cloudy,0,No Additional Atmospheric Conditions,10,Cloudy,0,No,0000000,Not Applicable,4,4:00am-4:59am,13,13,4,4:00am-4:59am,33,33,88,Not Applicable (Not Transported),88,Not Applicable (Not Transported),0,None,0,None,0,None,1,0
2018,21,210467,Kentucky,2,2,0,0,0,4,4,19,BOYD (19),558,CANNONSBURG,25,25,9,September,2018,3,Tuesday,17,5:00pm-5:59pm,37,37,1,This section IS ON the NHS,2,Urban,3,Principal Arterial - Other,1,State Highway Agency,2,U.S. Highway,US-60,PARKING LOT WAY,43,43,38.39040556,38.39040556,-82.712858330,-82.712858330,0,No Special Jurisdiction,12,Motor Vehicle In-Transport,6,Angle,0,No,2,Intersection,2,Four-Way Intersection,0,None,,,1,On Roadway,1,Daylight,10,Cloudy,0,No Additional Atmospheric Conditions,10,Cloudy,0,No,0000000,Not Applicable,17,5:00pm-5:59pm,38,38,17,5:00pm-5:59pm,46,46,18,6:00pm-6:59pm,10,10,0,None,0,None,0,None,1,0
2018,21,210468,Kentucky,2,2,0,0,0,2,2,185,OLDHAM (185),0,NOT APPLICABLE,27,27,9,September,2018,5,Thursday,21,9:00pm-9:59pm,2,2,1,This section IS ON the NHS,1,Rural,1,Interstate,1,State Highway Agency,1,Interstate,I-71,,161,161,38.35972222,38.35972222,-85.466741670,-85.466741670,0,No Special Jurisdiction,12,Motor Vehicle In-Transport,1,Front-to-Rear,0,No,1,Non-Junction,1,Not an Intersection,0,None,,,1,On Roadway,2,Dark - Not Lighted,10,Cloudy,0,No Additional Atmospheric Conditions,10,Cloudy,0,No,0000000,Not Applicable,21,9:00pm-9:59pm,6,6,21,9:00pm-9:59pm,14,14,88,Not Applicable (Not Transported),88,Not Applicable (Not Transported),0,None,0,None,0,None,1,0
2018,21,210469,Kentucky,1,1,0,0,0,3,3,183,OHIO (183),1440,HARTFORD,5,5,9,September,2018,4,Wednesday,7,7:00am-7:59am,55,55,0,This section IS NOT on the NHS,2,Urban,7,Local,4,City or Municipal Highway Agency,6,Local Street - Municipality,W FREDRICK ST,MAIN ST,0,None,37.44554444,37.44554444,-86.901747220,-86.901747220,0,No Special Jurisdiction,5,Fell/Jumped from Vehicle,0,Not a Collision with Motor Vehicle In-Transport,0,No,3,Intersection-Related,3,T-Intersection,0,None,,,1,On Roadway,1,Daylight,1,Clear,0,No Additional Atmospheric Conditions,1,Clear,0,No,0000000,Not Applicable,7,7:00am-7:59am,57,57,8,8:00am-8:59am,6,6,8,8:00am-8:59am,33,33,0,None,0,None,0,None,1,0
2018,21,210470,Kentucky,1,1,0,0,0,1,1,85,GRAYSON (85),0,NOT APPLICABLE,28,28,9,September,2018,6,Friday,16,4:00pm-4:59pm,3,3,0,This section IS NOT on the NHS,1,Rural,7,Local,2,County Highway Agency,4,County Road,CR-BLACK ROCK DR,,1,1,37.46224444,37.46224444,-86.355002780,-86.355002780,0,No Special Jurisdiction,10,Railway Vehicle,0,Not a Collision with Motor Vehicle In-Transport,0,No,6,Railway Grade Crossing,1,Not an Intersection,0,None,,,1,On Roadway,1,Daylight,1,Clear,0,No Additional Atmospheric Conditions,1,Clear,0,No,296949T,296949T,16,4:00pm-4:59pm,3,3,16,4:00pm-4:59pm,11,11,88,Not Applicable (Not Transported),88,Not Applicable (Not Transported),0,None,0,None,0,None,1,0
2018,21,210471,Kentucky,1,1,0,1,1,1,1,179,NELSON (179),170,BARDSTOWN,30,30,9,September,2018,1,Sunday,4,4:00am-4:59am,53,53,0,This section IS NOT on the NHS,2,Urban,4,Minor Arterial,1,State Highway Agency,3,State Highway,SR-245,,29,29,37.82461389,37.82461389,-85.453669440,-85.453669440,0,No Special Jurisdiction,8,Pedestrian,0,Not a Collision with Motor Vehicle In-Transport,0,No,1,Non-Junction,1,Not an Intersection,0,None,,,1,On Roadway,2,Dark - Not Lighted,1,Clear,0,No Additional Atmospheric Conditions,1,Clear,0,No,0000000,Not Applicable,4,4:00am-4:59am,54,54,4,4:00am-4:59am,59,59,88,Not Applicable (Not Transported),88,Not Applicable (Not Transported),0,None,0,None,0,None,1,0
2018,21,210472,Kentucky,2,2,0,0,0,4,4,43,CARTER (43),0,NOT APPLICABLE,30,30,9,September,2018,1,Sunday,17,5:00pm-5:59pm,37,37,0,This section IS NOT on the NHS,1,Rural,5,Major Collector,1,State Highway Agency,2,U.S. Highway,US-60,REEVES LN,47,47,38.29063056,38.29063056,-83.248338890,-83.248338890,0,No Special Jurisdiction,12,Motor Vehicle In-Transport,6,Angle,0,No,2,Intersection,2,Four-Way Intersection,0,None,,,1,On Roadway,1,Daylight,1,Clear,0,No Additional Atmospheric Conditions,1,Clear,0,No,0000000,Not Applicable,17,5:00pm-5:59pm,25,25,17,5:00pm-5:59pm,35,35,18,6:00pm-6:59pm,1,1,0,None,0,None,0,None,1,0
2018,21,210473,Kentucky,2,2,0,0,0,2,2,85,GRAYSON (85),0,NOT APPLICABLE,30,30,9,September,2018,1,Sunday,20,8:00pm-8:59pm,22,22,1,This section IS ON the NHS,1,Rural,3,Principal Arterial - Other,1,State Highway Agency,3,State Highway,SR-9001,,1184,1184,37.54738333,37.54738333,-86.122725000,-86.122725000,0,No Special Jurisdiction,93,Unknown Fixed Object,0,Not a Collision with Motor Vehicle In-Transport,0,No,1,Non-Junction,1,Not an Intersection,0,None,,,3,On Median,2,Dark - Not Lighted,1,Clear,0,No Additional Atmospheric Conditions,1,Clear,0,No,0000000,Not Applicable,20,8:00pm-8:59pm,22,22,20,8:00pm-8:59pm,35,35,88,Not Applicable (Not Transported),88,Not Applicable (Not Transported),0,None,0,None,0,None,1,0
2018,21,210474,Kentucky,2,2,0,0,0,2,2,239,WOODFORD (239),3360,VERSAILLES,28,28,9,September,2018,6,Friday,15,3:00pm-3:59pm,38,38,1,This section IS ON the NHS,1,Rural,3,Principal Arterial - Other,1,State Highway Agency,2,U.S. Highway,US-60,FRANKFORT ST,79,79,38.06491667,38.06491667,-84.735050000,-84.735050000,0,No Special Jurisdiction,12,Motor Vehicle In-Transport,6,Angle,0,No,2,Intersection,3,T-Intersection,0,None,,,1,On Roadway,1,Daylight,1,Clear,0,No Additional Atmospheric Conditions,1,Clear,0,No,0000000,Not Applicable,15,3:00pm-3:59pm,39,39,15,3:00pm-3:59pm,42,42,16,4:00pm-4:59pm,15,15,0,None,0,None,0,None,1,0
2018,21,210475,Kentucky,1,1,0,0,0,1,1,191,PENDLETON (191),0,NOT APPLICABLE,18,18,9,September,2018,3,Tuesday,12,12:00pm-12:59pm,26,26,0,This section IS NOT on the NHS,1,Rural,7,Local,2,County Highway Agency,4,County Road,CR-WYATTS BEND RD,,0,None,38.61120278,38.61120278,-84.249813890,-84.249813890,0,No Special Jurisdiction,42,Tree (Standing Only),0,Not a Collision with Motor Vehicle In-Transport,0,No,1,Non-Junction,1,Not an Intersection,0,None,,,4,On Roadside,1,Daylight,1,Clear,0,No Additional Atmospheric Conditions,1,Clear,0,No,0000000,Not Applicable,12,12:00pm-12:59pm,26,26,12,12:00pm-12:59pm,42,42,13,1:00pm-1:59pm,45,45,0,None,0,None,0,None,1,0
2018,21,210476,Kentucky,1,1,0,0,0,1,1,195,PIKE (195),2979,SHELBIANA,12,12,7,July,2018,5,Thursday,9,9:00am-9:59am,1,1,0,This section IS NOT on the NHS,1,Rural,5,Major Collector,1,State Highway Agency,2,U.S. Highway,US-460,,37,37,37.42144444,37.42144444,-82.465519440,-82.465519440,0,No Special Jurisdiction,43,Other Fixed Object,0,Not a Collision with Motor Vehicle In-Transport,0,No,1,Non-Junction,1,Not an Intersection,0,None,,,4,On Roadside,1,Daylight,1,Clear,0,No Additional Atmospheric Conditions,1,Clear,0,No,0000000,Not Applicable,9,9:00am-9:59am,4,4,9,9:00am-9:59am,19,19,9,9:00am-9:59am,45,45,0,None,0,None,0,None,1,0
2018,21,210477,Kentucky,1,1,0,0,0,1,1,231,WAYNE (231),0,NOT APPLICABLE,10,10,9,September,2018,2,Monday,9,9:00am-9:59am,11,11,0,This section IS NOT on the NHS,2,Urban,6,Minor Collector,1,State Highway Agency,3,State Highway,SR-3106,,17,17,36.87093889,36.87093889,-84.817183330,-84.817183330,0,No Special Jurisdiction,42,Tree (Standing Only),0,Not a Collision with Motor Vehicle In-Transport,0,No,1,Non-Junction,1,Not an Intersection,0,None,,,5,Outside Trafficway,1,Daylight,10,Cloudy,0,No Additional Atmospheric Conditions,10,Cloudy,0,No,0000000,Not Applicable,9,9:00am-9:59am,11,11,9,9:00am-9:59am,17,17,9,9:00am-9:59am,54,54,0,None,0,None,0,None,1,0
2018,21,210478,Kentucky,1,1,0,0,0,1,1,117,KENTON (117),3239,TAYLOR MILL,24,24,9,September,2018,2,Monday,12,12:00pm-12:59pm,10,10,1,This section IS ON the NHS,2,Urban,3,Principal Arterial - Other,1,State Highway Agency,3,State Highway,SR-16,,137,137,39.03286111,39.03286111,-84.511522220,-84.511522220,0,No Special Jurisdiction,93,Unknown Fixed Object,0,Not a Collision with Motor Vehicle In-Transport,0,No,1,Non-Junction,1,Not an Intersection,0,None,,,8,Gore,1,Daylight,2,Rain,0,No Additional Atmospheric Conditions,2,Rain,0,No,0000000,Not Applicable,12,12:00pm-12:59pm,15,15,12,12:00pm-12:59pm,20,20,12,12:00pm-12:59pm,46,46,0,None,0,None,0,None,1,0
2018,21,210479,Kentucky,1,1,0,0,0,1,1,91,HANCOCK (91),0,NOT APPLICABLE,8,8,9,September,2018,7,Saturday,5,5:00am-5:59am,45,45,0,This section IS NOT on the NHS,1,Rural,6,Minor Collector,1,State Highway Agency,3,State Highway,SR-2181,,113,113,37.89359444,37.89359444,-86.762986110,-86.762986110,0,No Special Jurisdiction,42,Tree (Standing Only),0,Not a Collision with Motor Vehicle In-Transport,0,No,1,Non-Junction,1,Not an Intersection,0,None,,,4,On Roadside,2,Dark - Not Lighted,10,Cloudy,0,No Additional Atmospheric Conditions,10,Cloudy,0,No,0000000,Not Applicable,5,5:00am-5:59am,53,53,5,5:00am-5:59am,58,58,6,6:00am-6:59am,37,37,0,None,0,None,0,None,1,1
2018,21,210480,Kentucky,1,1,0,0,0,1,1,87,GREEN (87),0,NOT APPLICABLE,25,25,9,September,2018,3,Tuesday,15,3:00pm-3:59pm,15,15,0,This section IS NOT on the NHS,1,Rural,4,Minor Arterial,1,State Highway Agency,3,State Highway,SR-61,,61,61,37.22119444,37.22119444,-85.470638890,-85.470638890,0,No Special Jurisdiction,30,Utility Pole/Light Support,0,Not a Collision with Motor Vehicle In-Transport,0,No,1,Non-Junction,1,Not an Intersection,0,None,,,4,On Roadside,1,Daylight,2,Rain,0,No Additional Atmospheric Conditions,2,Rain,0,No,0000000,Not Applicable,15,3:00pm-3:59pm,15,15,15,3:00pm-3:59pm,22,22,15,3:00pm-3:59pm,54,54,0,None,0,None,0,None,1,0
2018,21,210481,Kentucky,1,1,0,1,1,1,1,111,JEFFERSON (111),2090,LOUISVILLE,17,17,9,September,2018,2,Monday,0,0:00am-0:59am,12,12,1,This section IS ON the NHS,2,Urban,2,Principal Arterial - Other Freeways and Expressways,1,State Highway Agency,3,State Highway,SR-841,,16,16,38.08830000,38.08830000,-85.846050000,-85.846050000,0,No Special Jurisdiction,9,Pedalcyclist,0,Not a Collision with Motor Vehicle In-Transport,0,No,1,Non-Junction,1,Not an Intersection,0,None,,,1,On Roadway,2,Dark - Not Lighted,1,Clear,0,No Additional Atmospheric Conditions,1,Clear,0,No,0000000,Not Applicable,0,0:00am-0:59am,12,12,0,0:00am-0:59am,23,23,0,0:00am-0:59am,54,54,0,None,0,None,0,None,1,0
2018,21,210482,Kentucky,2,2,0,0,0,2,2,205,ROWAN (205),0,NOT APPLICABLE,31,31,7,July,2018,3,Tuesday,8,8:00am-8:59am,45,45,0,This section IS NOT on the NHS,1,Rural,4,Minor Arterial,1,State Highway Agency,3,State Highway,SR-519,,61,61,38.12266389,38.12266389,-83.416925000,-83.416925000,0,No Special Jurisdiction,12,Motor Vehicle In-Transport,8,Sideswipe - Opposite Direction,0,No,1,Non-Junction,1,Not an Intersection,0,None,,,1,On Roadway,1,Daylight,2,Rain,0,No Additional Atmospheric Conditions,2,Rain,0,No,0000000,Not Applicable,8,8:00am-8:59am,50,50,8,8:00am-8:59am,59,59,9,9:00am-9:59am,25,25,0,None,0,None,0,None,1,0
2018,21,210483,Kentucky,2,2,0,0,0,3,3,107,HOPKINS (107),0,NOT APPLICABLE,11,11,9,September,2018,3,Tuesday,17,5:00pm-5:59pm,38,38,0,This section IS NOT on the NHS,1,Rural,5,Major Collector,1,State Highway Agency,3,State Highway,SR-109,NILES RD,54,54,37.21693333,37.21693333,-87.676469440,-87.676469440,0,No Special Jurisdiction,12,Motor Vehicle In-Transport,6,Angle,0,No,2,Intersection,3,T-Intersection,0,None,,,1,On Roadway,1,Daylight,1,Clear,0,No Additional Atmospheric Conditions,1,Clear,0,No,0000000,Not Applicable,17,5:00pm-5:59pm,41,41,18,6:00pm-6:59pm,0,0,18,6:00pm-6:59pm,40,40,0,None,0,None,0,None,1,0
2018,21,210484,Kentucky,1,1,0,0,0,1,1,85,GRAYSON (85),680,CLARKSON,15,15,6,June,2018,6,Friday,14,2:00pm-2:59pm,3,3,1,This section IS ON the NHS,1,Rural,3,Principal Arterial - Other,1,State Highway Agency,3,State Highway,SR-9001,,2,2,37.49028889,37.49028889,-86.207700000,-86.207700000,0,No Special Jurisdiction,1,Rollover/Overturn,0,Not a Collision with Motor Vehicle In-Transport,0,No,5,Entrance/Exit Ramp Related,1,Not an Intersection,0,None,,,4,On Roadside,1,Daylight,1,Clear,0,No Additional Atmospheric Conditions,1,Clear,0,No,0000000,Not Applicable,14,2:00pm-2:59pm,3,3,14,2:00pm-2:59pm,17,17,88,Not Applicable (Not Transported),88,Not Applicable (Not Transported),0,None,0,None,0,None,1,1
2018,21,210485,Kentucky,1,1,0,0,0,2,2,85,GRAYSON (85),0,NOT APPLICABLE,23,23,5,May,2018,4,Wednesday,6,6:00am-6:59am,34,34,1,This section IS ON the NHS,1,Rural,2,Principal Arterial - Other Freeways and Expressways,1,State Highway Agency,3,State Highway,SR-9001,,966,966,37.40833889,37.40833889,-86.460122220,-86.460122220,0,No Special Jurisdiction,39,Wall,0,Not a Collision with Motor Vehicle In-Transport,0,No,1,Non-Junction,1,Not an Intersection,0,None,,,4,On Roadside,1,Daylight,1,Clear,0,No Additional Atmospheric Conditions,1,Clear,0,No,0000000,Not Applicable,6,6:00am-6:59am,35,35,6,6:00am-6:59am,48,48,88,Not Applicable (Not Transported),88,Not Applicable (Not Transported),0,None,0,None,0,None,1,0
2018,21,210486,Kentucky,1,1,0,1,1,1,1,41,CARROLL (41),570,CARROLLTON,4,4,9,September,2018,3,Tuesday,20,8:00pm-8:59pm,48,48,0,This section IS NOT on the NHS,2,Urban,5,Major Collector,1,State Highway Agency,2,U.S. Highway,US-42,5TH STREET,62,62,38.68109444,38.68109444,-85.179827780,-85.179827780,0,No Special Jurisdiction,8,Pedestrian,0,Not a Collision with Motor Vehicle In-Transport,0,No,3,Intersection-Related,2,Four-Way Intersection,0,None,,,1,On Roadway,3,Dark - Lighted,1,Clear,0,No Additional Atmospheric Conditions,1,Clear,0,No,0000000,Not Applicable,20,8:00pm-8:59pm,50,50,20,8:00pm-8:59pm,52,52,21,9:00pm-9:59pm,11,11,0,None,0,None,0,None,1,0
2018,21,210487,Kentucky,1,1,0,0,0,1,1,45,CASEY (45),0,NOT APPLICABLE,22,22,9,September,2018,7,Saturday,18,6:00pm-6:59pm,1,1,0,This section IS NOT on the NHS,1,Rural,5,Major Collector,1,State Highway Agency,3,State Highway,SR-78,,85,85,37.46567222,37.46567222,-84.882405560,-84.882405560,0,No Special Jurisdiction,24,Guardrail Face,0,Not a Collision with Motor Vehicle In-Transport,0,No,1,Non-Junction,1,Not an Intersection,0,None,,,4,On Roadside,1,Daylight,10,Cloudy,0,No Additional Atmospheric Conditions,10,Cloudy,0,No,0000000,Not Applicable,18,6:00pm-6:59pm,9,9,18,6:00pm-6:59pm,24,24,88,Not Applicable (Not Transported),88,Not Applicable (Not Transported),0,None,0,None,0,None,1,1
2018,21,210488,Kentucky,2,2,0,0,0,3,3,209,SCOTT (209),1280,GEORGETOWN,17,17,9,September,2018,2,Monday,10,10:00am-10:59am,38,38,1,This section IS ON the NHS,1,Rural,3,Principal Arterial - Other,1,State Highway Agency,2,U.S. Highway,US-62,FRAZIER CT,119,119,38.23361111,38.23361111,-84.534538890,-84.534538890,0,No Special Jurisdiction,12,Motor Vehicle In-Transport,6,Angle,0,No,2,Intersection,3,T-Intersection,0,None,,,1,On Roadway,1,Daylight,2,Rain,0,No Additional Atmospheric Conditions,2,Rain,0,No,0000000,Not Applicable,10,10:00am-10:59am,41,41,10,10:00am-10:59am,44,44,11,11:00am-11:59am,24,24,0,None,0,None,0,None,1,0
2018,21,210489,Kentucky,1,1,0,0,0,1,1,117,KENTON (117),3239,TAYLOR MILL,1,1,10,October,2018,2,Monday,1,1:00am-1:59am,13,13,1,This section IS ON the NHS,2,Urban,1,Interstate,1,State Highway Agency,1,Interstate,I- 75 PRIDE PARKWAY RAMP,I-275,2,2,39.02211389,39.02211389,-84.516211110,-84.516211110,0,No Special Jurisdiction,39,Wall,0,Not a Collision with Motor Vehicle In-Transport,1,Yes,5,Entrance/Exit Ramp Related,1,Not an Intersection,0,None,,,8,Gore,3,Dark - Lighted,1,Clear,0,No Additional Atmospheric Conditions,1,Clear,0,No,0000000,Not Applicable,1,1:00am-1:59am,14,14,1,1:00am-1:59am,21,21,88,Not Applicable (Not Transported),88,Not Applicable (Not Transported),0,None,0,None,0,None,1,1
2018,21,210490,Kentucky,2,2,0,0,0,4,4,85,GRAYSON (85),1940,LEITCHFIELD,1,1,10,October,2018,2,Monday,16,4:00pm-4:59pm,5,5,0,This section IS NOT on the NHS,2,Urban,4,Minor Arterial,1,State Highway Agency,3,State Highway,SR-259,,121,121,37.46610556,37.46610556,-86.292369440,-86.292369440,0,No Special Jurisdiction,12,Motor Vehicle In-Transport,2,Front-to-Front,1,Yes,18,Through Roadway,1,Not an Intersection,0,None,,,1,On Roadway,1,Daylight,1,Clear,0,No Additional Atmospheric Conditions,1,Clear,0,No,0000000,Not Applicable,16,4:00pm-4:59pm,10,10,16,4:00pm-4:59pm,18,18,99,Unknown,99,Unknown EMS Hospital Arrival Time,0,None,0,None,0,None,1,0
2018,21,210491,Kentucky,2,2,0,0,0,3,3,99,HART (99),0,NOT APPLICABLE,2,2,10,October,2018,3,Tuesday,13,1:00pm-1:59pm,31,31,1,This section IS ON the NHS,1,Rural,1,Interstate,1,State Highway Agency,1,Interstate,I-65,,672,672,37.33527778,37.33527778,-85.907313890,-85.907313890,0,No Special Jurisdiction,24,Guardrail Face,0,Not a Collision with Motor Vehicle In-Transport,0,No,1,Non-Junction,1,Not an Intersection,0,None,,,4,On Roadside,1,Daylight,2,Rain,0,No Additional Atmospheric Conditions,2,Rain,0,No,0000000,Not Applicable,13,1:00pm-1:59pm,32,32,13,1:00pm-1:59pm,40,40,14,2:00pm-2:59pm,0,0,0,None,0,None,0,None,1,0
2018,21,210492,Kentucky,2,2,0,0,0,3,3,207,RUSSELL (207),0,NOT APPLICABLE,3,3,10,October,2018,4,Wednesday,12,12:00pm-12:59pm,18,18,0,This section IS NOT on the NHS,1,Rural,6,Minor Collector,1,State Highway Agency,3,State Highway,SR-916,,25,25,37.06947778,37.06947778,-84.987583330,-84.987583330,0,No Special Jurisdiction,12,Motor Vehicle In-Transport,8,Sideswipe - Opposite Direction,0,No,1,Non-Junction,1,Not an Intersection,0,None,,,1,On Roadway,1,Daylight,1,Clear,0,No Additional Atmospheric Conditions,1,Clear,0,No,0000000,Not Applicable,11,11:00am-11:59am,55,55,12,12:00pm-12:59pm,9,9,13,1:00pm-1:59pm,0,0,21,Within Designated School Zone,0,None,0,None,1,0
2018,21,210493,Kentucky,2,2,0,0,0,4,4,89,GREENUP (89),0,NOT APPLICABLE,3,3,10,October,2018,4,Wednesday,21,9:00pm-9:59pm,22,22,1,This section IS ON the NHS,1,Rural,3,Principal Arterial - Other,1,State Highway Agency,2,U.S. Highway,US-23,US- GRANT BRIDGE,287,287,38.72480000,38.72480000,-82.997950000,-82.997950000,0,No Special Jurisdiction,12,Motor Vehicle In-Transport,6,Angle,0,No,2,Intersection,3,T-Intersection,0,None,,,1,On Roadway,1,Daylight,1,Clear,0,No Additional Atmospheric Conditions,1,Clear,0,No,0000000,Not Applicable,21,9:00pm-9:59pm,2,2,21,9:00pm-9:59pm,10,10,21,9:00pm-9:59pm,45,45,0,None,0,None,0,None,2,0