caseyear,state,st_case,statename,ve_total,ve_forms,pvh_invl,peds,pernotmvit,permvit,persons,county,countyname,city,cityname,day,dayname,month,monthname,year,day_week,day_weekname,hour,hourname,minute,minutename,nhs,nhsname,rur_urb,rur_urbname,func_sys,func_sysname,rd_owner,rd_ownername,route,routename,tway_id,tway_id2,milept,mileptname,latitude,latitudename,longitud,longitudname,sp_jur,sp_jurname,harm_ev,harm_evname,man_coll,man_collname,reljct1,reljct1name,reljct2,reljct2name,typ_int,typ_intname,wrk_zone,wrk_zonename,road_fnc,road_fncname,rel_road,rel_roadname,lgt_cond,lgt_condname,weather1,weather1name,weather2,weather2name,weather,weathername,sch_bus,sch_busname,rail,railname,not_hour,not_hourname,not_min,not_minname,arr_hour,arr_hourname,arr_min,arr_minname,hosp_hr,hosp_hrname,hosp_mn,hosp_mnname,cf1,cf1name,cf2,cf2name,cf3,cf3name,fatals,drunk_dr
2019,21,210066,Kentucky,2,2,0,0,0,3,3,83,GRAVES (83),0,NOT APPLICABLE,21,21,2,February,2019,5,Thursday,6,6:00am-6:59am,38,38,1,This section IS ON the NHS,1,Rural,3,Principal Arterial - Other,1,State Highway Agency,2,U.S. Highway,US-45,E-POWELL RD,225,225,36.81770833,36.81770833,-88.650086110,-88.650086110,0,No Special Jurisdiction,12,Motor Vehicle In-Transport,6,Angle,0,No,2,Intersection,2,Four-Way Intersection,0,None,,,1,On Roadway,1,Daylight,1,Clear,0,No Additional Atmospheric Conditions,1,Clear,0,No,0000000,Not Applicable,6,6:00am-6:59am,47,47,6,6:00am-6:59am,50,50,7,7:00am-7:59am,21,21,0,None,0,None,0,None,1,0
2019,21,210067,Kentucky,1,1,0,0,0,3,3,83,GRAVES (83),0,NOT APPLICABLE,22,22,2,February,2019,6,Friday,6,6:00am-6:59am,33,33,1,This section IS ON the NHS,1,Rural,2,Principal Arterial - Other Freeways and Expressways,1,State Highway Agency,3,State Highway,SR-9003,,248,248,36.76863611,36.76863611,-88.640472220,-88.640472220,0,No Special Jurisdiction,32,Culvert,0,The First Harmful Event was Not a Collision with a Motor Vehicle in Transport,0,No,1,Non-Junction,1,Not an Intersection,0,None,,,4,On Roadside,4,Dawn,10,Cloudy,0,No Additional Atmospheric Conditions,10,Cloudy,0,No,0000000,Not Applicable,6,6:00am-6:59am,35,35,6,6:00am-6:59am,44,44,6,6:00am-6:59am,59,59,0,None,0,None,0,None,1,0
2019,21,210068,Kentucky,1,1,0,0,0,3,3,67,FAYETTE (67),1980,LEXINGTON-FAYETTE,23,23,2,February,2019,7,Saturday,13,1:00pm-1:59pm,40,40,1,This section IS ON the NHS,1,Rural,1,Interstate,1,State Highway Agency,1,Interstate,I-64,,1,1,38.04477500,38.04477500,-84.325205560,-84.325205560,0,No Special Jurisdiction,35,Embankment,0,The First Harmful Event was Not a Collision with a Motor Vehicle in Transport,1,Yes,5,Entrance/Exit Ramp Related,1,Not an Intersection,0,None,,,4,On Roadside,1,Daylight,10,Cloudy,0,No Additional Atmospheric Conditions,10,Cloudy,0,No,0000000,Not Applicable,13,1:00pm-1:59pm,45,45,14,2:00pm-2:59pm,1,1,14,2:00pm-2:59pm,28,28,0,None,0,None,0,None,1,1
2019,21,210069,Kentucky,1,1,0,0,0,1,1,101,HENDERSON (101),1510,HENDERSON,22,22,2,February,2019,6,Friday,4,4:00am-4:59am,15,15,0,This section IS NOT on the NHS,1,Rural,4,Minor Arterial,1,State Highway Agency,2,U.S. Highway,US-41,,20,20,37.81946667,37.81946667,-87.562488890,-87.562488890,0,No Special Jurisdiction,24,Guardrail Face,0,The First Harmful Event was Not a Collision with a Motor Vehicle in Transport,0,No,1,Non-Junction,1,Not an Intersection,0,None,,,4,On Roadside,2,Dark - Not Lighted,1,Clear,0,No Additional Atmospheric Conditions,1,Clear,0,No,0000000,Not Applicable,4,4:00am-4:59am,19,19,4,4:00am-4:59am,30,30,5,5:00am-5:59am,7,7,0,None,0,None,0,None,1,0
2019,21,210070,Kentucky,1,1,0,1,1,1,1,111,JEFFERSON (111),2090,LOUISVILLE,28,28,2,February,2019,5,Thursday,20,8:00pm-8:59pm,7,7,1,This section IS ON the NHS,2,Urban,3,Principal Arterial - Other,1,State Highway Agency,3,State Highway,SR-1934,SHANKS LN,87,87,38.19519722,38.19519722,-85.842902780,-85.842902780,0,No Special Jurisdiction,8,Pedestrian,0,The First Harmful Event was Not a Collision with a Motor Vehicle in Transport,0,No,3,Intersection-Related,2,Four-Way Intersection,0,None,,,1,On Roadway,2,Dark - Not Lighted,10,Cloudy,0,No Additional Atmospheric Conditions,10,Cloudy,0,No,0000000,Not Applicable,20,8:00pm-8:59pm,8,8,20,8:00pm-8:59pm,10,10,20,8:00pm-8:59pm,39,39,0,None,0,None,0,None,1,0
2019,21,210071,Kentucky,1,1,0,0,0,1,1,67,FAYETTE (67),1980,LEXINGTON-FAYETTE,19,19,2,February,2019,3,Tuesday,9,9:00am-9:59am,0,0,1,This section IS ON the NHS,1,Rural,1,Interstate,1,State Highway Agency,1,Interstate,I-64,,889,889,38.03876944,38.03876944,-84.297363890,-84.297363890,0,No Special Jurisdiction,24,Guardrail Face,0,The First Harmful Event was Not a Collision with a Motor Vehicle in Transport,0,No,1,Non-Junction,1,Not an Intersection,0,None,,,4,On Roadside,1,Daylight,10,Cloudy,0,No Additional Atmospheric Conditions,10,Cloudy,0,No,0000000,Not Applicable,9,9:00am-9:59am,5,5,9,9:00am-9:59am,16,16,9,9:00am-9:59am,52,52,0,None,0,None,0,None,1,0
2019,21,210072,Kentucky,1,1,0,0,0,3,3,195,PIKE (195),2640,PIKEVILLE,16,16,1,January,2019,4,Wednesday,14,2:00pm-2:59pm,47,47,0,This section IS NOT on the NHS,2,Urban,7,Local,4,City or Municipal Highway Agency,6,Local Street - Municipality,BOB AMOS DR,TOWER RD,10,10,37.46567778,37.46567778,-82.542941670,-82.542941670,0,No Special Jurisdiction,58,Ground,0,The First Harmful Event was Not a Collision with a Motor Vehicle in Transport,0,No,3,Intersection-Related,3,T-Intersection,0,None,,,1,On Roadway,1,Daylight,10,Cloudy,0,No Additional Atmospheric Conditions,10,Cloudy,0,No,0000000,Not Applicable,14,2:00pm-2:59pm,47,47,15,3:00pm-3:59pm,17,17,15,3:00pm-3:59pm,30,30,0,None,0,None,0,None,2,0
2019,21,210073,Kentucky,1,1,0,0,0,1,1,131,LESLIE (131),0,NOT APPLICABLE,23,23,2,February,2019,7,Saturday,13,1:00pm-1:59pm,45,45,0,This section IS NOT on the NHS,1,Rural,7,Local,1,State Highway Agency,4,County Road,CR-STIDHAM RD,,1,1,37.08404444,37.08404444,-83.289455560,-83.289455560,0,No Special Jurisdiction,35,Embankment,0,The First Harmful Event was Not a Collision with a Motor Vehicle in Transport,0,No,1,Non-Junction,1,Not an Intersection,0,None,,,4,On Roadside,1,Daylight,10,Cloudy,0,No Additional Atmospheric Conditions,10,Cloudy,0,No,0000000,Not Applicable,13,1:00pm-1:59pm,50,50,14,2:00pm-2:59pm,14,14,88,Not Applicable (Not Transported),88,Not Applicable (Not Transported),0,None,0,None,0,None,1,1
2019,21,210074,Kentucky,1,1,0,1,1,1,1,111,JEFFERSON (111),2090,LOUISVILLE,27,27,2,February,2019,4,Wednesday,5,5:00am-5:59am,49,49,0,This section IS NOT on the NHS,2,Urban,4,Minor Arterial,1,State Highway Agency,3,State Highway,SR-1020,ENTERPRISE DR,51,51,38.14723333,38.14723333,-85.759244440,-85.759244440,0,No Special Jurisdiction,8,Pedestrian,0,The First Harmful Event was Not a Collision with a Motor Vehicle in Transport,0,No,3,Intersection-Related,3,T-Intersection,0,None,,,1,On Roadway,2,Dark - Not Lighted,1,Clear,0,No Additional Atmospheric Conditions,1,Clear,0,No,0000000,Not Applicable,5,5:00am-5:59am,49,49,5,5:00am-5:59am,57,57,6,6:00am-6:59am,40,40,0,None,0,None,0,None,1,0
2019,21,210075,Kentucky,1,1,0,1,1,1,1,59,DAVIESS (59),2490,OWENSBORO,22,22,2,February,2019,6,Friday,6,6:00am-6:59am,5,5,0,This section IS NOT on the NHS,2,Urban,7,Local,1,State Highway Agency,5,Local Street - Township,FRAYSER LN,W 2ND ST,0,None,37.77403611,37.77403611,-87.126483330,-87.126483330,0,No Special Jurisdiction,8,Pedestrian,0,The First Harmful Event was Not a Collision with a Motor Vehicle in Transport,0,No,2,Intersection,3,T-Intersection,0,None,,,1,On Roadway,1,Daylight,10,Cloudy,0,No Additional Atmospheric Conditions,10,Cloudy,0,No,0000000,Not Applicable,6,6:00am-6:59am,5,5,6,6:00am-6:59am,9,9,6,6:00am-6:59am,24,24,0,None,0,None,0,None,1,0
2019,21,210076,Kentucky,1,1,0,0,0,1,1,209,SCOTT (209),2840,SADIEVILLE,18,18,1,January,2019,6,Friday,19,7:00pm-7:59pm,4,4,0,This section IS NOT on the NHS,1,Rural,7,Local,1,State Highway Agency,4,County Road,CR- CANEY CHURCH RD,,4,4,38.40221111,38.40221111,-84.655900000,-84.655900000,0,No Special Jurisdiction,42,Tree (Standing Only),0,The First Harmful Event was Not a Collision with a Motor Vehicle in Transport,0,No,1,Non-Junction,1,Not an Intersection,0,None,,,4,On Roadside,2,Dark - Not Lighted,1,Clear,0,No Additional Atmospheric Conditions,1,Clear,0,No,0000000,Not Applicable,19,7:00pm-7:59pm,7,7,19,7:00pm-7:59pm,30,30,20,8:00pm-8:59pm,34,34,0,None,0,None,0,None,1,1
2019,21,210077,Kentucky,1,1,0,1,1,1,1,213,SIMPSON (213),0,NOT APPLICABLE,12,12,2,February,2019,3,Tuesday,22,10:00pm-10:59pm,0,0,1,This section IS ON the NHS,1,Rural,1,Interstate,1,State Highway Agency,1,Interstate,I-65,,79,79,36.73921111,36.73921111,-86.503658330,-86.503658330,0,No Special Jurisdiction,8,Pedestrian,0,The First Harmful Event was Not a Collision with a Motor Vehicle in Transport,0,No,1,Non-Junction,1,Not an Intersection,0,None,,,1,On Roadway,2,Dark - Not Lighted,1,Clear,0,No Additional Atmospheric Conditions,1,Clear,0,No,0000000,Not Applicable,22,10:00pm-10:59pm,2,2,22,10:00pm-10:59pm,7,7,88,Not Applicable (Not Transported),88,Not Applicable (Not Transported),0,None,0,None,0,None,1,0
2019,21,210078,Kentucky,1,1,0,0,0,1,1,151,MADISON (151),0,NOT APPLICABLE,27,27,2,February,2019,4,Wednesday,8,8:00am-8:59am,33,33,1,This section IS ON the NHS,1,Rural,1,Interstate,1,State Highway Agency,1,Interstate,I-75,,854,854,37.71213333,37.71213333,-84.319980560,-84.319980560,0,No Special Jurisdiction,35,Embankment,0,The First Harmful Event was Not a Collision with a Motor Vehicle in Transport,0,No,1,Non-Junction,1,Not an Intersection,0,None,,,4,On Roadside,1,Daylight,1,Clear,0,No Additional Atmospheric Conditions,1,Clear,0,No,0000000,Not Applicable,8,8:00am-8:59am,35,35,8,8:00am-8:59am,45,45,88,Not Applicable (Not Transported),88,Not Applicable (Not Transported),0,None,0,None,0,None,1,0
2019,21,210079,Kentucky,2,2,0,0,0,3,3,73,FRANKLIN (73),0,NOT APPLICABLE,27,27,2,February,2019,4,Wednesday,13,1:00pm-1:59pm,47,47,1,This section IS ON the NHS,1,Rural,1,Interstate,1,State Highway Agency,1,Interstate,I-64,,569,569,38.17368889,38.17368889,-84.827355560,-84.827355560,0,No Special Jurisdiction,12,Motor Vehicle In-Transport,2,Front-to-Front,0,No,1,Non-Junction,1,Not an Intersection,0,None,,,1,On Roadway,1,Daylight,1,Clear,0,No Additional Atmospheric Conditions,1,Clear,0,No,0000000,Not Applicable,13,1:00pm-1:59pm,57,57,14,2:00pm-2:59pm,14,14,14,2:00pm-2:59pm,22,22,0,None,0,None,0,None,1,1
2019,21,210080,Kentucky,1,1,0,1,1,1,1,117,KENTON (117),817,CRESTVIEW HILLS,11,11,1,January,2019,6,Friday,18,6:00pm-6:59pm,30,30,0,This section IS NOT on the NHS,1,Rural,7,Local,1,State Highway Agency,6,Local Street - Municipality,THOMAS MORE PRKWY,CENTERVIEW BLVD,5,5,39.02282778,39.02282778,-84.564405560,-84.564405560,0,No Special Jurisdiction,8,Pedestrian,0,The First Harmful Event was Not a Collision with a Motor Vehicle in Transport,0,No,3,Intersection-Related,2,Four-Way Intersection,0,None,,,1,On Roadway,3,Dark - Lighted,1,Clear,0,No Additional Atmospheric Conditions,1,Clear,0,No,0000000,Not Applicable,18,6:00pm-6:59pm,35,35,18,6:00pm-6:59pm,40,40,18,6:00pm-6:59pm,55,55,0,None,0,None,0,None,1,0
2019,21,210081,Kentucky,3,3,0,0,0,4,4,193,PERRY (193),665,CHAVIES,23,23,2,February,2019,7,Saturday,15,3:00pm-3:59pm,5,5,1,This section IS ON the NHS,1,Rural,3,Principal Arterial - Other,1,State Highway Agency,3,State Highway,SR-15,,211,211,37.34816667,37.34816667,-83.266641670,-83.266641670,0,No Special Jurisdiction,12,Motor Vehicle In-Transport,8,Sideswipe - Opposite Direction,0,No,1,Non-Junction,1,Not an Intersection,0,None,,,1,On Roadway,1,Daylight,10,Cloudy,0,No Additional Atmospheric Conditions,10,Cloudy,0,No,0000000,Not Applicable,15,3:00pm-3:59pm,9,9,15,3:00pm-3:59pm,18,18,16,4:00pm-4:59pm,24,24,0,None,0,None,0,None,2,0
2019,21,210082,Kentucky,1,1,0,0,0,1,1,109,JACKSON (109),0,NOT APPLICABLE,25,25,2,February,2019,2,Monday,7,7:00am-7:59am,30,30,0,This section IS NOT on the NHS,1,Rural,4,Minor Arterial,1,State Highway Agency,2,U.S. Highway,US-421,,180,180,37.46425833,37.46425833,-84.033741670,-84.033741670,0,No Special Jurisdiction,34,Ditch,0,The First Harmful Event was Not a Collision with a Motor Vehicle in Transport,0,No,1,Non-Junction,1,Not an Intersection,0,None,,,4,On Roadside,1,Daylight,1,Clear,0,No Additional Atmospheric Conditions,1,Clear,0,No,0000000,Not Applicable,7,7:00am-7:59am,40,40,7,7:00am-7:59am,46,46,8,8:00am-8:59am,30,30,0,None,0,None,0,None,1,0
2019,21,210083,Kentucky,2,2,0,0,0,2,2,133,LETCHER (133),0,NOT APPLICABLE,1,1,3,March,2019,6,Friday,14,2:00pm-2:59pm,0,0,0,This section IS NOT on the NHS,1,Rural,6,Minor Collector,1,State Highway Agency,3,State Highway,SR-1862,,28,28,37.14916944,37.14916944,-82.765850000,-82.765850000,0,No Special Jurisdiction,12,Motor Vehicle In-Transport,6,Angle,0,No,1,Non-Junction,1,Not an Intersection,0,None,,,1,On Roadway,1,Daylight,2,Rain,0,No Additional Atmospheric Conditions,2,Rain,0,No,0000000,Not Applicable,14,2:00pm-2:59pm,12,12,14,2:00pm-2:59pm,18,18,14,2:00pm-2:59pm,37,37,0,None,0,None,0,None,1,0
2019,21,210084,Kentucky,2,2,0,0,0,2,2,157,MARSHALL (157),0,NOT APPLICABLE,1,1,3,March,2019,6,Friday,18,6:00pm-6:59pm,43,43,1,This section IS ON the NHS,1,Rural,2,Principal Arterial - Other Freeways and Expressways,1,State Highway Agency,3,State Highway,SR-9003,,351,351,36.82211389,36.82211389,-88.474780560,-88.474780560,0,No Special Jurisdiction,12,Motor Vehicle In-Transport,1,Front-to-Rear,0,No,1,Non-Junction,1,Not an Intersection,0,None,,,1,On Roadway,2,Dark - Not Lighted,1,Clear,0,No Additional Atmospheric Conditions,1,Clear,0,No,0000000,Not Applicable,18,6:00pm-6:59pm,48,48,18,6:00pm-6:59pm,57,57,19,7:00pm-7:59pm,42,42,0,None,0,None,0,None,1,0
2019,21,210085,Kentucky,2,2,0,0,0,2,2,99,HART (99),0,NOT APPLICABLE,3,3,3,March,2019,1,Sunday,11,11:00am-11:59am,35,35,1,This section IS ON the NHS,1,Rural,1,Interstate,1,State Highway Agency,1,Interstate,I-65,,551,551,37.17119167,37.17119167,-85.958730560,-85.958730560,0,No Special Jurisdiction,24,Guardrail Face,0,The First Harmful Event was Not a Collision with a Motor Vehicle in Transport,0,No,1,Non-Junction,1,Not an Intersection,0,None,,,4,On Roadside,1,Daylight,2,Rain,0,No Additional Atmospheric Conditions,2,Rain,0,No,0000000,Not Applicable,11,11:00am-11:59am,38,38,11,11:00am-11:59am,45,45,12,12:00pm-12:59pm,24,24,0,None,0,None,0,None,1,0
2019,21,210086,Kentucky,2,2,0,0,0,3,3,227,WARREN (227),0,NOT APPLICABLE,4,4,3,March,2019,2,Monday,21,9:00pm-9:59pm,43,43,0,This section IS NOT on the NHS,1,Rural,5,Major Collector,1,State Highway Agency,2,U.S. Highway,US-68,,226,226,37.03457222,37.03457222,-86.206097220,-86.206097220,0,No Special Jurisdiction,12,Motor Vehicle In-Transport,2,Front-to-Front,0,No,1,Non-Junction,1,Not an Intersection,0,None,,,1,On Roadway,2,Dark - Not Lighted,10,Cloudy,0,No Additional Atmospheric Conditions,10,Cloudy,0,No,0000000,Not Applicable,21,9:00pm-9:59pm,44,44,22,10:00pm-10:59pm,0,0,22,10:00pm-10:59pm,30,30,0,None,0,None,0,None,2,0
2019,21,210087,Kentucky,1,1,0,1,1,1,1,111,JEFFERSON (111),2090,LOUISVILLE,4,4,3,March,2019,2,Monday,21,9:00pm-9:59pm,46,46,1,This section IS ON the NHS,2,Urban,1,Interstate,1,State Highway Agency,1,Interstate,I-264,,1,1,38.18980556,38.18980556,-85.781869440,-85.781869440,0,No Special Jurisdiction,8,Pedestrian,0,The First Harmful Event was Not a Collision with a Motor Vehicle in Transport,1,Yes,20,Entrance/Exit Ramp,1,Not an Intersection,0,None,,,1,On Roadway,2,Dark - Not Lighted,10,Cloudy,0,No Additional Atmospheric Conditions,10,Cloudy,0,No,0000000,Not Applicable,21,9:00pm-9:59pm,47,47,21,9:00pm-9:59pm,52,52,22,10:00pm-10:59pm,24,24,0,None,0,None,0,None,1,0
2019,21,210088,Kentucky,2,2,0,0,0,3,3,227,WARREN (227),0,NOT APPLICABLE,4,4,3,March,2019,2,Monday,7,7:00am-7:59am,0,0,1,This section IS ON the NHS,1,Rural,3,Principal Arterial - Other,1,State Highway Agency,2,U.S. Highway,US-68,,1,1,36.89206111,36.89206111,-86.614388890,-86.614388890,0,No Special Jurisdiction,12,Motor Vehicle In-Transport,1,Front-to-Rear,0,No,1,Non-Junction,1,Not an Intersection,0,None,,,1,On Roadway,1,Daylight,10,Cloudy,0,No Additional Atmospheric Conditions,10,Cloudy,0,No,0000000,Not Applicable,7,7:00am-7:59am,2,2,7,7:00am-7:59am,25,25,8,8:00am-8:59am,14,14,0,None,0,None,0,None,1,0
2019,21,210089,Kentucky,2,2,0,0,0,3,3,49,CLARK (49),0,NOT APPLICABLE,1,1,3,March,2019,6,Friday,17,5:00pm-5:59pm,21,21,0,This section IS NOT on the NHS,2,Urban,7,Local,1,State Highway Agency,3,State Highway,SR-2888,SR-1678,1,1,38.03533333,38.03533333,-84.273288890,-84.273288890,0,No Special Jurisdiction,12,Motor Vehicle In-Transport,6,Angle,0,No,2,Intersection,2,Four-Way Intersection,0,None,,,1,On Roadway,1,Daylight,10,Cloudy,0,No Additional Atmospheric Conditions,10,Cloudy,0,No,0000000,Not Applicable,17,5:00pm-5:59pm,23,23,17,5:00pm-5:59pm,29,29,17,5:00pm-5:59pm,51,51,0,None,0,None,0,None,1,0
2019,21,210090,Kentucky,2,2,0,0,0,4,4,217,TAYLOR (217),0,NOT APPLICABLE,7,7,3,March,2019,5,Thursday,19,7:00pm-7:59pm,59,59,0,This section IS NOT on the NHS,1,Rural,4,Minor Arterial,1,State Highway Agency,2,U.S. Highway,US-68,,22,22,37.32170556,37.32170556,-85.402205560,-85.402205560,0,No Special Jurisdiction,11,Live Animal,0,The First Harmful Event was Not a Collision with a Motor Vehicle in Transport,0,No,1,Non-Junction,1,Not an Intersection,0,None,,,1,On Roadway,2,Dark - Not Lighted,1,Clear,0,No Additional Atmospheric Conditions,1,Clear,0,No,0000000,Not Applicable,20,8:00pm-8:59pm,2,2,20,8:00pm-8:59pm,7,7,20,8:00pm-8:59pm,33,33,0,None,0,None,0,None,1,0
2019,21,210091,Kentucky,2,1,1,0,0,1,1,125,LAUREL (125),0,NOT APPLICABLE,11,11,3,March,2019,2,Monday,3,3:00am-3:59am,2,2,0,This section IS NOT on the NHS,2,Urban,5,Major Collector,1,State Highway Agency,3,State Highway,SR-1006,,41,41,37.09892222,37.09892222,-84.085622220,-84.085622220,0,No Special Jurisdiction,30,Utility Pole/Light Support,0,The First Harmful Event was Not a Collision with a Motor Vehicle in Transport,0,No,1,Non-Junction,1,Not an Intersection,0,None,,,4,On Roadside,2,Dark - Not Lighted,1,Clear,0,No Additional Atmospheric Conditions,1,Clear,0,No,0000000,Not Applicable,3,3:00am-3:59am,2,2,3,3:00am-3:59am,11,11,88,Not Applicable (Not Transported),88,Not Applicable (Not Transported),0,None,0,None,0,None,1,0
2019,21,210092,Kentucky,2,2,0,1,1,2,2,111,JEFFERSON (111),2090,LOUISVILLE,11,11,3,March,2019,2,Monday,20,8:00pm-8:59pm,35,35,1,This section IS ON the NHS,2,Urban,3,Principal Arterial - Other,1,State Highway Agency,3,State Highway,SR-1747,,10,10,38.15716944,38.15716944,-85.713394440,-85.713394440,0,No Special Jurisdiction,8,Pedestrian,0,The First Harmful Event was Not a Collision with a Motor Vehicle in Transport,0,No,1,Non-Junction,1,Not an Intersection,0,None,,,1,On Roadway,2,Dark - Not Lighted,10,Cloudy,0,No Additional Atmospheric Conditions,10,Cloudy,0,No,0000000,Not Applicable,20,8:00pm-8:59pm,37,37,20,8:00pm-8:59pm,45,45,88,Not Applicable (Not Transported),88,Not Applicable (Not Transported),0,None,0,None,0,None,1,0
2019,21,210093,Kentucky,1,1,0,0,0,1,1,47,CHRISTIAN (47),1620,HOPKINSVILLE,7,7,3,March,2019,5,Thursday,7,7:00am-7:59am,33,33,0,This section IS NOT on the NHS,2,Urban,4,Minor Arterial,1,State Highway Agency,2,U.S. Highway,US-41,,188,188,36.86345000,36.86345000,-87.484125000,-87.484125000,0,No Special Jurisdiction,31,"Post, Pole or Other Supports",0,The First Harmful Event was Not a Collision with a Motor Vehicle in Transport,0,No,1,Non-Junction,1,Not an Intersection,0,None,,,5,Outside Trafficway,1,Daylight,1,Clear,0,No Additional Atmospheric Conditions,1,Clear,0,No,0000000,Not Applicable,7,7:00am-7:59am,34,34,7,7:00am-7:59am,40,40,7,7:00am-7:59am,49,49,0,None,0,None,0,None,1,0
2019,21,210094,Kentucky,2,2,0,0,0,2,2,11,BATH (11),0,NOT APPLICABLE,13,13,3,March,2019,4,Wednesday,11,11:00am-11:59am,31,31,1,This section IS ON the NHS,1,Rural,1,Interstate,1,State Highway Agency,1,Interstate,I-64,,1198,1198,38.12410833,38.12410833,-83.774241670,-83.774241670,0,No Special Jurisdiction,12,Motor Vehicle In-Transport,6,Angle,0,No,1,Non-Junction,1,Not an Intersection,0,None,,,1,On Roadway,1,Daylight,1,Clear,0,No Additional Atmospheric Conditions,1,Clear,0,No,0000000,Not Applicable,0,0:00am-0:59am,0,0,0,0:00am-0:59am,0,0,0,0:00am-0:59am,0,0,0,None,0,None,0,None,1,0
2019,21,210095,Kentucky,3,3,0,0,0,5,5,67,FAYETTE (67),1980,LEXINGTON-FAYETTE,9,9,3,March,2019,7,Saturday,19,7:00pm-7:59pm,14,14,1,This section IS ON the NHS,2,Urban,1,Interstate,1,State Highway Agency,1,Interstate,I-75,,1130,1130,38.08721389,38.08721389,-84.464955560,-84.464955560,0,No Special Jurisdiction,12,Motor Vehicle In-Transport,1,Front-to-Rear,0,No,1,Non-Junction,1,Not an Intersection,0,None,,,1,On Roadway,3,Dark - Lighted,2,Rain,0,No Additional Atmospheric Conditions,2,Rain,0,No,0000000,Not Applicable,19,7:00pm-7:59pm,16,16,19,7:00pm-7:59pm,31,31,19,7:00pm-7:59pm,51,51,0,None,0,None,0,None,1,1
2019,21,210096,Kentucky,2,2,0,0,0,2,2,193,PERRY (193),1470,HAZARD,15,15,3,March,2019,6,Friday,21,9:00pm-9:59pm,6,6,1,This section IS ON the NHS,2,Urban,3,Principal Arterial - Other,1,State Highway Agency,3,State Highway,SR-9006,VILLAGE LN,586,586,37.28249444,37.28249444,-83.225219440,-83.225219440,0,No Special Jurisdiction,12,Motor Vehicle In-Transport,1,Front-to-Rear,0,No,3,Intersection-Related,2,Four-Way Intersection,0,None,,,1,On Roadway,3,Dark - Lighted,1,Clear,0,No Additional Atmospheric Conditions,1,Clear,0,No,0000000,Not Applicable,21,9:00pm-9:59pm,7,7,21,9:00pm-9:59pm,13,13,21,9:00pm-9:59pm,46,46,0,None,0,None,0,None,1,1
2019,21,210097,Kentucky,1,1,0,0,0,1,1,157,MARSHALL (157),260,BENTON,15,15,3,March,2019,6,Friday,23,11:00pm-11:59pm,6,6,0,This section IS NOT on the NHS,1,Rural,5,Major Collector,1,State Highway Agency,3,State Highway,SR-58,,97,97,36.85717778,36.85717778,-88.355697220,-88.355697220,0,No Special Jurisdiction,32,Culvert,0,The First Harmful Event was Not a Collision with a Motor Vehicle in Transport,0,No,1,Non-Junction,1,Not an Intersection,0,None,,,4,On Roadside,3,Dark - Lighted,10,Cloudy,0,No Additional Atmospheric Conditions,10,Cloudy,0,No,0000000,Not Applicable,23,11:00pm-11:59pm,14,14,23,11:00pm-11:59pm,16,16,23,11:00pm-11:59pm,53,53,0,None,0,None,0,None,1,0
2019,21,210098,Kentucky,1,1,0,0,0,1,1,177,MUHLENBERG (177),0,NOT APPLICABLE,16,16,3,March,2019,7,Saturday,10,10:00am-10:59am,7,7,0,This section IS NOT on the NHS,1,Rural,5,Major Collector,1,State Highway Agency,2,U.S. Highway,US-62,,55,55,37.22231111,37.22231111,-87.254705560,-87.254705560,0,No Special Jurisdiction,52,Guardrail End,0,The First Harmful Event was Not a Collision with a Motor Vehicle in Transport,0,No,1,Non-Junction,1,Not an Intersection,0,None,,,8,Gore,1,Daylight,1,Clear,0,No Additional Atmospheric Conditions,1,Clear,0,No,0000000,Not Applicable,10,10:00am-10:59am,10,10,10,10:00am-10:59am,20,20,88,Not Applicable (Not Transported),88,Not Applicable (Not Transported),0,None,0,None,0,None,1,0
2019,21,210099,Kentucky,1,1,0,0,0,1,1,15,BOONE (15),3400,WALTON,17,17,3,March,2019,1,Sunday,3,3:00am-3:59am,45,45,0,This section IS NOT on the NHS,1,Rural,5,Major Collector,1,State Highway Agency,3,State Highway,SR-14,,67,67,38.84561944,38.84561944,-84.633611110,-84.633611110,0,No Special Jurisdiction,59,Traffic Sign Support,0,The First Harmful Event was Not a Collision with a Motor Vehicle in Transport,0,No,1,Non-Junction,1,Not an Intersection,0,None,,,4,On Roadside,2,Dark - Not Lighted,1,Clear,0,No Additional Atmospheric Conditions,1,Clear,0,No,0000000,Not Applicable,3,3:00am-3:59am,46,46,3,3:00am-3:59am,54,54,88,Not Applicable (Not Transported),88,Not Applicable (Not Transported),0,None,0,None,0,None,1,1
2019,21,210100,Kentucky,2,2,0,0,0,2,2,67,FAYETTE (67),1980,LEXINGTON-FAYETTE,12,12,3,March,2019,3,Tuesday,18,6:00pm-6:59pm,19,19,1,This section IS ON the NHS,2,Urban,3,Principal Arterial - Other,1,State Highway Agency,3,State Highway,SR-1974,,87,87,37.98161111,37.98161111,-84.495905560,-84.495905560,0,No Special Jurisdiction,12,Motor Vehicle In-Transport,2,Front-to-Front,0,No,1,Non-Junction,1,Not an Intersection,0,None,,,1,On Roadway,1,Daylight,1,Clear,0,No Additional Atmospheric Conditions,1,Clear,0,No,0000000,Not Applicable,18,6:00pm-6:59pm,22,22,18,6:00pm-6:59pm,29,29,18,6:00pm-6:59pm,53,53,0,None,0,None,0,None,1,0