caseyear,state,st_case,statename,ve_total,ve_forms,pvh_invl,peds,pernotmvit,permvit,persons,county,countyname,city,cityname,day,dayname,month,monthname,year,day_week,day_weekname,hour,hourname,minute,minutename,nhs,nhsname,rur_urb,rur_urbname,func_sys,func_sysname,rd_owner,rd_ownername,route,routename,tway_id,tway_id2,milept,mileptname,latitude,latitudename,longitud,longitudname,sp_jur,sp_jurname,harm_ev,harm_evname,man_coll,man_collname,reljct1,reljct1name,reljct2,reljct2name,typ_int,typ_intname,wrk_zone,wrk_zonename,road_fnc,road_fncname,rel_road,rel_roadname,lgt_cond,lgt_condname,weather1,weather1name,weather2,weather2name,weather,weathername,sch_bus,sch_busname,rail,railname,not_hour,not_hourname,not_min,not_minname,arr_hour,arr_hourname,arr_min,arr_minname,hosp_hr,hosp_hrname,hosp_mn,hosp_mnname,cf1,cf1name,cf2,cf2name,cf3,cf3name,fatals,drunk_dr
2019,21,210135,Kentucky,2,2,0,0,0,5,5,29,BULLITT (29),0,NOT APPLICABLE,1,1,4,April,2019,2,Monday,11,11:00am-11:59am,58,58,0,This section IS NOT on the NHS,2,Urban,4,Minor Arterial,1,State Highway Agency,3,State Highway,SR-61,HILLBROOK DR,177,177,38.03160000,38.03160000,-85.690608330,-85.690608330,0,No Special Jurisdiction,12,Motor Vehicle In-Transport,6,Angle,0,No,2,Intersection,3,T-Intersection,0,None,,,1,On Roadway,1,Daylight,1,Clear,0,No Additional Atmospheric Conditions,1,Clear,0,No,0000000,Not Applicable,11,11:00am-11:59am,57,57,12,12:00pm-12:59pm,2,2,12,12:00pm-12:59pm,30,30,0,None,0,None,0,None,1,0
2019,21,210136,Kentucky,2,2,0,0,0,2,2,111,JEFFERSON (111),2090,LOUISVILLE,2,2,4,April,2019,3,Tuesday,3,3:00am-3:59am,17,17,0,This section IS NOT on the NHS,2,Urban,7,Local,1,State Highway Agency,5,Local Street - Township,BUECHEL BANK RD,,11,11,38.17812500,38.17812500,-85.651972220,-85.651972220,0,No Special Jurisdiction,12,Motor Vehicle In-Transport,6,Angle,0,No,8,Driveway Access Related,1,Not an Intersection,0,None,,,1,On Roadway,3,Dark - Lighted,1,Clear,0,No Additional Atmospheric Conditions,1,Clear,0,No,0000000,Not Applicable,3,3:00am-3:59am,17,17,3,3:00am-3:59am,25,25,88,Not Applicable (Not Transported),88,Not Applicable (Not Transported),0,None,0,None,0,None,1,1
2019,21,210137,Kentucky,1,1,0,0,0,3,3,81,GRANT (81),0,NOT APPLICABLE,2,2,4,April,2019,3,Tuesday,16,4:00pm-4:59pm,40,40,0,This section IS NOT on the NHS,1,Rural,7,Local,1,State Highway Agency,3,State Highway,SR-2936,,21,21,38.53010278,38.53010278,-84.601969440,-84.601969440,0,No Special Jurisdiction,53,Mail Box,0,The First Harmful Event was Not a Collision with a Motor Vehicle in Transport,0,No,1,Non-Junction,1,Not an Intersection,0,None,,,4,On Roadside,1,Daylight,1,Clear,0,No Additional Atmospheric Conditions,1,Clear,0,No,0000000,Not Applicable,16,4:00pm-4:59pm,3,3,16,4:00pm-4:59pm,18,18,17,5:00pm-5:59pm,2,2,0,None,0,None,0,None,1,0
2019,21,210138,Kentucky,2,2,0,0,0,3,3,49,CLARK (49),0,NOT APPLICABLE,4,4,4,April,2019,5,Thursday,9,9:00am-9:59am,50,50,1,This section IS ON the NHS,2,Urban,3,Principal Arterial - Other,1,State Highway Agency,3,State Highway,SR-627,OLD BOONESBORO RD,58,58,37.97048611,37.97048611,-84.201505560,-84.201505560,0,No Special Jurisdiction,12,Motor Vehicle In-Transport,6,Angle,0,No,2,Intersection,3,T-Intersection,0,None,,,1,On Roadway,1,Daylight,1,Clear,0,No Additional Atmospheric Conditions,1,Clear,0,No,0000000,Not Applicable,9,9:00am-9:59am,59,59,10,10:00am-10:59am,5,5,10,10:00am-10:59am,26,26,0,None,0,None,0,None,1,0
2019,21,210139,Kentucky,1,1,0,0,0,1,1,13,BELL (13),2650,PINEVILLE,5,5,4,April,2019,6,Friday,8,8:00am-8:59am,48,48,1,This section IS ON the NHS,1,Rural,3,Principal Arterial - Other,1,State Highway Agency,2,U.S. Highway,US-25 E,,146,146,36.76380556,36.76380556,-83.712477780,-83.712477780,0,No Special Jurisdiction,35,Embankment,0,The First Harmful Event was Not a Collision with a Motor Vehicle in Transport,0,No,1,Non-Junction,1,Not an Intersection,0,None,,,4,On Roadside,1,Daylight,10,Cloudy,0,No Additional Atmospheric Conditions,10,Cloudy,0,No,0000000,Not Applicable,8,8:00am-8:59am,48,48,8,8:00am-8:59am,56,56,9,9:00am-9:59am,37,37,0,None,0,None,0,None,1,0
2019,21,210140,Kentucky,1,1,0,0,0,1,1,113,JESSAMINE (113),0,NOT APPLICABLE,6,6,4,April,2019,7,Saturday,1,1:00am-1:59am,28,28,0,This section IS NOT on the NHS,1,Rural,5,Major Collector,1,State Highway Agency,3,State Highway,SR-169,,54,54,37.89300000,37.89300000,-84.491311110,-84.491311110,0,No Special Jurisdiction,59,Traffic Sign Support,0,The First Harmful Event was Not a Collision with a Motor Vehicle in Transport,0,No,1,Non-Junction,1,Not an Intersection,0,None,,,4,On Roadside,2,Dark - Not Lighted,1,Clear,0,No Additional Atmospheric Conditions,1,Clear,0,No,0000000,Not Applicable,1,1:00am-1:59am,35,35,1,1:00am-1:59am,44,44,2,2:00am-2:59am,6,6,0,None,0,None,0,None,1,0
2019,21,210141,Kentucky,1,1,0,0,0,1,1,157,MARSHALL (157),0,NOT APPLICABLE,6,6,4,April,2019,7,Saturday,17,5:00pm-5:59pm,7,7,0,This section IS NOT on the NHS,1,Rural,5,Major Collector,1,State Highway Agency,3,State Highway,SR-347,,26,26,36.89175000,36.89175000,-88.444405560,-88.444405560,0,No Special Jurisdiction,24,Guardrail Face,0,The First Harmful Event was Not a Collision with a Motor Vehicle in Transport,0,No,1,Non-Junction,1,Not an Intersection,0,None,,,4,On Roadside,1,Daylight,1,Clear,0,No Additional Atmospheric Conditions,1,Clear,0,No,0000000,Not Applicable,17,5:00pm-5:59pm,12,12,17,5:00pm-5:59pm,19,19,17,5:00pm-5:59pm,44,44,0,None,0,None,0,None,1,0
2019,21,210142,Kentucky,1,1,0,0,0,1,1,133,LETCHER (133),2370,NEON,6,6,4,April,2019,7,Saturday,16,4:00pm-4:59pm,40,40,0,This section IS NOT on the NHS,1,Rural,5,Major Collector,1,State Highway Agency,3,State Highway,SR-317,,49,49,37.23873889,37.23873889,-82.715527780,-82.715527780,0,No Special Jurisdiction,1,Rollover/Overturn,0,The First Harmful Event was Not a Collision with a Motor Vehicle in Transport,0,No,1,Non-Junction,1,Not an Intersection,0,None,,,4,On Roadside,1,Daylight,1,Clear,0,No Additional Atmospheric Conditions,1,Clear,0,No,0000000,Not Applicable,16,4:00pm-4:59pm,43,43,17,5:00pm-5:59pm,0,0,17,5:00pm-5:59pm,23,23,0,None,0,None,0,None,1,0
2019,21,210143,Kentucky,2,2,0,0,0,2,2,15,BOONE (15),1150,FLORENCE,6,6,4,April,2019,7,Saturday,20,8:00pm-8:59pm,23,23,0,This section IS NOT on the NHS,2,Urban,4,Minor Arterial,1,State Highway Agency,3,State Highway,SR-1017,SEBREE DR,37,37,39.00752222,39.00752222,-84.622958330,-84.622958330,0,No Special Jurisdiction,1,Rollover/Overturn,0,The First Harmful Event was Not a Collision with a Motor Vehicle in Transport,0,No,2,Intersection,3,T-Intersection,0,None,,,1,On Roadway,3,Dark - Lighted,1,Clear,0,No Additional Atmospheric Conditions,1,Clear,0,No,0000000,Not Applicable,20,8:00pm-8:59pm,23,23,20,8:00pm-8:59pm,28,28,20,8:00pm-8:59pm,38,38,0,None,0,None,0,None,1,0
2019,21,210144,Kentucky,1,1,0,0,0,2,2,111,JEFFERSON (111),2090,LOUISVILLE,6,6,4,April,2019,7,Saturday,21,9:00pm-9:59pm,54,54,0,This section IS NOT on the NHS,2,Urban,7,Local,1,State Highway Agency,5,Local Street - Township,BASEBALL ALY,S 4TH ST,99999,Unknown,38.23957500,38.23957500,-85.759519440,-85.759519440,0,No Special Jurisdiction,33,Curb,0,The First Harmful Event was Not a Collision with a Motor Vehicle in Transport,0,No,3,Intersection-Related,3,T-Intersection,0,None,,,4,On Roadside,3,Dark - Lighted,1,Clear,0,No Additional Atmospheric Conditions,1,Clear,0,No,0000000,Not Applicable,21,9:00pm-9:59pm,57,57,22,10:00pm-10:59pm,3,3,88,Not Applicable (Not Transported),88,Not Applicable (Not Transported),0,None,0,None,0,None,2,1
2019,21,210145,Kentucky,1,1,0,0,0,1,1,15,BOONE (15),0,NOT APPLICABLE,7,7,4,April,2019,1,Sunday,21,9:00pm-9:59pm,36,36,0,This section IS NOT on the NHS,1,Rural,5,Major Collector,1,State Highway Agency,3,State Highway,SR-18,,52,52,39.01085833,39.01085833,-84.803630560,-84.803630560,0,No Special Jurisdiction,35,Embankment,0,The First Harmful Event was Not a Collision with a Motor Vehicle in Transport,0,No,1,Non-Junction,1,Not an Intersection,0,None,,,4,On Roadside,2,Dark - Not Lighted,10,Cloudy,0,No Additional Atmospheric Conditions,10,Cloudy,0,No,0000000,Not Applicable,21,9:00pm-9:59pm,36,36,21,9:00pm-9:59pm,46,46,88,Not Applicable (Not Transported),88,Not Applicable (Not Transported),0,None,0,None,0,None,1,1
2019,21,210146,Kentucky,2,2,0,0,0,3,3,67,FAYETTE (67),1980,LEXINGTON-FAYETTE,9,9,4,April,2019,3,Tuesday,7,7:00am-7:59am,46,46,0,This section IS NOT on the NHS,2,Urban,7,Local,1,State Highway Agency,6,Local Street - Municipality,MAN O WAR BLVD,JOCASTA DR,109,109,37.97835000,37.97835000,-84.463494440,-84.463494440,0,No Special Jurisdiction,12,Motor Vehicle In-Transport,6,Angle,0,No,2,Intersection,3,T-Intersection,0,None,,,1,On Roadway,1,Daylight,10,Cloudy,0,No Additional Atmospheric Conditions,10,Cloudy,0,No,0000000,Not Applicable,7,7:00am-7:59am,47,47,7,7:00am-7:59am,54,54,8,8:00am-8:59am,13,13,0,None,0,None,0,None,1,0
2019,21,210147,Kentucky,1,1,0,1,1,2,2,13,BELL (13),2650,PINEVILLE,10,10,4,April,2019,4,Wednesday,21,9:00pm-9:59pm,8,8,0,This section IS NOT on the NHS,1,Rural,5,Major Collector,1,State Highway Agency,3,State Highway,SR-92,,2,2,36.68944722,36.68944722,-83.873202780,-83.873202780,0,No Special Jurisdiction,53,Mail Box,0,The First Harmful Event was Not a Collision with a Motor Vehicle in Transport,0,No,1,Non-Junction,1,Not an Intersection,0,None,,,4,On Roadside,5,Dusk,1,Clear,0,No Additional Atmospheric Conditions,1,Clear,0,No,0000000,Not Applicable,21,9:00pm-9:59pm,0,0,21,9:00pm-9:59pm,18,18,88,Not Applicable (Not Transported),88,Not Applicable (Not Transported),0,None,0,None,0,None,1,0
2019,21,210148,Kentucky,1,1,0,0,0,1,1,133,LETCHER (133),0,NOT APPLICABLE,10,10,4,April,2019,4,Wednesday,13,1:00pm-1:59pm,30,30,0,This section IS NOT on the NHS,1,Rural,5,Major Collector,1,State Highway Agency,3,State Highway,SR-160,,14,14,36.99172778,36.99172778,-83.019511110,-83.019511110,0,No Special Jurisdiction,1,Rollover/Overturn,0,The First Harmful Event was Not a Collision with a Motor Vehicle in Transport,0,No,1,Non-Junction,1,Not an Intersection,0,None,,,1,On Roadway,1,Daylight,1,Clear,0,No Additional Atmospheric Conditions,1,Clear,0,No,0000000,Not Applicable,0,0:00am-0:59am,0,0,0,0:00am-0:59am,0,0,88,Not Applicable (Not Transported),88,Not Applicable (Not Transported),0,None,0,None,0,None,1,0
2019,21,210149,Kentucky,1,1,0,0,0,1,1,161,MASON (161),2210,MAYSVILLE,9,9,4,April,2019,3,Tuesday,21,9:00pm-9:59pm,38,38,1,This section IS ON the NHS,1,Rural,3,Principal Arterial - Other,1,State Highway Agency,2,U.S. Highway,US-68,,143,143,38.64383056,38.64383056,-83.831672220,-83.831672220,0,No Special Jurisdiction,1,Rollover/Overturn,0,The First Harmful Event was Not a Collision with a Motor Vehicle in Transport,0,No,1,Non-Junction,1,Not an Intersection,0,None,,,1,On Roadway,3,Dark - Lighted,1,Clear,0,No Additional Atmospheric Conditions,1,Clear,0,No,0000000,Not Applicable,21,9:00pm-9:59pm,40,40,21,9:00pm-9:59pm,45,45,22,10:00pm-10:59pm,5,5,0,None,0,None,0,None,1,0
2019,21,210150,Kentucky,2,2,0,0,0,2,2,59,DAVIESS (59),0,NOT APPLICABLE,12,12,4,April,2019,6,Friday,6,6:00am-6:59am,16,16,1,This section IS ON the NHS,1,Rural,3,Principal Arterial - Other,1,State Highway Agency,2,U.S. Highway,US-60,,237,237,37.82203611,37.82203611,-87.039152780,-87.039152780,0,No Special Jurisdiction,12,Motor Vehicle In-Transport,1,Front-to-Rear,0,No,1,Non-Junction,1,Not an Intersection,0,None,,,1,On Roadway,4,Dawn,10,Cloudy,0,No Additional Atmospheric Conditions,10,Cloudy,0,No,0000000,Not Applicable,6,6:00am-6:59am,20,20,6,6:00am-6:59am,25,25,6,6:00am-6:59am,46,46,0,None,0,None,0,None,1,0
2019,21,210151,Kentucky,1,1,0,1,1,1,1,67,FAYETTE (67),1980,LEXINGTON-FAYETTE,14,14,4,April,2019,1,Sunday,4,4:00am-4:59am,28,28,1,This section IS ON the NHS,2,Urban,3,Principal Arterial - Other,1,State Highway Agency,3,State Highway,SR-0004,SR-0353,103,103,38.07101944,38.07101944,-84.476997220,-84.476997220,0,No Special Jurisdiction,8,Pedestrian,0,The First Harmful Event was Not a Collision with a Motor Vehicle in Transport,0,No,3,Intersection-Related,2,Four-Way Intersection,0,None,,,1,On Roadway,3,Dark - Lighted,2,Rain,0,No Additional Atmospheric Conditions,2,Rain,0,No,0000000,Not Applicable,4,4:00am-4:59am,28,28,4,4:00am-4:59am,36,36,88,Not Applicable (Not Transported),88,Not Applicable (Not Transported),0,None,0,None,0,None,1,0
2019,21,210152,Kentucky,2,2,0,0,0,4,4,37,CAMPBELL (37),730,COLD SPRING,14,14,4,April,2019,1,Sunday,21,9:00pm-9:59pm,42,42,1,This section IS ON the NHS,2,Urban,3,Principal Arterial - Other,1,State Highway Agency,3,State Highway,SR-0009,ROCKYVIEW DR,131,131,38.99968889,38.99968889,-84.408747220,-84.408747220,0,No Special Jurisdiction,12,Motor Vehicle In-Transport,6,Angle,0,No,2,Intersection,3,T-Intersection,0,None,,,1,On Roadway,3,Dark - Lighted,10,Cloudy,0,No Additional Atmospheric Conditions,10,Cloudy,0,No,0000000,Not Applicable,21,9:00pm-9:59pm,42,42,21,9:00pm-9:59pm,47,47,22,10:00pm-10:59pm,8,8,0,None,0,None,0,None,1,0
2019,21,210153,Kentucky,1,1,0,0,0,1,1,207,RUSSELL (207),0,NOT APPLICABLE,16,16,4,April,2019,3,Tuesday,9,9:00am-9:59am,41,41,1,This section IS ON the NHS,1,Rural,3,Principal Arterial - Other,1,State Highway Agency,2,U.S. Highway,US-127,,262,262,37.16027778,37.16027778,-85.184161110,-85.184161110,0,No Special Jurisdiction,32,Culvert,0,The First Harmful Event was Not a Collision with a Motor Vehicle in Transport,0,No,1,Non-Junction,1,Not an Intersection,0,None,,,4,On Roadside,1,Daylight,1,Clear,0,No Additional Atmospheric Conditions,1,Clear,0,No,0000000,Not Applicable,9,9:00am-9:59am,39,39,9,9:00am-9:59am,50,50,10,10:00am-10:59am,43,43,0,None,0,None,0,None,1,1
2019,21,210154,Kentucky,1,1,0,0,0,2,2,227,WARREN (227),0,NOT APPLICABLE,16,16,4,April,2019,3,Tuesday,16,4:00pm-4:59pm,38,38,0,This section IS NOT on the NHS,1,Rural,5,Major Collector,1,State Highway Agency,3,State Highway,SR-259,,27,27,37.06205833,37.06205833,-86.133458330,-86.133458330,0,No Special Jurisdiction,1,Rollover/Overturn,0,The First Harmful Event was Not a Collision with a Motor Vehicle in Transport,0,No,1,Non-Junction,1,Not an Intersection,0,None,,,4,On Roadside,1,Daylight,1,Clear,0,No Additional Atmospheric Conditions,1,Clear,0,No,0000000,Not Applicable,16,4:00pm-4:59pm,33,33,16,4:00pm-4:59pm,53,53,88,Not Applicable (Not Transported),88,Not Applicable (Not Transported),0,None,0,None,0,None,2,1
2019,21,210155,Kentucky,1,1,0,0,0,1,1,81,GRANT (81),0,NOT APPLICABLE,3,3,4,April,2019,4,Wednesday,14,2:00pm-2:59pm,4,4,0,This section IS NOT on the NHS,1,Rural,5,Major Collector,1,State Highway Agency,2,U.S. Highway,US-25,,13,13,38.50853333,38.50853333,-84.567494440,-84.567494440,0,No Special Jurisdiction,34,Ditch,0,The First Harmful Event was Not a Collision with a Motor Vehicle in Transport,0,No,1,Non-Junction,1,Not an Intersection,0,None,,,4,On Roadside,1,Daylight,1,Clear,0,No Additional Atmospheric Conditions,1,Clear,0,No,0000000,Not Applicable,14,2:00pm-2:59pm,8,8,14,2:00pm-2:59pm,26,26,0,0:00am-0:59am,0,0,0,None,0,None,0,None,1,0
2019,21,210156,Kentucky,2,2,0,0,0,3,3,51,CLAY (51),0,NOT APPLICABLE,8,8,4,April,2019,2,Monday,18,6:00pm-6:59pm,35,35,0,This section IS NOT on the NHS,1,Rural,5,Major Collector,1,State Highway Agency,3,State Highway,SR-66,,185,185,37.16445278,37.16445278,-83.580913890,-83.580913890,0,No Special Jurisdiction,12,Motor Vehicle In-Transport,2,Front-to-Front,0,No,1,Non-Junction,1,Not an Intersection,0,None,,,1,On Roadway,1,Daylight,1,Clear,0,No Additional Atmospheric Conditions,1,Clear,0,No,0000000,Not Applicable,18,6:00pm-6:59pm,27,27,18,6:00pm-6:59pm,49,49,20,8:00pm-8:59pm,29,29,0,None,0,None,0,None,1,0
2019,21,210157,Kentucky,3,3,0,0,0,3,3,111,JEFFERSON (111),2090,LOUISVILLE,17,17,4,April,2019,4,Wednesday,6,6:00am-6:59am,31,31,1,This section IS ON the NHS,2,Urban,1,Interstate,1,State Highway Agency,1,Interstate,I-264,,178,178,38.22761389,38.22761389,-85.637355560,-85.637355560,0,No Special Jurisdiction,12,Motor Vehicle In-Transport,1,Front-to-Rear,0,No,1,Non-Junction,1,Not an Intersection,0,None,,,1,On Roadway,3,Dark - Lighted,1,Clear,0,No Additional Atmospheric Conditions,1,Clear,0,No,0000000,Not Applicable,6,6:00am-6:59am,39,39,6,6:00am-6:59am,51,51,8,8:00am-8:59am,5,5,0,None,0,None,0,None,1,0
2019,21,210158,Kentucky,1,1,0,0,0,1,1,107,HOPKINS (107),0,NOT APPLICABLE,17,17,4,April,2019,4,Wednesday,12,12:00pm-12:59pm,41,41,0,This section IS NOT on the NHS,1,Rural,4,Minor Arterial,1,State Highway Agency,2,U.S. Highway,US-41,,71,71,37.21737222,37.21737222,-87.471680560,-87.471680560,0,No Special Jurisdiction,42,Tree (Standing Only),0,The First Harmful Event was Not a Collision with a Motor Vehicle in Transport,0,No,1,Non-Junction,1,Not an Intersection,0,None,,,4,On Roadside,1,Daylight,1,Clear,0,No Additional Atmospheric Conditions,1,Clear,0,No,0000000,Not Applicable,12,12:00pm-12:59pm,43,43,12,12:00pm-12:59pm,53,53,88,Not Applicable (Not Transported),88,Not Applicable (Not Transported),0,None,0,None,0,None,1,0
2019,21,210159,Kentucky,2,2,0,0,0,3,3,83,GRAVES (83),2200,MAYFIELD,12,12,4,April,2019,6,Friday,14,2:00pm-2:59pm,37,37,1,This section IS ON the NHS,2,Urban,3,Principal Arterial - Other,1,State Highway Agency,3,State Highway,SR-121,,65,65,36.73083889,36.73083889,-88.621027780,-88.621027780,0,No Special Jurisdiction,12,Motor Vehicle In-Transport,6,Angle,0,No,8,Driveway Access Related,1,Not an Intersection,0,None,,,1,On Roadway,1,Daylight,1,Clear,0,No Additional Atmospheric Conditions,1,Clear,0,No,0000000,Not Applicable,14,2:00pm-2:59pm,39,39,14,2:00pm-2:59pm,42,42,14,2:00pm-2:59pm,57,57,0,None,0,None,0,None,1,0
2019,21,210160,Kentucky,2,2,0,1,1,3,3,111,JEFFERSON (111),2090,LOUISVILLE,19,19,4,April,2019,6,Friday,21,9:00pm-9:59pm,9,9,0,This section IS NOT on the NHS,2,Urban,4,Minor Arterial,1,State Highway Agency,3,State Highway,SR-1865,,58,58,38.19089444,38.19089444,-85.783325000,-85.783325000,0,No Special Jurisdiction,8,Pedestrian,0,The First Harmful Event was Not a Collision with a Motor Vehicle in Transport,0,No,1,Non-Junction,1,Not an Intersection,0,None,,,1,On Roadway,3,Dark - Lighted,2,Rain,0,No Additional Atmospheric Conditions,2,Rain,0,No,0000000,Not Applicable,21,9:00pm-9:59pm,10,10,21,9:00pm-9:59pm,15,15,21,9:00pm-9:59pm,40,40,0,None,0,None,0,None,1,0
2019,21,210161,Kentucky,1,1,0,0,0,1,1,161,MASON (161),2210,MAYSVILLE,21,21,4,April,2019,1,Sunday,0,0:00am-0:59am,46,46,0,This section IS NOT on the NHS,1,Rural,4,Minor Arterial,1,State Highway Agency,3,State Highway,SR-11,,94,94,38.61586389,38.61586389,-83.754275000,-83.754275000,0,No Special Jurisdiction,35,Embankment,0,The First Harmful Event was Not a Collision with a Motor Vehicle in Transport,0,No,1,Non-Junction,1,Not an Intersection,0,None,,,4,On Roadside,2,Dark - Not Lighted,10,Cloudy,0,No Additional Atmospheric Conditions,10,Cloudy,0,No,0000000,Not Applicable,0,0:00am-0:59am,52,52,0,0:00am-0:59am,55,55,88,Not Applicable (Not Transported),88,Not Applicable (Not Transported),0,None,0,None,0,None,1,0
2019,21,210162,Kentucky,2,2,0,0,0,3,3,59,DAVIESS (59),2490,OWENSBORO,11,11,4,April,2019,5,Thursday,19,7:00pm-7:59pm,51,51,0,This section IS NOT on the NHS,2,Urban,4,Minor Arterial,1,State Highway Agency,2,U.S. Highway,US-231,US-60,112,112,37.73083056,37.73083056,-87.087466670,-87.087466670,0,No Special Jurisdiction,12,Motor Vehicle In-Transport,6,Angle,0,No,2,Intersection,3,T-Intersection,0,None,,,1,On Roadway,3,Dark - Lighted,1,Clear,0,No Additional Atmospheric Conditions,1,Clear,0,No,0000000,Not Applicable,19,7:00pm-7:59pm,52,52,19,7:00pm-7:59pm,58,58,20,8:00pm-8:59pm,25,25,0,None,0,None,0,None,1,0
2019,21,210163,Kentucky,4,4,0,0,0,4,4,117,KENTON (117),1050,ERLANGER,19,19,4,April,2019,6,Friday,15,3:00pm-3:59pm,15,15,0,This section IS NOT on the NHS,2,Urban,4,Minor Arterial,1,State Highway Agency,3,State Highway,SR-236,I-75 S EXIT RAMP 184,24,24,39.02672778,39.02672778,-84.614230560,-84.614230560,0,No Special Jurisdiction,12,Motor Vehicle In-Transport,7,Sideswipe - Same Direction,0,No,3,Intersection-Related,3,T-Intersection,0,None,,,1,On Roadway,1,Daylight,2,Rain,0,No Additional Atmospheric Conditions,2,Rain,0,No,0000000,Not Applicable,15,3:00pm-3:59pm,19,19,15,3:00pm-3:59pm,25,25,15,3:00pm-3:59pm,34,34,0,None,0,None,0,None,1,0
2019,21,210164,Kentucky,1,1,0,0,0,1,1,157,MARSHALL (157),0,NOT APPLICABLE,23,23,4,April,2019,3,Tuesday,11,11:00am-11:59am,40,40,0,This section IS NOT on the NHS,1,Rural,5,Major Collector,1,State Highway Agency,3,State Highway,SR-408,,124,124,36.85414444,36.85414444,-88.267688890,-88.267688890,0,No Special Jurisdiction,1,Rollover/Overturn,0,The First Harmful Event was Not a Collision with a Motor Vehicle in Transport,0,No,1,Non-Junction,1,Not an Intersection,0,None,,,4,On Roadside,1,Daylight,1,Clear,0,No Additional Atmospheric Conditions,1,Clear,0,No,0000000,Not Applicable,11,11:00am-11:59am,45,45,11,11:00am-11:59am,54,54,12,12:00pm-12:59pm,12,12,0,None,0,None,0,None,1,0
2019,21,210165,Kentucky,2,2,0,0,0,3,3,199,PULASKI (199),1110,FERGUSON,19,19,4,April,2019,6,Friday,11,11:00am-11:59am,54,54,1,This section IS ON the NHS,2,Urban,3,Principal Arterial - Other,1,State Highway Agency,3,State Highway,SR-914,SR-3075,81,81,37.04529167,37.04529167,-84.599400000,-84.599400000,0,No Special Jurisdiction,12,Motor Vehicle In-Transport,6,Angle,0,No,2,Intersection,3,T-Intersection,0,None,,,1,On Roadway,1,Daylight,2,Rain,0,No Additional Atmospheric Conditions,2,Rain,0,No,0000000,Not Applicable,11,11:00am-11:59am,59,59,12,12:00pm-12:59pm,6,6,12,12:00pm-12:59pm,40,40,0,None,0,None,0,None,1,0
2019,21,210166,Kentucky,2,2,0,0,0,3,3,109,JACKSON (109),0,NOT APPLICABLE,22,22,4,April,2019,2,Monday,15,3:00pm-3:59pm,55,55,0,This section IS NOT on the NHS,1,Rural,5,Major Collector,1,State Highway Agency,3,State Highway,SR-3630,,115,115,37.34398889,37.34398889,-83.921261110,-83.921261110,0,No Special Jurisdiction,12,Motor Vehicle In-Transport,2,Front-to-Front,0,No,8,Driveway Access Related,1,Not an Intersection,0,None,,,1,On Roadway,1,Daylight,1,Clear,0,No Additional Atmospheric Conditions,1,Clear,0,No,0000000,Not Applicable,15,3:00pm-3:59pm,52,52,16,4:00pm-4:59pm,10,10,18,6:00pm-6:59pm,20,20,0,None,0,None,0,None,1,0
2019,21,210167,Kentucky,3,3,0,0,0,5,5,191,PENDLETON (191),0,NOT APPLICABLE,21,21,4,April,2019,1,Sunday,16,4:00pm-4:59pm,5,5,0,This section IS NOT on the NHS,1,Rural,4,Minor Arterial,1,State Highway Agency,2,U.S. Highway,US-27,,165,165,38.78448611,38.78448611,-84.349619440,-84.349619440,0,No Special Jurisdiction,12,Motor Vehicle In-Transport,1,Front-to-Rear,0,No,8,Driveway Access Related,1,Not an Intersection,0,None,,,1,On Roadway,1,Daylight,1,Clear,0,No Additional Atmospheric Conditions,1,Clear,0,No,0000000,Not Applicable,16,4:00pm-4:59pm,6,6,16,4:00pm-4:59pm,30,30,0,0:00am-0:59am,0,0,0,None,0,None,0,None,1,0
2019,21,210168,Kentucky,1,1,0,1,1,1,1,185,OLDHAM (185),0,NOT APPLICABLE,27,27,4,April,2019,7,Saturday,22,10:00pm-10:59pm,54,54,0,This section IS NOT on the NHS,2,Urban,4,Minor Arterial,1,State Highway Agency,3,State Highway,SR-146,,89,89,38.39588611,38.39588611,-85.411358330,-85.411358330,0,No Special Jurisdiction,8,Pedestrian,0,The First Harmful Event was Not a Collision with a Motor Vehicle in Transport,0,No,1,Non-Junction,1,Not an Intersection,0,None,,,1,On Roadway,2,Dark - Not Lighted,10,Cloudy,0,No Additional Atmospheric Conditions,10,Cloudy,0,No,0000000,Not Applicable,22,10:00pm-10:59pm,56,56,23,11:00pm-11:59pm,8,8,88,Not Applicable (Not Transported),88,Not Applicable (Not Transported),0,None,0,None,0,None,1,0