caseyear,state,st_case,statename,ve_total,ve_forms,pvh_invl,peds,pernotmvit,permvit,persons,county,countyname,city,cityname,day,dayname,month,monthname,year,day_week,day_weekname,hour,hourname,minute,minutename,nhs,nhsname,rur_urb,rur_urbname,func_sys,func_sysname,rd_owner,rd_ownername,route,routename,tway_id,tway_id2,milept,mileptname,latitude,latitudename,longitud,longitudname,sp_jur,sp_jurname,harm_ev,harm_evname,man_coll,man_collname,reljct1,reljct1name,reljct2,reljct2name,typ_int,typ_intname,wrk_zone,wrk_zonename,road_fnc,road_fncname,rel_road,rel_roadname,lgt_cond,lgt_condname,weather1,weather1name,weather2,weather2name,weather,weathername,sch_bus,sch_busname,rail,railname,not_hour,not_hourname,not_min,not_minname,arr_hour,arr_hourname,arr_min,arr_minname,hosp_hr,hosp_hrname,hosp_mn,hosp_mnname,cf1,cf1name,cf2,cf2name,cf3,cf3name,fatals,drunk_dr
2019,21,210237,Kentucky,1,1,0,0,0,2,2,55,CRITTENDEN (55),0,NOT APPLICABLE,16,16,5,May,2019,5,Thursday,15,3:00pm-3:59pm,43,43,0,This section IS NOT on the NHS,1,Rural,5,Major Collector,1,State Highway Agency,3,State Highway,SR-91,SR-135,126,126,37.44178889,37.44178889,-88.158116670,-88.158116670,0,No Special Jurisdiction,1,Rollover/Overturn,0,The First Harmful Event was Not a Collision with a Motor Vehicle in Transport,0,No,2,Intersection,3,T-Intersection,0,None,,,1,On Roadway,1,Daylight,1,Clear,0,No Additional Atmospheric Conditions,1,Clear,0,No,0000000,Not Applicable,15,3:00pm-3:59pm,46,46,15,3:00pm-3:59pm,59,59,19,7:00pm-7:59pm,27,27,0,None,0,None,0,None,1,0
2019,21,210238,Kentucky,1,1,0,0,0,1,1,21,BOYLE (21),0,NOT APPLICABLE,23,23,5,May,2019,5,Thursday,16,4:00pm-4:59pm,47,47,0,This section IS NOT on the NHS,1,Rural,5,Major Collector,1,State Highway Agency,3,State Highway,SR-33,,31,31,37.69036944,37.69036944,-84.765586110,-84.765586110,0,No Special Jurisdiction,35,Embankment,0,The First Harmful Event was Not a Collision with a Motor Vehicle in Transport,0,No,1,Non-Junction,1,Not an Intersection,0,None,,,4,On Roadside,1,Daylight,1,Clear,0,No Additional Atmospheric Conditions,1,Clear,0,No,0000000,Not Applicable,16,4:00pm-4:59pm,47,47,16,4:00pm-4:59pm,58,58,88,Not Applicable (Not Transported),88,Not Applicable (Not Transported),0,None,0,None,0,None,1,1
2019,21,210239,Kentucky,2,2,0,0,0,3,3,111,JEFFERSON (111),2090,LOUISVILLE,31,31,5,May,2019,6,Friday,22,10:00pm-10:59pm,9,9,0,This section IS NOT on the NHS,2,Urban,7,Local,1,State Highway Agency,5,Local Street - Township,W BROADWAY,,13,13,38.25005833,38.25005833,-85.812452780,-85.812452780,0,No Special Jurisdiction,12,Motor Vehicle In-Transport,2,Front-to-Front,0,No,1,Non-Junction,1,Not an Intersection,0,None,,,1,On Roadway,6,Dark - Unknown Lighting,1,Clear,0,No Additional Atmospheric Conditions,1,Clear,0,No,0000000,Not Applicable,22,10:00pm-10:59pm,10,10,22,10:00pm-10:59pm,19,19,22,10:00pm-10:59pm,45,45,0,None,0,None,0,None,1,1
2019,21,210240,Kentucky,1,1,0,0,0,2,2,233,WEBSTER (233),3030,SLAUGHTERS,7,7,4,April,2019,1,Sunday,16,4:00pm-4:59pm,14,14,0,This section IS NOT on the NHS,1,Rural,6,Minor Collector,1,State Highway Agency,3,State Highway,SR-138,,107,107,37.48905000,37.48905000,-87.496666670,-87.496666670,0,No Special Jurisdiction,10,Railway Vehicle,0,The First Harmful Event was Not a Collision with a Motor Vehicle in Transport,0,No,6,Railway Grade Crossing,1,Not an Intersection,0,None,,,1,On Roadway,1,Daylight,1,Clear,0,No Additional Atmospheric Conditions,1,Clear,0,No,345348V,345348V,16,4:00pm-4:59pm,17,17,16,4:00pm-4:59pm,31,31,88,Not Applicable (Not Transported),88,Not Applicable (Not Transported),0,None,0,None,0,None,2,0
2019,21,210241,Kentucky,2,2,0,0,0,6,6,229,WASHINGTON (229),0,NOT APPLICABLE,25,25,5,May,2019,7,Saturday,18,6:00pm-6:59pm,55,55,0,This section IS NOT on the NHS,1,Rural,4,Minor Arterial,1,State Highway Agency,2,U.S. Highway,US-150,TEXAS RD,168,168,37.65671667,37.65671667,-85.104419440,-85.104419440,0,No Special Jurisdiction,12,Motor Vehicle In-Transport,6,Angle,0,No,2,Intersection,2,Four-Way Intersection,0,None,,,1,On Roadway,1,Daylight,1,Clear,0,No Additional Atmospheric Conditions,1,Clear,0,No,0000000,Not Applicable,18,6:00pm-6:59pm,57,57,19,7:00pm-7:59pm,4,4,19,7:00pm-7:59pm,29,29,0,None,0,None,0,None,2,1
2019,21,210242,Kentucky,1,1,0,0,0,1,1,135,LEWIS (135),0,NOT APPLICABLE,18,18,2,February,2019,2,Monday,5,5:00am-5:59am,25,25,1,This section IS ON the NHS,1,Rural,3,Principal Arterial - Other,1,State Highway Agency,3,State Highway,SR-9,SR-10,80,80,38.57554167,38.57554167,-83.276902780,-83.276902780,0,No Special Jurisdiction,24,Guardrail Face,0,The First Harmful Event was Not a Collision with a Motor Vehicle in Transport,0,No,3,Intersection-Related,3,T-Intersection,0,None,,,4,On Roadside,3,Dark - Lighted,1,Clear,0,No Additional Atmospheric Conditions,1,Clear,0,No,0000000,Not Applicable,5,5:00am-5:59am,26,26,5,5:00am-5:59am,49,49,88,Not Applicable (Not Transported),88,Not Applicable (Not Transported),0,None,0,None,0,None,1,0
2019,21,210243,Kentucky,1,1,0,1,1,1,1,135,LEWIS (135),0,NOT APPLICABLE,30,30,4,April,2019,3,Tuesday,4,4:00am-4:59am,39,39,0,This section IS NOT on the NHS,1,Rural,4,Minor Arterial,1,State Highway Agency,3,State Highway,SR-8,,297,297,38.67807500,38.67807500,-83.076294440,-83.076294440,0,No Special Jurisdiction,8,Pedestrian,0,The First Harmful Event was Not a Collision with a Motor Vehicle in Transport,0,No,1,Non-Junction,1,Not an Intersection,0,None,,,1,On Roadway,2,Dark - Not Lighted,10,Cloudy,0,No Additional Atmospheric Conditions,10,Cloudy,0,No,0000000,Not Applicable,4,4:00am-4:59am,40,40,4,4:00am-4:59am,59,59,5,5:00am-5:59am,16,16,0,None,0,None,0,None,1,0
2019,21,210244,Kentucky,1,1,0,0,0,1,1,195,PIKE (195),2640,PIKEVILLE,19,19,5,May,2019,1,Sunday,20,8:00pm-8:59pm,8,8,0,This section IS NOT on the NHS,1,Rural,5,Major Collector,1,State Highway Agency,3,State Highway,SR-194,,114,114,37.59959722,37.59959722,-82.508641670,-82.508641670,0,No Special Jurisdiction,42,Tree (Standing Only),0,The First Harmful Event was Not a Collision with a Motor Vehicle in Transport,0,No,1,Non-Junction,1,Not an Intersection,0,None,,,4,On Roadside,5,Dusk,1,Clear,0,No Additional Atmospheric Conditions,1,Clear,0,No,0000000,Not Applicable,20,8:00pm-8:59pm,9,9,21,9:00pm-9:59pm,16,16,88,Not Applicable (Not Transported),88,Not Applicable (Not Transported),0,None,0,None,0,None,1,1
2019,21,210245,Kentucky,1,1,0,0,0,1,1,167,MERCER (167),0,NOT APPLICABLE,30,30,5,May,2019,5,Thursday,11,11:00am-11:59am,57,57,0,This section IS NOT on the NHS,1,Rural,4,Minor Arterial,1,State Highway Agency,2,U.S. Highway,US-68,,39,39,37.73343611,37.73343611,-84.882494440,-84.882494440,0,No Special Jurisdiction,30,Utility Pole/Light Support,0,The First Harmful Event was Not a Collision with a Motor Vehicle in Transport,0,No,1,Non-Junction,1,Not an Intersection,0,None,,,4,On Roadside,1,Daylight,2,Rain,0,No Additional Atmospheric Conditions,2,Rain,0,No,0000000,Not Applicable,12,12:00pm-12:59pm,1,1,12,12:00pm-12:59pm,3,3,88,Not Applicable (Not Transported),88,Not Applicable (Not Transported),0,None,0,None,0,None,1,0
2019,21,210246,Kentucky,2,2,0,0,0,2,2,21,BOYLE (21),0,NOT APPLICABLE,23,23,5,May,2019,5,Thursday,13,1:00pm-1:59pm,18,18,0,This section IS NOT on the NHS,1,Rural,4,Minor Arterial,1,State Highway Agency,2,U.S. Highway,US-150,,83,83,37.65155833,37.65155833,-84.875108330,-84.875108330,0,No Special Jurisdiction,12,Motor Vehicle In-Transport,2,Front-to-Front,0,No,1,Non-Junction,1,Not an Intersection,0,None,,,1,On Roadway,1,Daylight,1,Clear,0,No Additional Atmospheric Conditions,1,Clear,0,No,0000000,Not Applicable,13,1:00pm-1:59pm,24,24,13,1:00pm-1:59pm,28,28,13,1:00pm-1:59pm,46,46,0,None,0,None,0,None,1,0
2019,21,210247,Kentucky,1,1,0,0,0,1,1,39,CARLISLE (39),0,NOT APPLICABLE,30,30,5,May,2019,5,Thursday,12,12:00pm-12:59pm,10,10,0,This section IS NOT on the NHS,1,Rural,7,Local,2,County Highway Agency,4,County Road,CR-ALLEN CEMETERY RD,,9,9,36.78079444,36.78079444,-89.052322220,-89.052322220,0,No Special Jurisdiction,42,Tree (Standing Only),0,The First Harmful Event was Not a Collision with a Motor Vehicle in Transport,0,No,1,Non-Junction,1,Not an Intersection,0,None,,,4,On Roadside,1,Daylight,1,Clear,0,No Additional Atmospheric Conditions,1,Clear,0,No,0000000,Not Applicable,12,12:00pm-12:59pm,10,10,12,12:00pm-12:59pm,33,33,88,Not Applicable (Not Transported),88,Not Applicable (Not Transported),0,None,0,None,0,None,1,1
2019,21,210248,Kentucky,2,2,0,0,0,3,3,195,PIKE (195),2640,PIKEVILLE,1,1,6,June,2019,7,Saturday,13,1:00pm-1:59pm,22,22,1,This section IS ON the NHS,1,Rural,3,Principal Arterial - Other,1,State Highway Agency,2,U.S. Highway,US-23,PARKING LOT WAY,166,166,37.41722222,37.41722222,-82.526400000,-82.526400000,0,No Special Jurisdiction,12,Motor Vehicle In-Transport,6,Angle,0,No,2,Intersection,3,T-Intersection,0,None,,,1,On Roadway,1,Daylight,1,Clear,0,No Additional Atmospheric Conditions,1,Clear,0,No,0000000,Not Applicable,13,1:00pm-1:59pm,26,26,13,1:00pm-1:59pm,40,40,14,2:00pm-2:59pm,6,6,0,None,0,None,0,None,1,0
2019,21,210249,Kentucky,1,1,0,0,0,1,1,151,MADISON (151),0,NOT APPLICABLE,4,4,6,June,2019,3,Tuesday,6,6:00am-6:59am,27,27,0,This section IS NOT on the NHS,1,Rural,4,Minor Arterial,1,State Highway Agency,2,U.S. Highway,US-421,,50,50,37.59083611,37.59083611,-84.214569440,-84.214569440,0,No Special Jurisdiction,1,Rollover/Overturn,0,The First Harmful Event was Not a Collision with a Motor Vehicle in Transport,0,No,1,Non-Junction,1,Not an Intersection,0,None,,,1,On Roadway,4,Dawn,1,Clear,0,No Additional Atmospheric Conditions,1,Clear,0,No,0000000,Not Applicable,6,6:00am-6:59am,33,33,6,6:00am-6:59am,46,46,88,Not Applicable (Not Transported),88,Not Applicable (Not Transported),0,None,0,None,0,None,1,0
2019,21,210250,Kentucky,3,3,0,0,0,4,4,67,FAYETTE (67),1980,LEXINGTON-FAYETTE,5,5,6,June,2019,4,Wednesday,12,12:00pm-12:59pm,48,48,0,This section IS NOT on the NHS,2,Urban,4,Minor Arterial,1,State Highway Agency,2,U.S. Highway,US-25,,200,200,38.12801944,38.12801944,-84.527766670,-84.527766670,0,No Special Jurisdiction,12,Motor Vehicle In-Transport,2,Front-to-Front,0,No,1,Non-Junction,1,Not an Intersection,0,None,,,1,On Roadway,1,Daylight,10,Cloudy,0,No Additional Atmospheric Conditions,10,Cloudy,0,No,0000000,Not Applicable,12,12:00pm-12:59pm,54,54,13,1:00pm-1:59pm,7,7,13,1:00pm-1:59pm,53,53,0,None,0,None,0,None,1,0
2019,21,210251,Kentucky,2,2,0,0,0,3,3,111,JEFFERSON (111),2090,LOUISVILLE,5,5,6,June,2019,4,Wednesday,14,2:00pm-2:59pm,23,23,0,This section IS NOT on the NHS,2,Urban,7,Local,1,State Highway Agency,5,Local Street - Township,JEANINE DR,GLEN VALLEY RD,2,2,38.16070000,38.16070000,-85.688308330,-85.688308330,0,No Special Jurisdiction,12,Motor Vehicle In-Transport,6,Angle,0,No,2,Intersection,2,Four-Way Intersection,0,None,,,1,On Roadway,1,Daylight,1,Clear,0,No Additional Atmospheric Conditions,1,Clear,0,No,0000000,Not Applicable,14,2:00pm-2:59pm,23,23,14,2:00pm-2:59pm,29,29,14,2:00pm-2:59pm,59,59,0,None,0,None,0,None,1,0
2019,21,210252,Kentucky,1,1,0,0,0,2,2,53,CLINTON (53),0,NOT APPLICABLE,5,5,6,June,2019,4,Wednesday,15,3:00pm-3:59pm,46,46,0,This section IS NOT on the NHS,1,Rural,6,Minor Collector,1,State Highway Agency,3,State Highway,SR-696,,58,58,36.70984722,36.70984722,-85.031027780,-85.031027780,0,No Special Jurisdiction,1,Rollover/Overturn,0,The First Harmful Event was Not a Collision with a Motor Vehicle in Transport,0,No,1,Non-Junction,1,Not an Intersection,0,None,,,1,On Roadway,1,Daylight,1,Clear,0,No Additional Atmospheric Conditions,1,Clear,0,No,0000000,Not Applicable,15,3:00pm-3:59pm,49,49,16,4:00pm-4:59pm,5,5,16,4:00pm-4:59pm,51,51,0,None,0,None,0,None,1,0
2019,21,210253,Kentucky,2,2,0,0,0,5,5,65,ESTILL (65),0,NOT APPLICABLE,5,5,6,June,2019,4,Wednesday,11,11:00am-11:59am,50,50,0,This section IS NOT on the NHS,1,Rural,5,Major Collector,1,State Highway Agency,3,State Highway,SR-82,,5,5,37.79003889,37.79003889,-84.005125000,-84.005125000,0,No Special Jurisdiction,12,Motor Vehicle In-Transport,2,Front-to-Front,0,No,1,Non-Junction,1,Not an Intersection,0,None,,,1,On Roadway,1,Daylight,1,Clear,0,No Additional Atmospheric Conditions,1,Clear,0,No,0000000,Not Applicable,11,11:00am-11:59am,38,38,11,11:00am-11:59am,48,48,12,12:00pm-12:59pm,17,17,0,None,0,None,0,None,1,0
2019,21,210254,Kentucky,2,2,0,0,0,5,5,117,KENTON (117),3239,TAYLOR MILL,5,5,6,June,2019,4,Wednesday,17,5:00pm-5:59pm,15,15,0,This section IS NOT on the NHS,2,Urban,4,Minor Arterial,1,State Highway Agency,3,State Highway,SR-16,,113,113,39.00003056,39.00003056,-84.504688890,-84.504688890,0,No Special Jurisdiction,33,Curb,0,The First Harmful Event was Not a Collision with a Motor Vehicle in Transport,0,No,1,Non-Junction,1,Not an Intersection,0,None,,,4,On Roadside,1,Daylight,10,Cloudy,0,No Additional Atmospheric Conditions,10,Cloudy,0,No,0000000,Not Applicable,17,5:00pm-5:59pm,15,15,17,5:00pm-5:59pm,24,24,17,5:00pm-5:59pm,54,54,0,None,0,None,0,None,1,0
2019,21,210255,Kentucky,2,2,0,1,1,2,2,111,JEFFERSON (111),2090,LOUISVILLE,7,7,6,June,2019,6,Friday,21,9:00pm-9:59pm,24,24,1,This section IS ON the NHS,2,Urban,3,Principal Arterial - Other,1,State Highway Agency,2,U.S. Highway,US-31,RATCLIFFE AVE,173,173,38.21927500,38.21927500,-85.794136110,-85.794136110,0,No Special Jurisdiction,8,Pedestrian,0,The First Harmful Event was Not a Collision with a Motor Vehicle in Transport,0,No,3,Intersection-Related,2,Four-Way Intersection,0,None,,,1,On Roadway,2,Dark - Not Lighted,2,Rain,0,No Additional Atmospheric Conditions,2,Rain,0,No,0000000,Not Applicable,21,9:00pm-9:59pm,24,24,21,9:00pm-9:59pm,26,26,88,Not Applicable (Not Transported),88,Not Applicable (Not Transported),0,None,0,None,0,None,1,0
2019,21,210256,Kentucky,2,2,0,0,0,2,2,185,OLDHAM (185),1316,GOSHEN,9,9,6,June,2019,1,Sunday,6,6:00am-6:59am,9,9,0,This section IS NOT on the NHS,1,Rural,4,Minor Arterial,1,State Highway Agency,2,U.S. Highway,US-42,,69,69,38.43218333,38.43218333,-85.523427780,-85.523427780,0,No Special Jurisdiction,12,Motor Vehicle In-Transport,6,Angle,0,No,1,Non-Junction,1,Not an Intersection,0,None,,,1,On Roadway,4,Dawn,10,Cloudy,0,No Additional Atmospheric Conditions,10,Cloudy,0,No,0000000,Not Applicable,6,6:00am-6:59am,11,11,6,6:00am-6:59am,18,18,6,6:00am-6:59am,59,59,0,None,0,None,0,None,1,0
2019,21,210257,Kentucky,2,2,0,0,0,2,2,135,LEWIS (135),0,NOT APPLICABLE,10,10,6,June,2019,2,Monday,11,11:00am-11:59am,55,55,1,This section IS ON the NHS,1,Rural,3,Principal Arterial - Other,1,State Highway Agency,3,State Highway,SR-9,,97,97,38.57560556,38.57560556,-83.306583330,-83.306583330,0,No Special Jurisdiction,12,Motor Vehicle In-Transport,2,Front-to-Front,0,No,1,Non-Junction,1,Not an Intersection,0,None,,,1,On Roadway,1,Daylight,2,Rain,0,No Additional Atmospheric Conditions,2,Rain,0,No,0000000,Not Applicable,11,11:00am-11:59am,58,58,12,12:00pm-12:59pm,3,3,88,Not Applicable (Not Transported),88,Not Applicable (Not Transported),0,None,0,None,0,None,1,0
2019,21,210258,Kentucky,1,1,0,0,0,2,2,75,FULTON (75),0,NOT APPLICABLE,11,11,6,June,2019,3,Tuesday,14,2:00pm-2:59pm,51,51,0,This section IS NOT on the NHS,1,Rural,4,Minor Arterial,1,State Highway Agency,3,State Highway,SR-1282,,41,41,36.52850556,36.52850556,-89.266494440,-89.266494440,0,No Special Jurisdiction,34,Ditch,0,The First Harmful Event was Not a Collision with a Motor Vehicle in Transport,0,No,1,Non-Junction,1,Not an Intersection,0,None,,,4,On Roadside,1,Daylight,1,Clear,0,No Additional Atmospheric Conditions,1,Clear,0,No,0000000,Not Applicable,14,2:00pm-2:59pm,31,31,14,2:00pm-2:59pm,41,41,15,3:00pm-3:59pm,0,0,0,None,0,None,0,None,1,0
2019,21,210259,Kentucky,1,1,0,0,0,1,1,219,TODD (219),0,NOT APPLICABLE,10,10,6,June,2019,2,Monday,5,5:00am-5:59am,40,40,0,This section IS NOT on the NHS,1,Rural,5,Major Collector,1,State Highway Agency,3,State Highway,SR-181,,205,205,36.92901111,36.92901111,-87.162225000,-87.162225000,0,No Special Jurisdiction,30,Utility Pole/Light Support,0,The First Harmful Event was Not a Collision with a Motor Vehicle in Transport,0,No,1,Non-Junction,1,Not an Intersection,0,None,,,4,On Roadside,4,Dawn,1,Clear,0,No Additional Atmospheric Conditions,1,Clear,0,No,0000000,Not Applicable,5,5:00am-5:59am,44,44,6,6:00am-6:59am,12,12,88,Not Applicable (Not Transported),88,Not Applicable (Not Transported),0,None,0,None,0,None,1,0
2019,21,210260,Kentucky,2,2,0,0,0,3,3,185,OLDHAM (185),2610,PEWEE VALLEY,6,6,6,June,2019,5,Thursday,15,3:00pm-3:59pm,53,53,0,This section IS NOT on the NHS,1,Rural,7,Local,1,State Highway Agency,3,State Highway,SR-362,OLD FLOYDSBURG RD,5,5,38.30171944,38.30171944,-85.482402780,-85.482402780,0,No Special Jurisdiction,12,Motor Vehicle In-Transport,6,Angle,0,No,2,Intersection,2,Four-Way Intersection,0,None,,,1,On Roadway,1,Daylight,10,Cloudy,0,No Additional Atmospheric Conditions,10,Cloudy,0,No,0000000,Not Applicable,15,3:00pm-3:59pm,54,54,15,3:00pm-3:59pm,59,59,16,4:00pm-4:59pm,29,29,0,None,0,None,0,None,1,1
2019,21,210261,Kentucky,3,3,0,0,0,4,4,217,TAYLOR (217),520,CAMPBELLSVILLE,13,13,6,June,2019,5,Thursday,15,3:00pm-3:59pm,8,8,1,This section IS ON the NHS,1,Rural,3,Principal Arterial - Other,1,State Highway Agency,3,State Highway,SR-55,,82,82,37.30826111,37.30826111,-85.355416670,-85.355416670,0,No Special Jurisdiction,12,Motor Vehicle In-Transport,1,Front-to-Rear,0,No,1,Non-Junction,1,Not an Intersection,1,Construction,,,1,On Roadway,1,Daylight,1,Clear,0,No Additional Atmospheric Conditions,1,Clear,0,No,0000000,Not Applicable,15,3:00pm-3:59pm,52,52,15,3:00pm-3:59pm,56,56,88,Not Applicable (Not Transported),88,Not Applicable (Not Transported),3,Other Maintenance or Construction-Created Condition,0,None,0,None,1,0
2019,21,210262,Kentucky,1,1,0,0,0,2,2,111,JEFFERSON (111),2090,LOUISVILLE,14,14,6,June,2019,6,Friday,5,5:00am-5:59am,7,7,1,This section IS ON the NHS,2,Urban,3,Principal Arterial - Other,1,State Highway Agency,2,U.S. Highway,US-31 W,SR-907,86,86,38.10764722,38.10764722,-85.866713890,-85.866713890,0,No Special Jurisdiction,30,Utility Pole/Light Support,0,The First Harmful Event was Not a Collision with a Motor Vehicle in Transport,0,No,3,Intersection-Related,4,Y-Intersection,0,None,,,4,On Roadside,2,Dark - Not Lighted,1,Clear,0,No Additional Atmospheric Conditions,1,Clear,0,No,0000000,Not Applicable,5,5:00am-5:59am,13,13,5,5:00am-5:59am,19,19,5,5:00am-5:59am,56,56,0,None,0,None,0,None,2,0
2019,21,210263,Kentucky,2,2,0,0,0,2,2,71,FLOYD (71),3242,TEABERRY,15,15,6,June,2019,7,Saturday,20,8:00pm-8:59pm,35,35,0,This section IS NOT on the NHS,1,Rural,5,Major Collector,1,State Highway Agency,3,State Highway,SR-979,,96,96,37.44194722,37.44194722,-82.655525000,-82.655525000,0,No Special Jurisdiction,12,Motor Vehicle In-Transport,6,Angle,0,No,4,Driveway Access,1,Not an Intersection,0,None,,,1,On Roadway,5,Dusk,1,Clear,0,No Additional Atmospheric Conditions,1,Clear,0,No,0000000,Not Applicable,20,8:00pm-8:59pm,37,37,21,9:00pm-9:59pm,7,7,88,Not Applicable (Not Transported),88,Not Applicable (Not Transported),0,None,0,None,0,None,1,0
2019,21,210264,Kentucky,1,1,0,0,0,1,1,163,MEADE (163),990,EKRON,16,16,6,June,2019,1,Sunday,8,8:00am-8:59am,38,38,0,This section IS NOT on the NHS,1,Rural,6,Minor Collector,1,State Highway Agency,3,State Highway,SR-941,,35,35,37.89100833,37.89100833,-86.193208330,-86.193208330,0,No Special Jurisdiction,38,Fence,0,The First Harmful Event was Not a Collision with a Motor Vehicle in Transport,0,No,1,Non-Junction,1,Not an Intersection,0,None,,,4,On Roadside,4,Dawn,10,Cloudy,0,No Additional Atmospheric Conditions,10,Cloudy,0,No,0000000,Not Applicable,8,8:00am-8:59am,41,41,8,8:00am-8:59am,52,52,88,Not Applicable (Not Transported),88,Not Applicable (Not Transported),0,None,0,None,0,None,1,1
2019,21,210265,Kentucky,1,1,0,0,0,2,2,101,HENDERSON (101),0,NOT APPLICABLE,16,16,6,June,2019,1,Sunday,13,1:00pm-1:59pm,29,29,0,This section IS NOT on the NHS,1,Rural,6,Minor Collector,1,State Highway Agency,3,State Highway,SR-1078,,131,131,37.86342222,37.86342222,-87.467200000,-87.467200000,0,No Special Jurisdiction,35,Embankment,0,The First Harmful Event was Not a Collision with a Motor Vehicle in Transport,0,No,1,Non-Junction,1,Not an Intersection,0,None,,,4,On Roadside,1,Daylight,10,Cloudy,0,No Additional Atmospheric Conditions,10,Cloudy,0,No,0000000,Not Applicable,13,1:00pm-1:59pm,29,29,13,1:00pm-1:59pm,41,41,14,2:00pm-2:59pm,19,19,0,None,0,None,0,None,1,0
2019,21,210266,Kentucky,2,2,0,0,0,3,3,199,PULASKI (199),460,BURNSIDE,17,17,6,June,2019,2,Monday,6,6:00am-6:59am,25,25,1,This section IS ON the NHS,2,Urban,3,Principal Arterial - Other,1,State Highway Agency,2,U.S. Highway,US-27,,86,86,36.98778333,36.98778333,-84.597738890,-84.597738890,0,No Special Jurisdiction,12,Motor Vehicle In-Transport,2,Front-to-Front,0,No,1,Non-Junction,1,Not an Intersection,0,None,,,1,On Roadway,4,Dawn,10,Cloudy,0,No Additional Atmospheric Conditions,10,Cloudy,0,No,0000000,Not Applicable,6,6:00am-6:59am,29,29,6,6:00am-6:59am,40,40,7,7:00am-7:59am,1,1,0,None,0,None,0,None,2,0
2019,21,210267,Kentucky,2,2,0,0,0,4,4,111,JEFFERSON (111),2090,LOUISVILLE,16,16,6,June,2019,1,Sunday,20,8:00pm-8:59pm,29,29,0,This section IS NOT on the NHS,2,Urban,4,Minor Arterial,1,State Highway Agency,3,State Highway,SR-61,LACLEDE LN,57,57,38.16265278,38.16265278,-85.700319440,-85.700319440,0,No Special Jurisdiction,12,Motor Vehicle In-Transport,6,Angle,0,No,2,Intersection,3,T-Intersection,0,None,,,1,On Roadway,5,Dusk,2,Rain,0,No Additional Atmospheric Conditions,2,Rain,0,No,0000000,Not Applicable,20,8:00pm-8:59pm,30,30,20,8:00pm-8:59pm,36,36,21,9:00pm-9:59pm,16,16,0,None,0,None,0,None,1,1
2019,21,210268,Kentucky,2,2,0,0,0,3,3,111,JEFFERSON (111),2090,LOUISVILLE,11,11,6,June,2019,3,Tuesday,10,10:00am-10:59am,19,19,1,This section IS ON the NHS,2,Urban,3,Principal Arterial - Other,1,State Highway Agency,3,State Highway,SR-1747,WATTERSON TRL,85,85,38.18349444,38.18349444,-85.606583330,-85.606583330,0,No Special Jurisdiction,12,Motor Vehicle In-Transport,6,Angle,0,No,2,Intersection,2,Four-Way Intersection,0,None,,,1,On Roadway,1,Daylight,1,Clear,0,No Additional Atmospheric Conditions,1,Clear,0,No,0000000,Not Applicable,10,10:00am-10:59am,19,19,10,10:00am-10:59am,25,25,11,11:00am-11:59am,0,0,0,None,0,None,0,None,1,0
2019,21,210269,Kentucky,1,1,0,0,0,1,1,37,CAMPBELL (37),3560,WILDER,8,8,6,June,2019,7,Saturday,4,4:00am-4:59am,10,10,0,This section IS NOT on the NHS,1,Rural,7,Local,1,State Highway Agency,5,Local Street - Township,ELM ST,NORTH ST,0,None,39.05905000,39.05905000,-84.487669440,-84.487669440,0,No Special Jurisdiction,30,Utility Pole/Light Support,0,The First Harmful Event was Not a Collision with a Motor Vehicle in Transport,0,No,3,Intersection-Related,3,T-Intersection,0,None,,,4,On Roadside,2,Dark - Not Lighted,10,Cloudy,0,No Additional Atmospheric Conditions,10,Cloudy,0,No,0000000,Not Applicable,4,4:00am-4:59am,16,16,4,4:00am-4:59am,21,21,6,6:00am-6:59am,7,7,0,None,0,None,0,None,1,1
2019,21,210270,Kentucky,1,1,0,0,0,1,1,179,NELSON (179),0,NOT APPLICABLE,16,16,6,June,2019,1,Sunday,2,2:00am-2:59am,30,30,1,This section IS ON the NHS,1,Rural,3,Principal Arterial - Other,1,State Highway Agency,3,State Highway,SR-9002,,173,173,37.77727500,37.77727500,-85.542166670,-85.542166670,0,No Special Jurisdiction,35,Embankment,0,The First Harmful Event was Not a Collision with a Motor Vehicle in Transport,0,No,1,Non-Junction,1,Not an Intersection,0,None,,,3,On Median,2,Dark - Not Lighted,10,Cloudy,0,No Additional Atmospheric Conditions,10,Cloudy,0,No,0000000,Not Applicable,2,2:00am-2:59am,39,39,2,2:00am-2:59am,51,51,88,Not Applicable (Not Transported),88,Not Applicable (Not Transported),0,None,0,None,0,None,1,0