caseyear,state,st_case,statename,ve_total,ve_forms,pvh_invl,peds,pernotmvit,permvit,persons,county,countyname,city,cityname,day,dayname,month,monthname,year,day_week,day_weekname,hour,hourname,minute,minutename,nhs,nhsname,rur_urb,rur_urbname,func_sys,func_sysname,rd_owner,rd_ownername,route,routename,tway_id,tway_id2,milept,mileptname,latitude,latitudename,longitud,longitudname,sp_jur,sp_jurname,harm_ev,harm_evname,man_coll,man_collname,reljct1,reljct1name,reljct2,reljct2name,typ_int,typ_intname,wrk_zone,wrk_zonename,road_fnc,road_fncname,rel_road,rel_roadname,lgt_cond,lgt_condname,weather1,weather1name,weather2,weather2name,weather,weathername,sch_bus,sch_busname,rail,railname,not_hour,not_hourname,not_min,not_minname,arr_hour,arr_hourname,arr_min,arr_minname,hosp_hr,hosp_hrname,hosp_mn,hosp_mnname,cf1,cf1name,cf2,cf2name,cf3,cf3name,fatals,drunk_dr
2019,21,210306,Kentucky,2,2,0,0,0,2,2,133,LETCHER (133),2006,LINEFORK,26,26,6,June,2019,4,Wednesday,17,5:00pm-5:59pm,30,30,0,This section IS NOT on the NHS,1,Rural,5,Major Collector,1,State Highway Agency,3,State Highway,SR-7,,6,6,37.12766944,37.12766944,-83.044686110,-83.044686110,0,No Special Jurisdiction,12,Motor Vehicle In-Transport,6,Angle,0,No,1,Non-Junction,1,Not an Intersection,0,None,,,1,On Roadway,1,Daylight,1,Clear,0,No Additional Atmospheric Conditions,1,Clear,0,No,0000000,Not Applicable,17,5:00pm-5:59pm,30,30,17,5:00pm-5:59pm,48,48,18,6:00pm-6:59pm,30,30,0,None,0,None,0,None,1,0
2019,21,210307,Kentucky,2,2,0,0,0,3,3,231,WAYNE (231),0,NOT APPLICABLE,17,17,3,March,2019,1,Sunday,13,1:00pm-1:59pm,27,27,0,This section IS NOT on the NHS,1,Rural,4,Minor Arterial,1,State Highway Agency,3,State Highway,SR-90,SR-1009,11,11,36.76417500,36.76417500,-84.986825000,-84.986825000,0,No Special Jurisdiction,12,Motor Vehicle In-Transport,1,Front-to-Rear,0,No,3,Intersection-Related,2,Four-Way Intersection,0,None,,,1,On Roadway,1,Daylight,1,Clear,0,No Additional Atmospheric Conditions,1,Clear,0,No,0000000,Not Applicable,13,1:00pm-1:59pm,13,13,13,1:00pm-1:59pm,40,40,14,2:00pm-2:59pm,36,36,0,None,0,None,0,None,1,0
2019,21,210308,Kentucky,2,2,0,0,0,3,3,133,LETCHER (133),3530,WHITESBURG,21,21,3,March,2019,5,Thursday,7,7:00am-7:59am,0,0,1,This section IS ON the NHS,1,Rural,3,Principal Arterial - Other,1,State Highway Agency,3,State Highway,SR-15,,17,17,37.11774167,37.11774167,-82.832008330,-82.832008330,0,No Special Jurisdiction,12,Motor Vehicle In-Transport,2,Front-to-Front,0,No,1,Non-Junction,1,Not an Intersection,0,None,,,1,On Roadway,2,Dark - Not Lighted,1,Clear,0,No Additional Atmospheric Conditions,1,Clear,0,No,0000000,Not Applicable,7,7:00am-7:59am,3,3,7,7:00am-7:59am,9,9,7,7:00am-7:59am,30,30,0,None,0,None,0,None,1,0
2019,21,210309,Kentucky,1,1,0,0,0,1,1,157,MARSHALL (157),0,NOT APPLICABLE,1,1,7,July,2019,2,Monday,4,4:00am-4:59am,53,53,1,This section IS ON the NHS,1,Rural,2,Principal Arterial - Other Freeways and Expressways,1,State Highway Agency,3,State Highway,SR-9003,,340,340,36.81805833,36.81805833,-88.483833330,-88.483833330,0,No Special Jurisdiction,1,Rollover/Overturn,0,The First Harmful Event was Not a Collision with a Motor Vehicle in Transport,0,No,1,Non-Junction,1,Not an Intersection,0,None,,,1,On Roadway,2,Dark - Not Lighted,1,Clear,0,No Additional Atmospheric Conditions,1,Clear,0,No,0000000,Not Applicable,4,4:00am-4:59am,56,56,5,5:00am-5:59am,25,25,88,Not Applicable (Not Transported),88,Not Applicable (Not Transported),0,None,0,None,0,None,1,0
2019,21,210310,Kentucky,1,1,0,0,0,1,1,87,GREEN (87),0,NOT APPLICABLE,1,1,7,July,2019,2,Monday,9,9:00am-9:59am,11,11,0,This section IS NOT on the NHS,1,Rural,7,Local,1,State Highway Agency,3,State Highway,SR-323,,67,67,37.30851389,37.30851389,-85.580005560,-85.580005560,0,No Special Jurisdiction,35,Embankment,0,The First Harmful Event was Not a Collision with a Motor Vehicle in Transport,0,No,1,Non-Junction,1,Not an Intersection,0,None,,,4,On Roadside,1,Daylight,1,Clear,0,No Additional Atmospheric Conditions,1,Clear,0,No,0000000,Not Applicable,9,9:00am-9:59am,11,11,9,9:00am-9:59am,22,22,88,Not Applicable (Not Transported),88,Not Applicable (Not Transported),0,None,0,None,0,None,1,0
2019,21,210311,Kentucky,2,2,0,0,0,3,3,177,MUHLENBERG (177),3090,SOUTH CARROLLTON,1,1,7,July,2019,2,Monday,10,10:00am-10:59am,18,18,0,This section IS NOT on the NHS,1,Rural,4,Minor Arterial,1,State Highway Agency,2,U.S. Highway,US-431,,224,224,37.33281667,37.33281667,-87.138302780,-87.138302780,0,No Special Jurisdiction,12,Motor Vehicle In-Transport,2,Front-to-Front,0,No,1,Non-Junction,1,Not an Intersection,0,None,,,1,On Roadway,1,Daylight,1,Clear,0,No Additional Atmospheric Conditions,1,Clear,0,No,0000000,Not Applicable,10,10:00am-10:59am,20,20,10,10:00am-10:59am,29,29,11,11:00am-11:59am,24,24,0,None,0,None,0,None,2,0
2019,21,210312,Kentucky,2,2,0,0,0,2,2,209,SCOTT (209),1280,GEORGETOWN,1,1,7,July,2019,2,Monday,13,1:00pm-1:59pm,26,26,0,This section IS NOT on the NHS,2,Urban,4,Minor Arterial,1,State Highway Agency,2,U.S. Highway,US-460,CRUMBAUGH RD,120,120,38.21937500,38.21937500,-84.519122220,-84.519122220,0,No Special Jurisdiction,12,Motor Vehicle In-Transport,2,Front-to-Front,0,No,2,Intersection,2,Four-Way Intersection,0,None,,,1,On Roadway,1,Daylight,1,Clear,0,No Additional Atmospheric Conditions,1,Clear,0,No,0000000,Not Applicable,13,1:00pm-1:59pm,26,26,13,1:00pm-1:59pm,31,31,88,Not Applicable (Not Transported),88,Not Applicable (Not Transported),0,None,0,None,0,None,1,0
2019,21,210313,Kentucky,2,2,0,0,0,6,6,125,LAUREL (125),0,NOT APPLICABLE,1,1,7,July,2019,2,Monday,21,9:00pm-9:59pm,31,31,0,This section IS NOT on the NHS,1,Rural,7,Local,2,County Highway Agency,4,County Road,CR-OLD WAY RD,,2,2,37.14656667,37.14656667,-84.010241670,-84.010241670,0,No Special Jurisdiction,12,Motor Vehicle In-Transport,2,Front-to-Front,0,No,1,Non-Junction,1,Not an Intersection,0,None,,,1,On Roadway,2,Dark - Not Lighted,10,Cloudy,0,No Additional Atmospheric Conditions,10,Cloudy,0,No,0000000,Not Applicable,21,9:00pm-9:59pm,31,31,21,9:00pm-9:59pm,43,43,22,10:00pm-10:59pm,38,38,0,None,0,None,0,None,2,1
2019,21,210314,Kentucky,2,2,0,0,0,3,3,203,ROCKCASTLE (203),769,CONWAY,4,4,7,July,2019,5,Thursday,5,5:00am-5:59am,8,8,1,This section IS ON the NHS,1,Rural,1,Interstate,1,State Highway Agency,1,Interstate,I-75,,730,730,37.53373611,37.53373611,-84.320200000,-84.320200000,0,No Special Jurisdiction,12,Motor Vehicle In-Transport,1,Front-to-Rear,0,No,1,Non-Junction,1,Not an Intersection,0,None,,,1,On Roadway,2,Dark - Not Lighted,5,"Fog, Smog, Smoke",0,No Additional Atmospheric Conditions,5,"Fog, Smog, Smoke",0,No,0000000,Not Applicable,5,5:00am-5:59am,18,18,5,5:00am-5:59am,20,20,5,5:00am-5:59am,59,59,0,None,0,None,0,None,1,0
2019,21,210315,Kentucky,2,2,0,0,0,7,7,67,FAYETTE (67),1980,LEXINGTON-FAYETTE,5,5,7,July,2019,6,Friday,2,2:00am-2:59am,56,56,1,This section IS ON the NHS,2,Urban,3,Principal Arterial - Other,1,State Highway Agency,3,State Highway,SR-1974,LANDSDOWNE DR,100,100,37.99968333,37.99968333,-84.495905560,-84.495905560,0,No Special Jurisdiction,12,Motor Vehicle In-Transport,6,Angle,0,No,2,Intersection,2,Four-Way Intersection,0,None,,,1,On Roadway,3,Dark - Lighted,1,Clear,0,No Additional Atmospheric Conditions,1,Clear,0,No,0000000,Not Applicable,2,2:00am-2:59am,56,56,3,3:00am-3:59am,1,1,3,3:00am-3:59am,25,25,0,None,0,None,0,None,1,2
2019,21,210316,Kentucky,1,1,0,0,0,1,1,121,KNOX (121),0,NOT APPLICABLE,5,5,7,July,2019,6,Friday,13,1:00pm-1:59pm,30,30,0,This section IS NOT on the NHS,1,Rural,6,Minor Collector,1,State Highway Agency,3,State Highway,SR-459,,49,49,36.82017778,36.82017778,-83.933400000,-83.933400000,0,No Special Jurisdiction,42,Tree (Standing Only),0,The First Harmful Event was Not a Collision with a Motor Vehicle in Transport,0,No,1,Non-Junction,1,Not an Intersection,0,None,,,4,On Roadside,1,Daylight,1,Clear,0,No Additional Atmospheric Conditions,1,Clear,0,No,0000000,Not Applicable,13,1:00pm-1:59pm,38,38,13,1:00pm-1:59pm,49,49,14,2:00pm-2:59pm,48,48,0,None,0,None,0,None,1,1
2019,21,210317,Kentucky,2,2,0,0,0,3,3,157,MARSHALL (157),0,NOT APPLICABLE,5,5,7,July,2019,6,Friday,17,5:00pm-5:59pm,58,58,0,This section IS NOT on the NHS,1,Rural,5,Major Collector,1,State Highway Agency,3,State Highway,SR-408,,123,123,36.85411667,36.85411667,-88.270444440,-88.270444440,0,No Special Jurisdiction,12,Motor Vehicle In-Transport,6,Angle,0,No,1,Non-Junction,1,Not an Intersection,0,None,,,1,On Roadway,1,Daylight,1,Clear,0,No Additional Atmospheric Conditions,1,Clear,0,No,0000000,Not Applicable,18,6:00pm-6:59pm,2,2,18,6:00pm-6:59pm,6,6,19,7:00pm-7:59pm,21,21,0,None,0,None,0,None,2,1
2019,21,210318,Kentucky,1,1,0,0,0,2,2,7,BALLARD (7),0,NOT APPLICABLE,6,6,7,July,2019,7,Saturday,13,1:00pm-1:59pm,20,20,0,This section IS NOT on the NHS,1,Rural,4,Minor Arterial,1,State Highway Agency,3,State Highway,SR-310,,57,57,37.12985556,37.12985556,-89.018402780,-89.018402780,0,No Special Jurisdiction,53,Mail Box,0,The First Harmful Event was Not a Collision with a Motor Vehicle in Transport,0,No,1,Non-Junction,1,Not an Intersection,0,None,,,4,On Roadside,1,Daylight,10,Cloudy,0,No Additional Atmospheric Conditions,10,Cloudy,0,No,0000000,Not Applicable,13,1:00pm-1:59pm,22,22,13,1:00pm-1:59pm,32,32,13,1:00pm-1:59pm,45,45,0,None,0,None,0,None,1,0
2019,21,210319,Kentucky,1,1,0,0,0,2,2,99,HART (99),0,NOT APPLICABLE,7,7,7,July,2019,1,Sunday,0,0:00am-0:59am,22,22,1,This section IS ON the NHS,1,Rural,1,Interstate,1,State Highway Agency,1,Interstate,I-65,,669,669,37.33122222,37.33122222,-85.906980560,-85.906980560,0,No Special Jurisdiction,24,Guardrail Face,0,The First Harmful Event was Not a Collision with a Motor Vehicle in Transport,0,No,1,Non-Junction,1,Not an Intersection,0,None,,,4,On Roadside,2,Dark - Not Lighted,1,Clear,0,No Additional Atmospheric Conditions,1,Clear,0,No,0000000,Not Applicable,0,0:00am-0:59am,24,24,0,0:00am-0:59am,34,34,1,1:00am-1:59am,30,30,0,None,0,None,0,None,1,1
2019,21,210320,Kentucky,3,3,0,0,0,5,5,235,WHITLEY (235),0,NOT APPLICABLE,7,7,7,July,2019,1,Sunday,13,1:00pm-1:59pm,11,11,1,This section IS ON the NHS,1,Rural,1,Interstate,1,State Highway Agency,1,Interstate,I-75,,16,16,36.61476111,36.61476111,-84.106272220,-84.106272220,0,No Special Jurisdiction,12,Motor Vehicle In-Transport,1,Front-to-Rear,0,No,1,Non-Junction,1,Not an Intersection,0,None,,,1,On Roadway,1,Daylight,2,Rain,0,No Additional Atmospheric Conditions,2,Rain,0,No,0000000,Not Applicable,13,1:00pm-1:59pm,11,11,13,1:00pm-1:59pm,20,20,13,1:00pm-1:59pm,35,35,0,None,0,None,0,None,1,0
2019,21,210321,Kentucky,2,2,0,0,0,3,3,151,MADISON (151),0,NOT APPLICABLE,2,2,7,July,2019,3,Tuesday,13,1:00pm-1:59pm,54,54,0,This section IS NOT on the NHS,1,Rural,4,Minor Arterial,1,State Highway Agency,3,State Highway,SR-52,,215,215,37.72759444,37.72759444,-84.118027780,-84.118027780,0,No Special Jurisdiction,12,Motor Vehicle In-Transport,6,Angle,0,No,8,Driveway Access Related,1,Not an Intersection,0,None,,,1,On Roadway,1,Daylight,10,Cloudy,0,No Additional Atmospheric Conditions,10,Cloudy,0,No,0000000,Not Applicable,13,1:00pm-1:59pm,53,53,14,2:00pm-2:59pm,5,5,14,2:00pm-2:59pm,54,54,0,None,0,None,0,None,1,0
2019,21,210322,Kentucky,1,1,0,0,0,4,4,15,BOONE (15),0,NOT APPLICABLE,8,8,7,July,2019,2,Monday,3,3:00am-3:59am,16,16,1,This section IS ON the NHS,2,Urban,3,Principal Arterial - Other,1,State Highway Agency,3,State Highway,SR-237,,51,51,39.00566944,39.00566944,-84.704966670,-84.704966670,0,No Special Jurisdiction,42,Tree (Standing Only),0,The First Harmful Event was Not a Collision with a Motor Vehicle in Transport,0,No,1,Non-Junction,1,Not an Intersection,0,None,,,4,On Roadside,2,Dark - Not Lighted,1,Clear,0,No Additional Atmospheric Conditions,1,Clear,0,No,0000000,Not Applicable,3,3:00am-3:59am,16,16,3,3:00am-3:59am,22,22,3,3:00am-3:59am,28,28,0,None,0,None,0,None,1,1
2019,21,210323,Kentucky,1,1,0,0,0,1,1,41,CARROLL (41),0,NOT APPLICABLE,9,9,7,July,2019,3,Tuesday,13,1:00pm-1:59pm,28,28,0,This section IS NOT on the NHS,1,Rural,5,Major Collector,1,State Highway Agency,3,State Highway,SR-389,,13,13,38.61134167,38.61134167,-85.095927780,-85.095927780,0,No Special Jurisdiction,35,Embankment,0,The First Harmful Event was Not a Collision with a Motor Vehicle in Transport,0,No,1,Non-Junction,1,Not an Intersection,0,None,,,4,On Roadside,1,Daylight,1,Clear,0,No Additional Atmospheric Conditions,1,Clear,0,No,0000000,Not Applicable,13,1:00pm-1:59pm,30,30,13,1:00pm-1:59pm,42,42,88,Not Applicable (Not Transported),88,Not Applicable (Not Transported),0,None,0,None,0,None,1,0
2019,21,210324,Kentucky,1,1,0,0,0,1,1,111,JEFFERSON (111),2090,LOUISVILLE,6,6,7,July,2019,7,Saturday,3,3:00am-3:59am,18,18,0,This section IS NOT on the NHS,2,Urban,7,Local,4,City or Municipal Highway Agency,6,Local Street - Municipality,CHAMBERLAIN LN,,16,16,38.29274167,38.29274167,-85.539200000,-85.539200000,0,No Special Jurisdiction,42,Tree (Standing Only),0,The First Harmful Event was Not a Collision with a Motor Vehicle in Transport,0,No,1,Non-Junction,1,Not an Intersection,0,None,,,4,On Roadside,3,Dark - Lighted,1,Clear,0,No Additional Atmospheric Conditions,1,Clear,0,No,0000000,Not Applicable,3,3:00am-3:59am,18,18,3,3:00am-3:59am,25,25,88,Not Applicable (Not Transported),88,Not Applicable (Not Transported),0,None,0,None,0,None,1,1
2019,21,210325,Kentucky,1,1,0,0,0,1,1,11,BATH (11),0,NOT APPLICABLE,2,2,7,July,2019,3,Tuesday,9,9:00am-9:59am,56,56,0,This section IS NOT on the NHS,1,Rural,5,Major Collector,1,State Highway Agency,3,State Highway,SR-36,,157,157,38.10707222,38.10707222,-83.725675000,-83.725675000,0,No Special Jurisdiction,93,Unknown Fixed Object,0,The First Harmful Event was Not a Collision with a Motor Vehicle in Transport,0,No,1,Non-Junction,1,Not an Intersection,0,None,,,4,On Roadside,1,Daylight,10,Cloudy,0,No Additional Atmospheric Conditions,10,Cloudy,0,No,0000000,Not Applicable,9,9:00am-9:59am,59,59,10,10:00am-10:59am,4,4,10,10:00am-10:59am,33,33,0,None,0,None,0,None,1,0
2019,21,210326,Kentucky,2,2,0,0,0,2,2,79,GARRARD (79),0,NOT APPLICABLE,6,6,7,July,2019,7,Saturday,19,7:00pm-7:59pm,37,37,1,This section IS ON the NHS,1,Rural,3,Principal Arterial - Other,1,State Highway Agency,2,U.S. Highway,US-27,SR-152,138,138,37.73247222,37.73247222,-84.637191670,-84.637191670,0,No Special Jurisdiction,12,Motor Vehicle In-Transport,6,Angle,0,No,2,Intersection,2,Four-Way Intersection,0,None,,,1,On Roadway,1,Daylight,1,Clear,0,No Additional Atmospheric Conditions,1,Clear,0,No,0000000,Not Applicable,19,7:00pm-7:59pm,39,39,19,7:00pm-7:59pm,45,45,20,8:00pm-8:59pm,20,20,0,None,0,None,0,None,1,1
2019,21,210327,Kentucky,1,1,0,1,1,1,1,111,JEFFERSON (111),3010,SHIVELY,6,6,7,July,2019,7,Saturday,4,4:00am-4:59am,1,1,0,This section IS NOT on the NHS,2,Urban,4,Minor Arterial,1,State Highway Agency,3,State Highway,SR-1931,,87,87,38.19925556,38.19925556,-85.796763890,-85.796763890,0,No Special Jurisdiction,8,Pedestrian,0,The First Harmful Event was Not a Collision with a Motor Vehicle in Transport,0,No,1,Non-Junction,1,Not an Intersection,0,None,,,1,On Roadway,3,Dark - Lighted,1,Clear,0,No Additional Atmospheric Conditions,1,Clear,0,No,0000000,Not Applicable,4,4:00am-4:59am,0,0,4,4:00am-4:59am,3,3,88,Not Applicable (Not Transported),88,Not Applicable (Not Transported),0,None,0,None,0,None,1,0
2019,21,210328,Kentucky,1,1,0,1,1,2,2,27,BRECKINRIDGE (27),0,NOT APPLICABLE,13,13,7,July,2019,7,Saturday,12,12:00pm-12:59pm,25,25,0,This section IS NOT on the NHS,1,Rural,4,Minor Arterial,1,State Highway Agency,3,State Highway,SR-259,,47,47,37.59800278,37.59800278,-86.397611110,-86.397611110,0,No Special Jurisdiction,8,Pedestrian,0,The First Harmful Event was Not a Collision with a Motor Vehicle in Transport,0,No,1,Non-Junction,1,Not an Intersection,0,None,,,1,On Roadway,1,Daylight,1,Clear,0,No Additional Atmospheric Conditions,1,Clear,0,No,0000000,Not Applicable,0,0:00am-0:59am,0,0,0,0:00am-0:59am,0,0,88,Not Applicable (Not Transported),88,Not Applicable (Not Transported),0,None,0,None,0,None,1,0
2019,21,210329,Kentucky,1,1,0,0,0,1,1,111,JEFFERSON (111),2090,LOUISVILLE,11,11,7,July,2019,5,Thursday,22,10:00pm-10:59pm,51,51,0,This section IS NOT on the NHS,2,Urban,4,Minor Arterial,1,State Highway Agency,2,U.S. Highway,US-31E,,2,2,38.07956944,38.07956944,-85.554522220,-85.554522220,0,No Special Jurisdiction,24,Guardrail Face,0,The First Harmful Event was Not a Collision with a Motor Vehicle in Transport,0,No,1,Non-Junction,1,Not an Intersection,0,None,,,4,On Roadside,2,Dark - Not Lighted,1,Clear,0,No Additional Atmospheric Conditions,1,Clear,0,No,0000000,Not Applicable,22,10:00pm-10:59pm,52,52,23,11:00pm-11:59pm,5,5,88,Not Applicable (Not Transported),88,Not Applicable (Not Transported),0,None,0,None,0,None,1,1
2019,21,210330,Kentucky,1,1,0,0,0,1,1,153,MAGOFFIN (153),0,NOT APPLICABLE,15,15,7,July,2019,2,Monday,6,6:00am-6:59am,10,10,0,This section IS NOT on the NHS,1,Rural,7,Local,1,State Highway Agency,3,State Highway,SR-1397,,4,4,37.63018056,37.63018056,-83.127455560,-83.127455560,0,No Special Jurisdiction,35,Embankment,0,The First Harmful Event was Not a Collision with a Motor Vehicle in Transport,0,No,1,Non-Junction,1,Not an Intersection,0,None,,,4,On Roadside,2,Dark - Not Lighted,1,Clear,0,No Additional Atmospheric Conditions,1,Clear,0,No,0000000,Not Applicable,6,6:00am-6:59am,14,14,6,6:00am-6:59am,37,37,88,Not Applicable (Not Transported),88,Not Applicable (Not Transported),18,Date of Crash and Date of EMS Notification were not the same day,0,None,0,None,1,1
2019,21,210331,Kentucky,2,2,0,0,0,3,3,145,MCCRACKEN (145),2520,PADUCAH,15,15,7,July,2019,2,Monday,13,1:00pm-1:59pm,53,53,1,This section IS ON the NHS,2,Urban,3,Principal Arterial - Other,1,State Highway Agency,2,U.S. Highway,US-60,BROAD ST,155,155,37.06124444,37.06124444,-88.595761110,-88.595761110,0,No Special Jurisdiction,12,Motor Vehicle In-Transport,2,Front-to-Front,0,No,2,Intersection,2,Four-Way Intersection,0,None,,,1,On Roadway,1,Daylight,2,Rain,0,No Additional Atmospheric Conditions,2,Rain,0,No,0000000,Not Applicable,13,1:00pm-1:59pm,56,56,14,2:00pm-2:59pm,4,4,14,2:00pm-2:59pm,16,16,0,None,0,None,0,None,1,0
2019,21,210332,Kentucky,3,3,0,0,0,4,4,15,BOONE (15),0,NOT APPLICABLE,16,16,7,July,2019,3,Tuesday,11,11:00am-11:59am,33,33,0,This section IS NOT on the NHS,1,Rural,5,Major Collector,1,State Highway Agency,3,State Highway,SR-18,,72,72,39.01255833,39.01255833,-84.772861110,-84.772861110,0,No Special Jurisdiction,12,Motor Vehicle In-Transport,6,Angle,0,No,1,Non-Junction,1,Not an Intersection,0,None,,,1,On Roadway,1,Daylight,1,Clear,0,No Additional Atmospheric Conditions,1,Clear,0,No,0000000,Not Applicable,11,11:00am-11:59am,33,33,11,11:00am-11:59am,40,40,11,11:00am-11:59am,45,45,0,None,0,None,0,None,2,0
2019,21,210334,Kentucky,2,2,0,0,0,2,2,203,ROCKCASTLE (203),0,NOT APPLICABLE,6,6,7,July,2019,7,Saturday,23,11:00pm-11:59pm,35,35,0,This section IS NOT on the NHS,1,Rural,5,Major Collector,1,State Highway Agency,2,U.S. Highway,US-25,,36,36,37.28700556,37.28700556,-84.221927780,-84.221927780,0,No Special Jurisdiction,12,Motor Vehicle In-Transport,2,Front-to-Front,0,No,1,Non-Junction,1,Not an Intersection,0,None,,,1,On Roadway,2,Dark - Not Lighted,1,Clear,0,No Additional Atmospheric Conditions,1,Clear,0,No,0000000,Not Applicable,23,11:00pm-11:59pm,15,15,23,11:00pm-11:59pm,26,26,23,11:00pm-11:59pm,44,44,0,None,0,None,0,None,1,1
2019,21,210335,Kentucky,1,1,0,0,0,1,1,215,SPENCER (215),0,NOT APPLICABLE,9,9,7,July,2019,3,Tuesday,15,3:00pm-3:59pm,46,46,0,This section IS NOT on the NHS,1,Rural,6,Minor Collector,1,State Highway Agency,3,State Highway,SR-652,,47,47,37.99471111,37.99471111,-85.357897220,-85.357897220,0,No Special Jurisdiction,38,Fence,0,The First Harmful Event was Not a Collision with a Motor Vehicle in Transport,0,No,1,Non-Junction,1,Not an Intersection,0,None,,,4,On Roadside,1,Daylight,1,Clear,0,No Additional Atmospheric Conditions,1,Clear,0,No,0000000,Not Applicable,88,Not Applicable (Not Notified),88,Not Applicable (Not Notified),88,Not Applicable,88,Not Applicable,88,Not Applicable (Not Transported),88,Not Applicable (Not Transported),0,None,0,None,0,None,1,1
2019,21,210336,Kentucky,1,1,0,0,0,1,1,193,PERRY (193),1470,HAZARD,11,11,7,July,2019,5,Thursday,11,11:00am-11:59am,47,47,0,This section IS NOT on the NHS,1,Rural,5,Major Collector,1,State Highway Agency,3,State Highway,SR-80,,54,54,37.26803889,37.26803889,-83.242869440,-83.242869440,0,No Special Jurisdiction,42,Tree (Standing Only),0,The First Harmful Event was Not a Collision with a Motor Vehicle in Transport,0,No,1,Non-Junction,1,Not an Intersection,0,None,,,4,On Roadside,1,Daylight,10,Cloudy,0,No Additional Atmospheric Conditions,10,Cloudy,0,No,0000000,Not Applicable,11,11:00am-11:59am,53,53,11,11:00am-11:59am,58,58,88,Not Applicable (Not Transported),88,Not Applicable (Not Transported),0,None,0,None,0,None,1,0
2019,21,210337,Kentucky,1,1,0,0,0,1,1,193,PERRY (193),478,BUSY,11,11,7,July,2019,5,Thursday,20,8:00pm-8:59pm,15,15,0,This section IS NOT on the NHS,1,Rural,6,Minor Collector,1,State Highway Agency,3,State Highway,SR-451,,106,106,37.27629167,37.27629167,-83.285288890,-83.285288890,0,No Special Jurisdiction,93,Unknown Fixed Object,0,The First Harmful Event was Not a Collision with a Motor Vehicle in Transport,0,No,1,Non-Junction,1,Not an Intersection,0,None,,,4,On Roadside,1,Daylight,1,Clear,0,No Additional Atmospheric Conditions,1,Clear,0,No,0000000,Not Applicable,20,8:00pm-8:59pm,27,27,20,8:00pm-8:59pm,27,27,88,Not Applicable (Not Transported),88,Not Applicable (Not Transported),0,None,0,None,0,None,1,0
2019,21,210338,Kentucky,1,1,0,0,0,1,1,93,HARDIN (93),0,NOT APPLICABLE,13,13,7,July,2019,7,Saturday,7,7:00am-7:59am,2,2,0,This section IS NOT on the NHS,1,Rural,7,Local,2,County Highway Agency,4,County Road,CR-S BLACK BRANCH RD,,9,9,37.65624444,37.65624444,-85.980552780,-85.980552780,0,No Special Jurisdiction,1,Rollover/Overturn,0,The First Harmful Event was Not a Collision with a Motor Vehicle in Transport,0,No,1,Non-Junction,1,Not an Intersection,0,None,,,4,On Roadside,9,Reported as Unknown,1,Clear,0,No Additional Atmospheric Conditions,1,Clear,0,No,0000000,Not Applicable,7,7:00am-7:59am,1,1,7,7:00am-7:59am,29,29,88,Not Applicable (Not Transported),88,Not Applicable (Not Transported),0,None,0,None,0,None,1,0
2019,21,210339,Kentucky,1,1,0,0,0,1,1,85,GRAYSON (85),0,NOT APPLICABLE,19,19,7,July,2019,6,Friday,7,7:00am-7:59am,35,35,0,This section IS NOT on the NHS,1,Rural,5,Major Collector,1,State Highway Agency,3,State Highway,SR-88,,129,129,37.35903611,37.35903611,-86.134797220,-86.134797220,0,No Special Jurisdiction,42,Tree (Standing Only),0,The First Harmful Event was Not a Collision with a Motor Vehicle in Transport,0,No,1,Non-Junction,1,Not an Intersection,0,None,,,4,On Roadside,1,Daylight,1,Clear,0,No Additional Atmospheric Conditions,1,Clear,0,No,0000000,Not Applicable,7,7:00am-7:59am,35,35,7,7:00am-7:59am,58,58,88,Not Applicable (Not Transported),88,Not Applicable (Not Transported),0,None,0,None,0,None,1,0
2019,21,210340,Kentucky,1,1,0,0,0,1,1,145,MCCRACKEN (145),0,NOT APPLICABLE,20,20,7,July,2019,7,Saturday,23,11:00pm-11:59pm,30,30,1,This section IS ON the NHS,2,Urban,3,Principal Arterial - Other,1,State Highway Agency,2,U.S. Highway,US-62,SR-131 RAMP,130,130,37.02558056,37.02558056,-88.530472220,-88.530472220,0,No Special Jurisdiction,24,Guardrail Face,0,The First Harmful Event was Not a Collision with a Motor Vehicle in Transport,1,Yes,3,Intersection-Related,3,T-Intersection,0,None,,,4,On Roadside,2,Dark - Not Lighted,1,Clear,0,No Additional Atmospheric Conditions,1,Clear,0,No,0000000,Not Applicable,23,11:00pm-11:59pm,38,38,23,11:00pm-11:59pm,47,47,88,Not Applicable (Not Transported),88,Not Applicable (Not Transported),0,None,0,None,0,None,1,1