caseyear,state,st_case,statename,ve_total,ve_forms,pvh_invl,peds,pernotmvit,permvit,persons,county,countyname,city,cityname,day,dayname,month,monthname,year,day_week,day_weekname,hour,hourname,minute,minutename,nhs,nhsname,rur_urb,rur_urbname,func_sys,func_sysname,rd_owner,rd_ownername,route,routename,tway_id,tway_id2,milept,mileptname,latitude,latitudename,longitud,longitudname,sp_jur,sp_jurname,harm_ev,harm_evname,man_coll,man_collname,reljct1,reljct1name,reljct2,reljct2name,typ_int,typ_intname,wrk_zone,wrk_zonename,road_fnc,road_fncname,rel_road,rel_roadname,lgt_cond,lgt_condname,weather1,weather1name,weather2,weather2name,weather,weathername,sch_bus,sch_busname,rail,railname,not_hour,not_hourname,not_min,not_minname,arr_hour,arr_hourname,arr_min,arr_minname,hosp_hr,hosp_hrname,hosp_mn,hosp_mnname,cf1,cf1name,cf2,cf2name,cf3,cf3name,fatals,drunk_dr
2019,21,210375,Kentucky,1,1,0,0,0,1,1,147,MCCREARY (147),2562,PARKERS LAKE,5,5,3,March,2019,3,Tuesday,15,3:00pm-3:59pm,21,21,1,This section IS ON the NHS,1,Rural,3,Principal Arterial - Other,1,State Highway Agency,2,U.S. Highway,US-27,,156,156,36.81655833,36.81655833,-84.486852780,-84.486852780,0,No Special Jurisdiction,2,Fire/Explosion,0,The First Harmful Event was Not a Collision with a Motor Vehicle in Transport,0,No,1,Non-Junction,1,Not an Intersection,0,None,,,1,On Roadway,1,Daylight,1,Clear,0,No Additional Atmospheric Conditions,1,Clear,0,No,0000000,Not Applicable,15,3:00pm-3:59pm,21,21,15,3:00pm-3:59pm,42,42,16,4:00pm-4:59pm,20,20,0,None,0,None,0,None,1,0
2019,21,210376,Kentucky,1,1,0,0,0,2,2,147,MCCREARY (147),0,NOT APPLICABLE,11,11,3,March,2019,2,Monday,2,2:00am-2:59am,4,4,0,This section IS NOT on the NHS,1,Rural,5,Major Collector,1,State Highway Agency,3,State Highway,SR-92,,212,212,36.65854444,36.65854444,-84.360769440,-84.360769440,0,No Special Jurisdiction,42,Tree (Standing Only),0,The First Harmful Event was Not a Collision with a Motor Vehicle in Transport,0,No,1,Non-Junction,1,Not an Intersection,0,None,,,5,Outside Trafficway,2,Dark - Not Lighted,1,Clear,0,No Additional Atmospheric Conditions,1,Clear,0,No,0000000,Not Applicable,2,2:00am-2:59am,6,6,2,2:00am-2:59am,20,20,3,3:00am-3:59am,32,32,0,None,0,None,0,None,2,1
2019,21,210377,Kentucky,3,3,0,0,0,6,6,207,RUSSELL (207),0,NOT APPLICABLE,20,20,5,May,2019,2,Monday,15,3:00pm-3:59pm,59,59,1,This section IS ON the NHS,1,Rural,3,Principal Arterial - Other,1,State Highway Agency,3,State Highway,SR-9008,,700,700,37.08229167,37.08229167,-84.941911110,-84.941911110,0,No Special Jurisdiction,12,Motor Vehicle In-Transport,1,Front-to-Rear,0,No,1,Non-Junction,1,Not an Intersection,1,Construction,,,1,On Roadway,1,Daylight,10,Cloudy,0,No Additional Atmospheric Conditions,10,Cloudy,0,No,0000000,Not Applicable,16,4:00pm-4:59pm,2,2,16,4:00pm-4:59pm,11,11,16,4:00pm-4:59pm,54,54,0,None,0,None,0,None,1,0
2019,21,210378,Kentucky,1,1,0,0,0,2,2,173,MONTGOMERY (173),1741,JEFFERSONVILLE,16,16,7,July,2019,3,Tuesday,5,5:00am-5:59am,27,27,0,This section IS NOT on the NHS,1,Rural,5,Major Collector,1,State Highway Agency,3,State Highway,SR-213,WELCH RD,46,46,37.96839444,37.96839444,-83.858150000,-83.858150000,0,No Special Jurisdiction,1,Rollover/Overturn,0,The First Harmful Event was Not a Collision with a Motor Vehicle in Transport,0,No,3,Intersection-Related,3,T-Intersection,0,None,,,4,On Roadside,2,Dark - Not Lighted,1,Clear,0,No Additional Atmospheric Conditions,1,Clear,0,No,0000000,Not Applicable,5,5:00am-5:59am,31,31,5,5:00am-5:59am,41,41,7,7:00am-7:59am,0,0,0,None,0,None,0,None,1,0
2019,21,210379,Kentucky,2,2,0,0,0,2,2,173,MONTGOMERY (173),0,NOT APPLICABLE,1,1,8,August,2019,5,Thursday,1,1:00am-1:59am,22,22,0,This section IS NOT on the NHS,1,Rural,4,Minor Arterial,1,State Highway Agency,2,U.S. Highway,US-460,,128,128,38.01650556,38.01650556,-83.912030560,-83.912030560,0,No Special Jurisdiction,12,Motor Vehicle In-Transport,2,Front-to-Front,0,No,1,Non-Junction,1,Not an Intersection,0,None,,,1,On Roadway,2,Dark - Not Lighted,10,Cloudy,0,No Additional Atmospheric Conditions,10,Cloudy,0,No,0000000,Not Applicable,1,1:00am-1:59am,26,26,1,1:00am-1:59am,30,30,2,2:00am-2:59am,31,31,0,None,0,None,0,None,1,0
2019,21,210380,Kentucky,2,2,0,0,0,3,3,59,DAVIESS (59),2490,OWENSBORO,1,1,8,August,2019,5,Thursday,16,4:00pm-4:59pm,17,17,1,This section IS ON the NHS,1,Rural,3,Principal Arterial - Other,1,State Highway Agency,3,State Highway,SR-81,,132,132,37.59008889,37.59008889,-87.134508330,-87.134508330,0,No Special Jurisdiction,12,Motor Vehicle In-Transport,6,Angle,0,No,4,Driveway Access,1,Not an Intersection,0,None,,,1,On Roadway,1,Daylight,1,Clear,0,No Additional Atmospheric Conditions,1,Clear,0,No,0000000,Not Applicable,16,4:00pm-4:59pm,20,20,16,4:00pm-4:59pm,33,33,88,Not Applicable (Not Transported),88,Not Applicable (Not Transported),0,None,0,None,0,None,1,0
2019,21,210381,Kentucky,1,1,0,0,0,1,1,3,ALLEN (3),0,NOT APPLICABLE,3,3,8,August,2019,7,Saturday,21,9:00pm-9:59pm,11,11,0,This section IS NOT on the NHS,1,Rural,5,Major Collector,1,State Highway Agency,3,State Highway,SR-101,,75,75,36.85733333,36.85733333,-86.166525000,-86.166525000,0,No Special Jurisdiction,1,Rollover/Overturn,0,The First Harmful Event was Not a Collision with a Motor Vehicle in Transport,0,No,1,Non-Junction,1,Not an Intersection,0,None,,,4,On Roadside,2,Dark - Not Lighted,1,Clear,0,No Additional Atmospheric Conditions,1,Clear,0,No,0000000,Not Applicable,21,9:00pm-9:59pm,17,17,21,9:00pm-9:59pm,21,21,21,9:00pm-9:59pm,46,46,0,None,0,None,0,None,1,0
2019,21,210382,Kentucky,2,2,0,0,0,3,3,57,CUMBERLAND (57),0,NOT APPLICABLE,4,4,8,August,2019,1,Sunday,12,12:00pm-12:59pm,40,40,0,This section IS NOT on the NHS,1,Rural,4,Minor Arterial,1,State Highway Agency,3,State Highway,SR-90,,92,92,36.80994444,36.80994444,-85.433638890,-85.433638890,0,No Special Jurisdiction,12,Motor Vehicle In-Transport,6,Angle,0,No,1,Non-Junction,1,Not an Intersection,0,None,,,1,On Roadway,1,Daylight,2,Rain,0,No Additional Atmospheric Conditions,2,Rain,0,No,0000000,Not Applicable,11,11:00am-11:59am,11,11,11,11:00am-11:59am,11,11,11,11:00am-11:59am,11,11,0,None,0,None,0,None,2,0
2019,21,210383,Kentucky,2,2,0,0,0,3,3,197,POWELL (197),0,NOT APPLICABLE,3,3,8,August,2019,7,Saturday,19,7:00pm-7:59pm,5,5,0,This section IS NOT on the NHS,1,Rural,5,Major Collector,1,State Highway Agency,3,State Highway,SR-11,SR-77,50,50,37.81476111,37.81476111,-83.718827780,-83.718827780,0,No Special Jurisdiction,12,Motor Vehicle In-Transport,6,Angle,0,No,2,Intersection,3,T-Intersection,0,None,,,1,On Roadway,1,Daylight,1,Clear,0,No Additional Atmospheric Conditions,1,Clear,0,No,0000000,Not Applicable,19,7:00pm-7:59pm,1,1,19,7:00pm-7:59pm,11,11,19,7:00pm-7:59pm,49,49,0,None,0,None,0,None,2,1
2019,21,210384,Kentucky,3,3,0,0,0,6,6,203,ROCKCASTLE (203),769,CONWAY,4,4,8,August,2019,1,Sunday,19,7:00pm-7:59pm,46,46,1,This section IS ON the NHS,1,Rural,1,Interstate,1,State Highway Agency,1,Interstate,I-75,,680,680,37.46200556,37.46200556,-84.335375000,-84.335375000,0,No Special Jurisdiction,12,Motor Vehicle In-Transport,1,Front-to-Rear,0,No,1,Non-Junction,1,Not an Intersection,0,None,,,1,On Roadway,2,Dark - Not Lighted,1,Clear,0,No Additional Atmospheric Conditions,1,Clear,0,No,0000000,Not Applicable,21,9:00pm-9:59pm,28,28,21,9:00pm-9:59pm,28,28,22,10:00pm-10:59pm,8,8,0,None,0,None,0,None,1,0
2019,21,210385,Kentucky,2,2,0,0,0,6,6,59,DAVIESS (59),0,NOT APPLICABLE,5,5,8,August,2019,2,Monday,12,12:00pm-12:59pm,16,16,0,This section IS NOT on the NHS,1,Rural,4,Minor Arterial,1,State Highway Agency,2,U.S. Highway,US-431,,87,87,37.69150000,37.69150000,-87.133319440,-87.133319440,0,No Special Jurisdiction,12,Motor Vehicle In-Transport,2,Front-to-Front,0,No,1,Non-Junction,1,Not an Intersection,0,None,,,2,On Shoulder,1,Daylight,1,Clear,0,No Additional Atmospheric Conditions,1,Clear,0,No,0000000,Not Applicable,12,12:00pm-12:59pm,19,19,12,12:00pm-12:59pm,24,24,13,1:00pm-1:59pm,23,23,0,None,0,None,0,None,1,0
2019,21,210386,Kentucky,2,2,0,0,0,2,2,25,BREATHITT (25),0,NOT APPLICABLE,5,5,8,August,2019,2,Monday,16,4:00pm-4:59pm,25,25,0,This section IS NOT on the NHS,1,Rural,4,Minor Arterial,1,State Highway Agency,3,State Highway,SR-3193,,29,29,37.59191389,37.59191389,-83.404480560,-83.404480560,0,No Special Jurisdiction,12,Motor Vehicle In-Transport,1,Front-to-Rear,0,No,4,Driveway Access,1,Not an Intersection,0,None,,,1,On Roadway,1,Daylight,1,Clear,0,No Additional Atmospheric Conditions,1,Clear,0,No,0000000,Not Applicable,16,4:00pm-4:59pm,32,32,16,4:00pm-4:59pm,48,48,16,4:00pm-4:59pm,55,55,0,None,0,None,0,None,1,0
2019,21,210387,Kentucky,3,3,0,0,0,3,3,209,SCOTT (209),1280,GEORGETOWN,6,6,8,August,2019,3,Tuesday,5,5:00am-5:59am,59,59,0,This section IS NOT on the NHS,1,Rural,4,Minor Arterial,1,State Highway Agency,2,U.S. Highway,US-421,,4,4,38.13235833,38.13235833,-84.627247220,-84.627247220,0,No Special Jurisdiction,12,Motor Vehicle In-Transport,7,Sideswipe - Same Direction,0,No,1,Non-Junction,1,Not an Intersection,0,None,,,1,On Roadway,4,Dawn,1,Clear,0,No Additional Atmospheric Conditions,1,Clear,0,No,0000000,Not Applicable,5,5:00am-5:59am,59,59,6,6:00am-6:59am,11,11,6,6:00am-6:59am,31,31,0,None,0,None,0,None,1,0
2019,21,210388,Kentucky,1,1,0,0,0,2,2,61,EDMONSON (61),0,NOT APPLICABLE,7,7,8,August,2019,4,Wednesday,9,9:00am-9:59am,52,52,0,This section IS NOT on the NHS,1,Rural,5,Major Collector,1,State Highway Agency,3,State Highway,SR-728,,23,23,37.27654167,37.27654167,-86.244791670,-86.244791670,0,No Special Jurisdiction,35,Embankment,0,The First Harmful Event was Not a Collision with a Motor Vehicle in Transport,0,No,1,Non-Junction,1,Not an Intersection,0,None,,,4,On Roadside,1,Daylight,1,Clear,0,No Additional Atmospheric Conditions,1,Clear,0,No,0000000,Not Applicable,10,10:00am-10:59am,10,10,10,10:00am-10:59am,34,34,11,11:00am-11:59am,8,8,0,None,0,None,0,None,1,0
2019,21,210389,Kentucky,2,2,0,0,0,3,3,19,BOYD (19),0,NOT APPLICABLE,7,7,8,August,2019,4,Wednesday,22,10:00pm-10:59pm,53,53,0,This section IS NOT on the NHS,2,Urban,4,Minor Arterial,1,State Highway Agency,3,State Highway,SR-5,,88,88,38.47276389,38.47276389,-82.705805560,-82.705805560,0,No Special Jurisdiction,24,Guardrail Face,0,The First Harmful Event was Not a Collision with a Motor Vehicle in Transport,0,No,1,Non-Junction,1,Not an Intersection,0,None,,,4,On Roadside,2,Dark - Not Lighted,1,Clear,0,No Additional Atmospheric Conditions,1,Clear,0,No,0000000,Not Applicable,22,10:00pm-10:59pm,52,52,23,11:00pm-11:59pm,4,4,0,0:00am-0:59am,30,30,0,None,0,None,0,None,1,1
2019,21,210390,Kentucky,3,3,0,0,0,5,5,163,MEADE (163),0,NOT APPLICABLE,8,8,8,August,2019,5,Thursday,8,8:00am-8:59am,9,9,0,This section IS NOT on the NHS,1,Rural,4,Minor Arterial,1,State Highway Agency,3,State Highway,SR-79,,71,71,37.97875278,37.97875278,-86.202619440,-86.202619440,0,No Special Jurisdiction,12,Motor Vehicle In-Transport,6,Angle,0,No,1,Non-Junction,1,Not an Intersection,0,None,,,1,On Roadway,1,Daylight,1,Clear,0,No Additional Atmospheric Conditions,1,Clear,0,No,0000000,Not Applicable,8,8:00am-8:59am,11,11,8,8:00am-8:59am,17,17,8,8:00am-8:59am,40,40,0,None,0,None,0,None,1,0
2019,21,210392,Kentucky,1,1,0,1,1,1,1,111,JEFFERSON (111),2090,LOUISVILLE,10,10,8,August,2019,7,Saturday,6,6:00am-6:59am,16,16,1,This section IS ON the NHS,2,Urban,3,Principal Arterial - Other,1,State Highway Agency,2,U.S. Highway,US-31,,61,61,38.07463889,38.07463889,-85.884536110,-85.884536110,0,No Special Jurisdiction,8,Pedestrian,0,The First Harmful Event was Not a Collision with a Motor Vehicle in Transport,0,No,1,Non-Junction,1,Not an Intersection,0,None,,,1,On Roadway,2,Dark - Not Lighted,1,Clear,0,No Additional Atmospheric Conditions,1,Clear,0,No,0000000,Not Applicable,6,6:00am-6:59am,16,16,6,6:00am-6:59am,25,25,6,6:00am-6:59am,25,25,0,None,0,None,0,None,1,0
2019,21,210393,Kentucky,2,2,0,0,0,2,2,151,MADISON (151),0,NOT APPLICABLE,9,9,8,August,2019,6,Friday,14,2:00pm-2:59pm,50,50,0,This section IS NOT on the NHS,1,Rural,5,Major Collector,1,State Highway Agency,3,State Highway,SR-169,,88,88,37.80762222,37.80762222,-84.397669440,-84.397669440,0,No Special Jurisdiction,12,Motor Vehicle In-Transport,8,Sideswipe - Opposite Direction,0,No,1,Non-Junction,1,Not an Intersection,0,None,,,1,On Roadway,1,Daylight,1,Clear,0,No Additional Atmospheric Conditions,1,Clear,0,No,0000000,Not Applicable,14,2:00pm-2:59pm,50,50,15,3:00pm-3:59pm,2,2,16,4:00pm-4:59pm,4,4,0,None,0,None,0,None,1,1
2019,21,210394,Kentucky,2,2,0,0,0,2,2,97,HARRISON (97),0,NOT APPLICABLE,10,10,8,August,2019,7,Saturday,21,9:00pm-9:59pm,0,0,0,This section IS NOT on the NHS,2,Urban,7,Local,1,State Highway Agency,4,County Road,CR- 279 BLACKBURN RD,,9,9,38.51123611,38.51123611,-84.278300000,-84.278300000,0,No Special Jurisdiction,12,Motor Vehicle In-Transport,6,Angle,0,No,1,Non-Junction,1,Not an Intersection,0,None,,,1,On Roadway,5,Dusk,1,Clear,0,No Additional Atmospheric Conditions,1,Clear,0,No,0000000,Not Applicable,21,9:00pm-9:59pm,7,7,21,9:00pm-9:59pm,26,26,88,Not Applicable (Not Transported),88,Not Applicable (Not Transported),0,None,0,None,0,None,1,1
2019,21,210395,Kentucky,2,2,0,0,0,2,2,35,CALLOWAY (35),0,NOT APPLICABLE,11,11,8,August,2019,1,Sunday,22,10:00pm-10:59pm,41,41,1,This section IS ON the NHS,1,Rural,3,Principal Arterial - Other,1,State Highway Agency,2,U.S. Highway,US-641,,133,133,36.69073056,36.69073056,-88.303211110,-88.303211110,0,No Special Jurisdiction,12,Motor Vehicle In-Transport,1,Front-to-Rear,0,No,1,Non-Junction,1,Not an Intersection,0,None,,,1,On Roadway,2,Dark - Not Lighted,1,Clear,0,No Additional Atmospheric Conditions,1,Clear,0,No,0000000,Not Applicable,22,10:00pm-10:59pm,43,43,22,10:00pm-10:59pm,53,53,88,Not Applicable (Not Transported),88,Not Applicable (Not Transported),0,None,0,None,0,None,1,0
2019,21,210396,Kentucky,1,1,0,0,0,2,2,111,JEFFERSON (111),2090,LOUISVILLE,12,12,8,August,2019,2,Monday,3,3:00am-3:59am,59,59,0,This section IS NOT on the NHS,2,Urban,7,Local,1,State Highway Agency,5,Local Street - Township,SOUTHERN PKWAY,W WOOD LANE AVE,0,None,38.18181111,38.18181111,-85.768447220,-85.768447220,0,No Special Jurisdiction,42,Tree (Standing Only),0,The First Harmful Event was Not a Collision with a Motor Vehicle in Transport,0,No,3,Intersection-Related,7,"Five Point, or More",0,None,,,4,On Roadside,2,Dark - Not Lighted,1,Clear,0,No Additional Atmospheric Conditions,1,Clear,0,No,0000000,Not Applicable,4,4:00am-4:59am,5,5,4,4:00am-4:59am,18,18,4,4:00am-4:59am,46,46,0,None,0,None,0,None,1,1
2019,21,210397,Kentucky,1,1,0,0,0,1,1,103,HENRY (103),0,NOT APPLICABLE,13,13,8,August,2019,3,Tuesday,7,7:00am-7:59am,41,41,0,This section IS NOT on the NHS,1,Rural,5,Major Collector,1,State Highway Agency,3,State Highway,SR-146,,88,88,38.43524722,38.43524722,-85.187172220,-85.187172220,0,No Special Jurisdiction,53,Mail Box,0,The First Harmful Event was Not a Collision with a Motor Vehicle in Transport,0,No,1,Non-Junction,1,Not an Intersection,0,None,,,4,On Roadside,4,Dawn,2,Rain,0,No Additional Atmospheric Conditions,2,Rain,0,No,0000000,Not Applicable,7,7:00am-7:59am,41,41,7,7:00am-7:59am,46,46,88,Not Applicable (Not Transported),88,Not Applicable (Not Transported),0,None,0,None,0,None,1,0
2019,21,210398,Kentucky,2,2,0,0,0,2,2,29,BULLITT (29),0,NOT APPLICABLE,4,4,8,August,2019,1,Sunday,19,7:00pm-7:59pm,14,14,0,This section IS NOT on the NHS,1,Rural,4,Minor Arterial,1,State Highway Agency,3,State Highway,SR-44,,255,255,38.06399444,38.06399444,-85.498741670,-85.498741670,0,No Special Jurisdiction,12,Motor Vehicle In-Transport,6,Angle,0,No,4,Driveway Access,1,Not an Intersection,0,None,,,1,On Roadway,1,Daylight,1,Clear,0,No Additional Atmospheric Conditions,1,Clear,0,No,0000000,Not Applicable,19,7:00pm-7:59pm,17,17,19,7:00pm-7:59pm,28,28,20,8:00pm-8:59pm,15,15,0,None,0,None,0,None,1,0
2019,21,210399,Kentucky,2,2,0,0,0,2,2,37,CAMPBELL (37),50,ALEXANDRIA,9,9,8,August,2019,6,Friday,12,12:00pm-12:59pm,23,23,0,This section IS NOT on the NHS,1,Rural,4,Minor Arterial,1,State Highway Agency,2,U.S. Highway,US-27,SR-0536,88,88,38.94045556,38.94045556,-84.394266670,-84.394266670,0,No Special Jurisdiction,12,Motor Vehicle In-Transport,6,Angle,0,No,2,Intersection,3,T-Intersection,0,None,,,1,On Roadway,1,Daylight,1,Clear,0,No Additional Atmospheric Conditions,1,Clear,0,No,0000000,Not Applicable,12,12:00pm-12:59pm,23,23,12,12:00pm-12:59pm,27,27,13,1:00pm-1:59pm,2,2,0,None,0,None,0,None,1,0
2019,21,210400,Kentucky,3,3,0,0,0,4,4,209,SCOTT (209),0,NOT APPLICABLE,12,12,8,August,2019,2,Monday,14,2:00pm-2:59pm,22,22,0,This section IS NOT on the NHS,1,Rural,6,Minor Collector,1,State Highway Agency,3,State Highway,SR-32,,47,47,38.26186389,38.26186389,-84.597483330,-84.597483330,0,No Special Jurisdiction,12,Motor Vehicle In-Transport,8,Sideswipe - Opposite Direction,0,No,1,Non-Junction,1,Not an Intersection,0,None,,,1,On Roadway,1,Daylight,1,Clear,0,No Additional Atmospheric Conditions,1,Clear,0,No,0000000,Not Applicable,14,2:00pm-2:59pm,24,24,14,2:00pm-2:59pm,28,28,15,3:00pm-3:59pm,10,10,0,None,0,None,0,None,1,0
2019,21,210401,Kentucky,2,2,0,0,0,4,4,111,JEFFERSON (111),2090,LOUISVILLE,13,13,8,August,2019,3,Tuesday,21,9:00pm-9:59pm,10,10,0,This section IS NOT on the NHS,2,Urban,7,Local,1,State Highway Agency,5,Local Street - Township,LAMBRONE BLVD,,0,None,38.11627500,38.11627500,-85.813938890,-85.813938890,0,No Special Jurisdiction,12,Motor Vehicle In-Transport,6,Angle,0,No,98,Not Reported,98,Not Reported,0,None,,,1,On Roadway,6,Dark - Unknown Lighting,1,Clear,0,No Additional Atmospheric Conditions,1,Clear,0,No,0000000,Not Applicable,21,9:00pm-9:59pm,11,11,21,9:00pm-9:59pm,19,19,21,9:00pm-9:59pm,49,49,0,None,0,None,0,None,1,0
2019,21,210402,Kentucky,2,2,0,0,0,3,3,227,WARREN (227),0,NOT APPLICABLE,16,16,8,August,2019,6,Friday,18,6:00pm-6:59pm,22,22,0,This section IS NOT on the NHS,1,Rural,5,Major Collector,1,State Highway Agency,2,U.S. Highway,US-68,,261,261,37.03032222,37.03032222,-86.146377780,-86.146377780,0,No Special Jurisdiction,12,Motor Vehicle In-Transport,7,Sideswipe - Same Direction,0,No,1,Non-Junction,1,Not an Intersection,0,None,,,1,On Roadway,1,Daylight,1,Clear,0,No Additional Atmospheric Conditions,1,Clear,0,No,0000000,Not Applicable,18,6:00pm-6:59pm,22,22,18,6:00pm-6:59pm,40,40,19,7:00pm-7:59pm,39,39,0,None,0,None,0,None,1,0
2019,21,210403,Kentucky,4,4,0,0,0,8,8,73,FRANKLIN (73),0,NOT APPLICABLE,17,17,8,August,2019,7,Saturday,8,8:00am-8:59am,37,37,1,This section IS ON the NHS,1,Rural,1,Interstate,1,State Highway Agency,1,Interstate,I-64,,534,534,38.15755278,38.15755278,-84.887383330,-84.887383330,0,No Special Jurisdiction,12,Motor Vehicle In-Transport,1,Front-to-Rear,0,No,1,Non-Junction,1,Not an Intersection,1,Construction,,,1,On Roadway,1,Daylight,1,Clear,0,No Additional Atmospheric Conditions,1,Clear,0,No,0000000,Not Applicable,8,8:00am-8:59am,36,36,8,8:00am-8:59am,38,38,9,9:00am-9:59am,10,10,3,Other Maintenance or Construction-Created Condition,0,None,0,None,2,0
2019,21,210404,Kentucky,2,2,0,0,0,5,5,111,JEFFERSON (111),2090,LOUISVILLE,11,11,8,August,2019,1,Sunday,15,3:00pm-3:59pm,56,56,0,This section IS NOT on the NHS,2,Urban,7,Local,1,State Highway Agency,5,Local Street - Township,PEE WEE RESSE RD,,6,6,38.23135000,38.23135000,-85.673502780,-85.673502780,0,No Special Jurisdiction,12,Motor Vehicle In-Transport,6,Angle,0,No,1,Non-Junction,1,Not an Intersection,0,None,,,1,On Roadway,1,Daylight,1,Clear,0,No Additional Atmospheric Conditions,1,Clear,0,No,0000000,Not Applicable,15,3:00pm-3:59pm,56,56,16,4:00pm-4:59pm,8,8,16,4:00pm-4:59pm,30,30,0,None,0,None,0,None,1,1
2019,21,210405,Kentucky,3,3,0,0,0,8,8,167,MERCER (167),0,NOT APPLICABLE,4,4,8,August,2019,1,Sunday,14,2:00pm-2:59pm,0,0,1,This section IS ON the NHS,1,Rural,3,Principal Arterial - Other,1,State Highway Agency,3,State Highway,SR-9002,,561,561,37.94857222,37.94857222,-84.912388890,-84.912388890,0,No Special Jurisdiction,12,Motor Vehicle In-Transport,1,Front-to-Rear,0,No,1,Non-Junction,1,Not an Intersection,0,None,,,1,On Roadway,1,Daylight,1,Clear,0,No Additional Atmospheric Conditions,1,Clear,0,No,0000000,Not Applicable,14,2:00pm-2:59pm,5,5,14,2:00pm-2:59pm,11,11,15,3:00pm-3:59pm,35,35,0,None,0,None,0,None,2,0
2019,21,210406,Kentucky,2,2,0,0,0,2,2,29,BULLITT (29),0,NOT APPLICABLE,13,13,8,August,2019,3,Tuesday,20,8:00pm-8:59pm,49,49,0,This section IS NOT on the NHS,2,Urban,4,Minor Arterial,1,State Highway Agency,3,State Highway,SR-61,SHEPHERDS WAY,198,198,38.05855833,38.05855833,-85.673288890,-85.673288890,0,No Special Jurisdiction,12,Motor Vehicle In-Transport,6,Angle,0,No,2,Intersection,2,Four-Way Intersection,0,None,,,1,On Roadway,3,Dark - Lighted,1,Clear,0,No Additional Atmospheric Conditions,1,Clear,0,No,0000000,Not Applicable,20,8:00pm-8:59pm,23,23,20,8:00pm-8:59pm,27,27,20,8:00pm-8:59pm,53,53,0,None,0,None,0,None,1,0
2019,21,210407,Kentucky,1,1,0,0,0,1,1,47,CHRISTIAN (47),0,NOT APPLICABLE,17,17,8,August,2019,7,Saturday,19,7:00pm-7:59pm,45,45,1,This section IS ON the NHS,1,Rural,1,Interstate,1,State Highway Agency,1,Interstate,I-24 RAMP,,4,4,36.73798611,36.73798611,-87.501347220,-87.501347220,0,No Special Jurisdiction,1,Rollover/Overturn,0,The First Harmful Event was Not a Collision with a Motor Vehicle in Transport,0,No,5,Entrance/Exit Ramp Related,1,Not an Intersection,0,None,,,8,Gore,1,Daylight,1,Clear,0,No Additional Atmospheric Conditions,1,Clear,0,No,0000000,Not Applicable,19,7:00pm-7:59pm,47,47,20,8:00pm-8:59pm,0,0,21,9:00pm-9:59pm,30,30,0,None,0,None,0,None,1,0
2019,21,210408,Kentucky,1,1,0,0,0,1,1,49,CLARK (49),0,NOT APPLICABLE,20,20,8,August,2019,3,Tuesday,0,0:00am-0:59am,39,39,1,This section IS ON the NHS,1,Rural,1,Interstate,1,State Highway Agency,1,Interstate,I-64,,998,998,38.02634722,38.02634722,-84.110544440,-84.110544440,0,No Special Jurisdiction,35,Embankment,0,The First Harmful Event was Not a Collision with a Motor Vehicle in Transport,0,No,1,Non-Junction,1,Not an Intersection,0,None,,,4,On Roadside,2,Dark - Not Lighted,1,Clear,0,No Additional Atmospheric Conditions,1,Clear,0,No,0000000,Not Applicable,0,0:00am-0:59am,39,39,0,0:00am-0:59am,50,50,88,Not Applicable (Not Transported),88,Not Applicable (Not Transported),0,None,0,None,0,None,1,0
2019,21,210409,Kentucky,2,2,0,0,0,2,2,193,PERRY (193),0,NOT APPLICABLE,20,20,8,August,2019,3,Tuesday,7,7:00am-7:59am,25,25,1,This section IS ON the NHS,1,Rural,3,Principal Arterial - Other,1,State Highway Agency,3,State Highway,SR-15,,206,206,37.34202778,37.34202778,-83.271088890,-83.271088890,0,No Special Jurisdiction,12,Motor Vehicle In-Transport,2,Front-to-Front,0,No,1,Non-Junction,1,Not an Intersection,0,None,,,1,On Roadway,1,Daylight,1,Clear,0,No Additional Atmospheric Conditions,1,Clear,0,No,0000000,Not Applicable,7,7:00am-7:59am,25,25,7,7:00am-7:59am,39,39,8,8:00am-8:59am,0,0,0,None,0,None,0,None,2,0
2019,21,210410,Kentucky,2,2,0,0,0,3,3,107,HOPKINS (107),0,NOT APPLICABLE,20,20,8,August,2019,3,Tuesday,16,4:00pm-4:59pm,13,13,0,This section IS NOT on the NHS,1,Rural,6,Minor Collector,1,State Highway Agency,3,State Highway,SR-260,,3,3,37.41753611,37.41753611,-87.500822220,-87.500822220,0,No Special Jurisdiction,12,Motor Vehicle In-Transport,9,Rear-to-Side,0,No,4,Driveway Access,1,Not an Intersection,0,None,,,1,On Roadway,1,Daylight,10,Cloudy,0,No Additional Atmospheric Conditions,10,Cloudy,0,No,0000000,Not Applicable,16,4:00pm-4:59pm,16,16,16,4:00pm-4:59pm,23,23,88,Not Applicable (Not Transported),88,Not Applicable (Not Transported),0,None,0,None,0,None,1,0