caseyear,state,st_case,statename,ve_total,ve_forms,pvh_invl,peds,pernotmvit,permvit,persons,county,countyname,city,cityname,day,dayname,month,monthname,year,day_week,day_weekname,hour,hourname,minute,minutename,nhs,nhsname,rur_urb,rur_urbname,func_sys,func_sysname,rd_owner,rd_ownername,route,routename,tway_id,tway_id2,milept,mileptname,latitude,latitudename,longitud,longitudname,sp_jur,sp_jurname,harm_ev,harm_evname,man_coll,man_collname,reljct1,reljct1name,reljct2,reljct2name,typ_int,typ_intname,wrk_zone,wrk_zonename,road_fnc,road_fncname,rel_road,rel_roadname,lgt_cond,lgt_condname,weather1,weather1name,weather2,weather2name,weather,weathername,sch_bus,sch_busname,rail,railname,not_hour,not_hourname,not_min,not_minname,arr_hour,arr_hourname,arr_min,arr_minname,hosp_hr,hosp_hrname,hosp_mn,hosp_mnname,cf1,cf1name,cf2,cf2name,cf3,cf3name,fatals,drunk_dr
2019,21,210480,Kentucky,2,2,0,0,0,2,2,179,NELSON (179),0,NOT APPLICABLE,18,18,9,September,2019,4,Wednesday,7,7:00am-7:59am,55,55,0,This section IS NOT on the NHS,2,Urban,4,Minor Arterial,1,State Highway Agency,3,State Highway,SR-245,,91,91,37.87990833,37.87990833,-85.541980560,-85.541980560,0,No Special Jurisdiction,12,Motor Vehicle In-Transport,6,Angle,0,No,8,Driveway Access Related,1,Not an Intersection,0,None,,,1,On Roadway,1,Daylight,1,Clear,0,No Additional Atmospheric Conditions,1,Clear,0,No,0000000,Not Applicable,7,7:00am-7:59am,37,37,7,7:00am-7:59am,47,47,8,8:00am-8:59am,8,8,0,None,0,None,0,None,1,0
2019,21,210481,Kentucky,1,1,0,0,0,1,1,199,PULASKI (199),0,NOT APPLICABLE,16,16,9,September,2019,2,Monday,7,7:00am-7:59am,15,15,0,This section IS NOT on the NHS,1,Rural,6,Minor Collector,1,State Highway Agency,3,State Highway,SR-769,,40,40,37.03968056,37.03968056,-84.529677780,-84.529677780,0,No Special Jurisdiction,1,Rollover/Overturn,0,The First Harmful Event was Not a Collision with a Motor Vehicle in Transport,0,No,1,Non-Junction,1,Not an Intersection,0,None,,,4,On Roadside,4,Dawn,1,Clear,0,No Additional Atmospheric Conditions,1,Clear,0,No,0000000,Not Applicable,7,7:00am-7:59am,18,18,7,7:00am-7:59am,30,30,8,8:00am-8:59am,7,7,0,None,0,None,0,None,1,0
2019,21,210482,Kentucky,1,1,0,0,0,1,1,99,HART (99),0,NOT APPLICABLE,19,19,9,September,2019,5,Thursday,15,3:00pm-3:59pm,38,38,0,This section IS NOT on the NHS,1,Rural,4,Minor Arterial,1,State Highway Agency,2,U.S. Highway,US-31E,,122,122,37.30471111,37.30471111,-85.764355560,-85.764355560,0,No Special Jurisdiction,42,Tree (Standing Only),0,The First Harmful Event was Not a Collision with a Motor Vehicle in Transport,0,No,1,Non-Junction,1,Not an Intersection,0,None,,,4,On Roadside,1,Daylight,1,Clear,0,No Additional Atmospheric Conditions,1,Clear,0,No,0000000,Not Applicable,15,3:00pm-3:59pm,39,39,16,4:00pm-4:59pm,0,0,16,4:00pm-4:59pm,46,46,0,None,0,None,0,None,1,0
2019,21,210483,Kentucky,1,1,0,0,0,1,1,25,BREATHITT (25),0,NOT APPLICABLE,4,4,9,September,2019,4,Wednesday,22,10:00pm-10:59pm,7,7,0,This section IS NOT on the NHS,1,Rural,6,Minor Collector,1,State Highway Agency,3,State Highway,SR-397,,19,19,37.49834722,37.49834722,-83.394252780,-83.394252780,0,No Special Jurisdiction,93,Unknown Fixed Object,0,The First Harmful Event was Not a Collision with a Motor Vehicle in Transport,0,No,1,Non-Junction,1,Not an Intersection,0,None,,,4,On Roadside,2,Dark - Not Lighted,1,Clear,0,No Additional Atmospheric Conditions,1,Clear,0,No,0000000,Not Applicable,22,10:00pm-10:59pm,20,20,22,10:00pm-10:59pm,28,28,22,10:00pm-10:59pm,59,59,0,None,0,None,0,None,1,1
2019,21,210484,Kentucky,1,1,0,0,0,1,1,199,PULASKI (199),0,NOT APPLICABLE,20,20,9,September,2019,6,Friday,22,10:00pm-10:59pm,48,48,0,This section IS NOT on the NHS,1,Rural,6,Minor Collector,1,State Highway Agency,3,State Highway,SR-328,,7,7,37.33087500,37.33087500,-84.574238890,-84.574238890,0,No Special Jurisdiction,42,Tree (Standing Only),0,The First Harmful Event was Not a Collision with a Motor Vehicle in Transport,0,No,1,Non-Junction,1,Not an Intersection,0,None,,,4,On Roadside,2,Dark - Not Lighted,1,Clear,0,No Additional Atmospheric Conditions,1,Clear,0,No,0000000,Not Applicable,22,10:00pm-10:59pm,50,50,23,11:00pm-11:59pm,15,15,88,Not Applicable (Not Transported),88,Not Applicable (Not Transported),0,None,0,None,0,None,1,0
2019,21,210485,Kentucky,2,2,0,0,0,2,2,111,JEFFERSON (111),2090,LOUISVILLE,20,20,9,September,2019,6,Friday,23,11:00pm-11:59pm,15,15,1,This section IS ON the NHS,2,Urban,3,Principal Arterial - Other,1,State Highway Agency,3,State Highway,SR-1865,,37,37,38.16100278,38.16100278,-85.779044440,-85.779044440,0,No Special Jurisdiction,12,Motor Vehicle In-Transport,6,Angle,0,No,8,Driveway Access Related,1,Not an Intersection,0,None,,,1,On Roadway,7,Other,1,Clear,0,No Additional Atmospheric Conditions,1,Clear,0,No,0000000,Not Applicable,23,11:00pm-11:59pm,15,15,23,11:00pm-11:59pm,24,24,23,11:00pm-11:59pm,51,51,0,None,0,None,0,None,1,0
2019,21,210486,Kentucky,1,1,0,0,0,1,1,111,JEFFERSON (111),2090,LOUISVILLE,15,15,9,September,2019,1,Sunday,1,1:00am-1:59am,10,10,1,This section IS ON the NHS,2,Urban,1,Interstate,1,State Highway Agency,1,Interstate,I-265,,2,2,38.14510833,38.14510833,-85.546883330,-85.546883330,0,No Special Jurisdiction,39,Wall,0,The First Harmful Event was Not a Collision with a Motor Vehicle in Transport,0,No,5,Entrance/Exit Ramp Related,1,Not an Intersection,0,None,,,4,On Roadside,3,Dark - Lighted,1,Clear,0,No Additional Atmospheric Conditions,1,Clear,0,No,0000000,Not Applicable,1,1:00am-1:59am,11,11,1,1:00am-1:59am,30,30,2,2:00am-2:59am,14,14,0,None,0,None,0,None,1,0
2019,21,210487,Kentucky,1,1,0,0,0,1,1,183,OHIO (183),0,NOT APPLICABLE,18,18,9,September,2019,4,Wednesday,17,5:00pm-5:59pm,2,2,0,This section IS NOT on the NHS,1,Rural,5,Major Collector,1,State Highway Agency,2,U.S. Highway,US-62,,30,30,37.36101667,37.36101667,-86.968972220,-86.968972220,0,No Special Jurisdiction,32,Culvert,0,The First Harmful Event was Not a Collision with a Motor Vehicle in Transport,0,No,1,Non-Junction,1,Not an Intersection,0,None,,,4,On Roadside,1,Daylight,1,Clear,0,No Additional Atmospheric Conditions,1,Clear,0,No,0000000,Not Applicable,17,5:00pm-5:59pm,4,4,17,5:00pm-5:59pm,18,18,18,6:00pm-6:59pm,17,17,0,None,0,None,0,None,1,0
2019,21,210488,Kentucky,1,1,0,1,1,1,1,67,FAYETTE (67),1980,LEXINGTON-FAYETTE,25,25,9,September,2019,4,Wednesday,7,7:00am-7:59am,20,20,1,This section IS ON the NHS,2,Urban,2,Principal Arterial - Other Freeways and Expressways,1,State Highway Agency,3,State Highway,SR-0004 RAMP,,0,None,38.01019444,38.01019444,-84.458850000,-84.458850000,0,No Special Jurisdiction,8,Pedestrian,0,The First Harmful Event was Not a Collision with a Motor Vehicle in Transport,0,No,5,Entrance/Exit Ramp Related,1,Not an Intersection,0,None,,,2,On Shoulder,1,Daylight,1,Clear,0,No Additional Atmospheric Conditions,1,Clear,0,No,0000000,Not Applicable,7,7:00am-7:59am,23,23,7,7:00am-7:59am,26,26,7,7:00am-7:59am,43,43,0,None,0,None,0,None,1,0
2019,21,210489,Kentucky,1,1,0,0,0,1,1,123,LARUE (123),0,NOT APPLICABLE,15,15,9,September,2019,1,Sunday,17,5:00pm-5:59pm,40,40,0,This section IS NOT on the NHS,1,Rural,6,Minor Collector,1,State Highway Agency,3,State Highway,SR-470,,78,78,37.54401667,37.54401667,-85.679533330,-85.679533330,0,No Special Jurisdiction,42,Tree (Standing Only),0,The First Harmful Event was Not a Collision with a Motor Vehicle in Transport,0,No,1,Non-Junction,1,Not an Intersection,0,None,,,4,On Roadside,1,Daylight,1,Clear,0,No Additional Atmospheric Conditions,1,Clear,0,No,0000000,Not Applicable,17,5:00pm-5:59pm,42,42,17,5:00pm-5:59pm,49,49,88,Not Applicable (Not Transported),88,Not Applicable (Not Transported),0,None,0,None,0,None,1,1
2019,21,210490,Kentucky,1,1,0,0,0,1,1,73,FRANKLIN (73),0,NOT APPLICABLE,20,20,9,September,2019,6,Friday,20,8:00pm-8:59pm,35,35,1,This section IS ON the NHS,1,Rural,1,Interstate,1,State Highway Agency,1,Interstate,I-64,,562,562,38.16731111,38.16731111,-84.838772220,-84.838772220,0,No Special Jurisdiction,35,Embankment,0,The First Harmful Event was Not a Collision with a Motor Vehicle in Transport,0,No,1,Non-Junction,1,Not an Intersection,0,None,,,4,On Roadside,2,Dark - Not Lighted,1,Clear,0,No Additional Atmospheric Conditions,1,Clear,0,No,0000000,Not Applicable,20,8:00pm-8:59pm,45,45,20,8:00pm-8:59pm,52,52,21,9:00pm-9:59pm,9,9,0,None,0,None,0,None,1,0
2019,21,210491,Kentucky,1,1,0,0,0,1,1,29,BULLITT (29),0,NOT APPLICABLE,22,22,9,September,2019,1,Sunday,4,4:00am-4:59am,41,41,0,This section IS NOT on the NHS,2,Urban,4,Minor Arterial,1,State Highway Agency,3,State Highway,SR-44,,164,164,38.01381389,38.01381389,-85.646233330,-85.646233330,0,No Special Jurisdiction,35,Embankment,0,The First Harmful Event was Not a Collision with a Motor Vehicle in Transport,0,No,1,Non-Junction,1,Not an Intersection,0,None,,,4,On Roadside,2,Dark - Not Lighted,1,Clear,0,No Additional Atmospheric Conditions,1,Clear,0,No,0000000,Not Applicable,4,4:00am-4:59am,41,41,4,4:00am-4:59am,54,54,88,Not Applicable (Not Transported),88,Not Applicable (Not Transported),0,None,0,None,0,None,1,0
2019,21,210492,Kentucky,2,2,0,0,0,2,2,73,FRANKLIN (73),0,NOT APPLICABLE,25,25,9,September,2019,4,Wednesday,20,8:00pm-8:59pm,16,16,1,This section IS ON the NHS,1,Rural,3,Principal Arterial - Other,1,State Highway Agency,2,U.S. Highway,US-127,,26,26,38.13651389,38.13651389,-84.907616670,-84.907616670,0,No Special Jurisdiction,12,Motor Vehicle In-Transport,6,Angle,0,No,7,Crossover-Related,1,Not an Intersection,0,None,,,1,On Roadway,2,Dark - Not Lighted,1,Clear,0,No Additional Atmospheric Conditions,1,Clear,0,No,0000000,Not Applicable,20,8:00pm-8:59pm,15,15,20,8:00pm-8:59pm,22,22,88,Not Applicable (Not Transported),88,Not Applicable (Not Transported),0,None,0,None,0,None,1,0
2019,21,210493,Kentucky,1,1,0,0,0,1,1,205,ROWAN (205),0,NOT APPLICABLE,27,27,9,September,2019,6,Friday,17,5:00pm-5:59pm,1,1,0,This section IS NOT on the NHS,1,Rural,5,Major Collector,1,State Highway Agency,3,State Highway,SR-32,,37,37,38.21361389,38.21361389,-83.479163890,-83.479163890,0,No Special Jurisdiction,32,Culvert,0,The First Harmful Event was Not a Collision with a Motor Vehicle in Transport,0,No,1,Non-Junction,1,Not an Intersection,0,None,,,4,On Roadside,1,Daylight,1,Clear,0,No Additional Atmospheric Conditions,1,Clear,0,No,0000000,Not Applicable,17,5:00pm-5:59pm,0,0,17,5:00pm-5:59pm,6,6,88,Not Applicable (Not Transported),88,Not Applicable (Not Transported),0,None,0,None,0,None,1,0
2019,21,210494,Kentucky,2,2,0,0,0,3,3,179,NELSON (179),0,NOT APPLICABLE,22,22,9,September,2019,1,Sunday,15,3:00pm-3:59pm,25,25,0,This section IS NOT on the NHS,1,Rural,4,Minor Arterial,1,State Highway Agency,2,U.S. Highway,US-31 E,DEATSVILLE RD,249,249,37.95955278,37.95955278,-85.478433330,-85.478433330,0,No Special Jurisdiction,12,Motor Vehicle In-Transport,6,Angle,0,No,2,Intersection,2,Four-Way Intersection,0,None,,,1,On Roadway,1,Daylight,10,Cloudy,0,No Additional Atmospheric Conditions,10,Cloudy,0,No,0000000,Not Applicable,15,3:00pm-3:59pm,20,20,15,3:00pm-3:59pm,30,30,15,3:00pm-3:59pm,59,59,0,None,0,None,0,None,1,0
2019,21,210495,Kentucky,1,1,0,1,1,1,1,111,JEFFERSON (111),2090,LOUISVILLE,24,24,9,September,2019,3,Tuesday,23,11:00pm-11:59pm,45,45,0,This section IS NOT on the NHS,2,Urban,3,Principal Arterial - Other,1,State Highway Agency,2,U.S. Highway,US-31E,GOLDSMITH LN,117,117,38.20831667,38.20831667,-85.669063890,-85.669063890,0,No Special Jurisdiction,8,Pedestrian,0,The First Harmful Event was Not a Collision with a Motor Vehicle in Transport,0,No,3,Intersection-Related,2,Four-Way Intersection,0,None,,,1,On Roadway,2,Dark - Not Lighted,10,Cloudy,0,No Additional Atmospheric Conditions,10,Cloudy,0,No,0000000,Not Applicable,23,11:00pm-11:59pm,46,46,23,11:00pm-11:59pm,47,47,88,Not Applicable (Not Transported),88,Not Applicable (Not Transported),0,None,0,None,0,None,1,0
2019,21,210496,Kentucky,2,2,0,0,0,2,2,117,KENTON (117),800,COVINGTON,28,28,9,September,2019,7,Saturday,2,2:00am-2:59am,5,5,1,This section IS ON the NHS,2,Urban,3,Principal Arterial - Other,1,State Highway Agency,3,State Highway,SR-0008,N BAKEWELL ST,67,67,39.08653611,39.08653611,-84.518647220,-84.518647220,0,No Special Jurisdiction,12,Motor Vehicle In-Transport,6,Angle,0,No,2,Intersection,2,Four-Way Intersection,0,None,,,1,On Roadway,3,Dark - Lighted,1,Clear,0,No Additional Atmospheric Conditions,1,Clear,0,No,0000000,Not Applicable,2,2:00am-2:59am,6,6,2,2:00am-2:59am,10,10,2,2:00am-2:59am,26,26,0,None,0,None,0,None,1,0
2019,21,210497,Kentucky,1,1,0,1,1,1,1,111,JEFFERSON (111),2090,LOUISVILLE,29,29,9,September,2019,1,Sunday,21,9:00pm-9:59pm,53,53,1,This section IS ON the NHS,2,Urban,3,Principal Arterial - Other,1,State Highway Agency,2,U.S. Highway,US-31 W,,37,37,38.04383333,38.04383333,-85.902205560,-85.902205560,0,No Special Jurisdiction,8,Pedestrian,0,The First Harmful Event was Not a Collision with a Motor Vehicle in Transport,0,No,1,Non-Junction,1,Not an Intersection,0,None,,,1,On Roadway,2,Dark - Not Lighted,1,Clear,0,No Additional Atmospheric Conditions,1,Clear,0,No,0000000,Not Applicable,21,9:00pm-9:59pm,59,59,22,10:00pm-10:59pm,3,3,88,Not Applicable (Not Transported),88,Not Applicable (Not Transported),0,None,0,None,0,None,1,0
2019,21,210498,Kentucky,1,1,0,0,0,1,1,117,KENTON (117),0,NOT APPLICABLE,29,29,9,September,2019,1,Sunday,17,5:00pm-5:59pm,0,0,0,This section IS NOT on the NHS,1,Rural,5,Major Collector,1,State Highway Agency,3,State Highway,SR-536,,89,89,38.90793889,38.90793889,-84.472497220,-84.472497220,0,No Special Jurisdiction,11,Live Animal,0,The First Harmful Event was Not a Collision with a Motor Vehicle in Transport,0,No,1,Non-Junction,1,Not an Intersection,0,None,,,1,On Roadway,1,Daylight,1,Clear,0,No Additional Atmospheric Conditions,1,Clear,0,No,0000000,Not Applicable,17,5:00pm-5:59pm,1,1,17,5:00pm-5:59pm,11,11,17,5:00pm-5:59pm,59,59,0,None,0,None,0,None,1,0
2019,21,210499,Kentucky,1,1,0,0,0,1,1,27,BRECKINRIDGE (27),0,NOT APPLICABLE,29,29,9,September,2019,1,Sunday,16,4:00pm-4:59pm,50,50,0,This section IS NOT on the NHS,1,Rural,4,Minor Arterial,1,State Highway Agency,2,U.S. Highway,US-60,,142,142,37.76222222,37.76222222,-86.461463890,-86.461463890,0,No Special Jurisdiction,42,Tree (Standing Only),0,The First Harmful Event was Not a Collision with a Motor Vehicle in Transport,0,No,1,Non-Junction,1,Not an Intersection,0,None,,,5,Outside Trafficway,1,Daylight,1,Clear,0,No Additional Atmospheric Conditions,1,Clear,0,No,0000000,Not Applicable,16,4:00pm-4:59pm,57,57,16,4:00pm-4:59pm,59,59,88,Not Applicable (Not Transported),88,Not Applicable (Not Transported),19,Recent/Previous Crash scene Nearby,0,None,0,None,1,1
2019,21,210500,Kentucky,2,2,0,0,0,3,3,93,HARDIN (93),1000,ELIZABETHTOWN,13,13,8,August,2019,3,Tuesday,15,3:00pm-3:59pm,13,13,1,This section IS ON the NHS,2,Urban,3,Principal Arterial - Other,1,State Highway Agency,2,U.S. Highway,US-31W,,192,192,37.72553889,37.72553889,-85.882911110,-85.882911110,0,No Special Jurisdiction,1,Rollover/Overturn,0,The First Harmful Event was Not a Collision with a Motor Vehicle in Transport,0,No,8,Driveway Access Related,1,Not an Intersection,0,None,,,1,On Roadway,1,Daylight,1,Clear,0,No Additional Atmospheric Conditions,1,Clear,0,No,0000000,Not Applicable,15,3:00pm-3:59pm,13,13,15,3:00pm-3:59pm,19,19,88,Not Applicable (Not Transported),88,Not Applicable (Not Transported),14,"Motor Vehicle struck by falling cargo,or something that came loose from or something that was set in motion by a vehicle",0,None,0,None,2,0
2019,21,210501,Kentucky,2,2,0,0,0,3,3,93,HARDIN (93),0,NOT APPLICABLE,27,27,9,September,2019,6,Friday,7,7:00am-7:59am,5,5,1,This section IS ON the NHS,1,Rural,1,Interstate,1,State Highway Agency,1,Interstate,I-65,,837,837,37.56917222,37.56917222,-85.874766670,-85.874766670,0,No Special Jurisdiction,12,Motor Vehicle In-Transport,1,Front-to-Rear,0,No,1,Non-Junction,1,Not an Intersection,0,None,,,1,On Roadway,4,Dawn,1,Clear,0,No Additional Atmospheric Conditions,1,Clear,0,No,0000000,Not Applicable,7,7:00am-7:59am,19,19,7,7:00am-7:59am,30,30,88,Not Applicable (Not Transported),88,Not Applicable (Not Transported),27,Backup Due to Prior Crash,0,None,0,None,1,0
2019,21,210502,Kentucky,1,1,0,0,0,1,1,227,WARREN (227),0,NOT APPLICABLE,9,9,8,August,2019,6,Friday,17,5:00pm-5:59pm,30,30,1,This section IS ON the NHS,2,Urban,1,Interstate,1,State Highway Agency,1,Interstate,I-65,,262,262,36.98494444,36.98494444,-86.387258330,-86.387258330,0,No Special Jurisdiction,35,Embankment,0,The First Harmful Event was Not a Collision with a Motor Vehicle in Transport,0,No,1,Non-Junction,1,Not an Intersection,0,None,,,4,On Roadside,1,Daylight,1,Clear,0,No Additional Atmospheric Conditions,1,Clear,0,No,0000000,Not Applicable,17,5:00pm-5:59pm,29,29,17,5:00pm-5:59pm,41,41,88,Not Applicable (Not Transported),88,Not Applicable (Not Transported),0,None,0,None,0,None,1,0
2019,21,210503,Kentucky,1,1,0,0,0,1,1,43,CARTER (43),0,NOT APPLICABLE,29,29,8,August,2019,5,Thursday,2,2:00am-2:59am,15,15,0,This section IS NOT on the NHS,1,Rural,7,Local,2,County Highway Agency,4,County Road,CR-DAVY RUN RD,,7,7,38.26038889,38.26038889,-82.902869440,-82.902869440,0,No Special Jurisdiction,42,Tree (Standing Only),0,The First Harmful Event was Not a Collision with a Motor Vehicle in Transport,0,No,1,Non-Junction,1,Not an Intersection,0,None,,,4,On Roadside,2,Dark - Not Lighted,1,Clear,0,No Additional Atmospheric Conditions,1,Clear,0,No,0000000,Not Applicable,5,5:00am-5:59am,11,11,5,5:00am-5:59am,20,20,88,Not Applicable (Not Transported),88,Not Applicable (Not Transported),0,None,0,None,0,None,1,0
2019,21,210504,Kentucky,1,1,0,0,0,1,1,217,TAYLOR (217),0,NOT APPLICABLE,30,30,9,September,2019,2,Monday,6,6:00am-6:59am,16,16,0,This section IS NOT on the NHS,1,Rural,5,Major Collector,1,State Highway Agency,3,State Highway,SR-70,,118,118,37.35747778,37.35747778,-85.168038890,-85.168038890,0,No Special Jurisdiction,24,Guardrail Face,0,The First Harmful Event was Not a Collision with a Motor Vehicle in Transport,0,No,1,Non-Junction,1,Not an Intersection,0,None,,,4,On Roadside,2,Dark - Not Lighted,1,Clear,0,No Additional Atmospheric Conditions,1,Clear,0,No,0000000,Not Applicable,6,6:00am-6:59am,17,17,6,6:00am-6:59am,36,36,88,Not Applicable (Not Transported),88,Not Applicable (Not Transported),0,None,0,None,0,None,1,0
2019,21,210505,Kentucky,1,1,0,1,1,1,1,111,JEFFERSON (111),2090,LOUISVILLE,26,26,9,September,2019,5,Thursday,4,4:00am-4:59am,2,2,1,This section IS ON the NHS,2,Urban,3,Principal Arterial - Other,1,State Highway Agency,3,State Highway,SR-1747,,13,13,38.15700556,38.15700556,-85.707150000,-85.707150000,0,No Special Jurisdiction,9,Pedalcyclist,0,The First Harmful Event was Not a Collision with a Motor Vehicle in Transport,0,No,1,Non-Junction,1,Not an Intersection,0,None,,,1,On Roadway,2,Dark - Not Lighted,1,Clear,0,No Additional Atmospheric Conditions,1,Clear,0,No,0000000,Not Applicable,4,4:00am-4:59am,51,51,4,4:00am-4:59am,59,59,88,Not Applicable (Not Transported),88,Not Applicable (Not Transported),0,None,0,None,0,None,1,0
2019,21,210506,Kentucky,1,1,0,0,0,1,1,189,OWSLEY (189),0,NOT APPLICABLE,16,16,9,September,2019,2,Monday,1,1:00am-1:59am,11,11,0,This section IS NOT on the NHS,1,Rural,5,Major Collector,1,State Highway Agency,3,State Highway,SR-30,,118,118,37.48414167,37.48414167,-83.651736110,-83.651736110,0,No Special Jurisdiction,11,Live Animal,0,The First Harmful Event was Not a Collision with a Motor Vehicle in Transport,0,No,1,Non-Junction,1,Not an Intersection,0,None,,,1,On Roadway,2,Dark - Not Lighted,1,Clear,0,No Additional Atmospheric Conditions,1,Clear,0,No,0000000,Not Applicable,1,1:00am-1:59am,26,26,1,1:00am-1:59am,31,31,2,2:00am-2:59am,32,32,0,None,0,None,0,None,1,0
2019,21,210507,Kentucky,2,2,0,0,0,2,2,155,MARION (155),0,NOT APPLICABLE,31,31,8,August,2019,7,Saturday,13,1:00pm-1:59pm,49,49,0,This section IS NOT on the NHS,1,Rural,6,Minor Collector,1,State Highway Agency,3,State Highway,SR-0084,,129,129,37.57460000,37.57460000,-85.314688890,-85.314688890,0,No Special Jurisdiction,12,Motor Vehicle In-Transport,6,Angle,0,No,1,Non-Junction,1,Not an Intersection,0,None,,,1,On Roadway,1,Daylight,1,Clear,0,No Additional Atmospheric Conditions,1,Clear,0,No,0000000,Not Applicable,13,1:00pm-1:59pm,51,51,14,2:00pm-2:59pm,3,3,14,2:00pm-2:59pm,14,14,0,None,0,None,0,None,1,0
2019,21,210508,Kentucky,1,1,0,0,0,1,1,15,BOONE (15),0,NOT APPLICABLE,29,29,9,September,2019,1,Sunday,16,4:00pm-4:59pm,8,8,0,This section IS NOT on the NHS,1,Rural,5,Major Collector,1,State Highway Agency,3,State Highway,SR-14,,7,7,38.84327222,38.84327222,-84.707213890,-84.707213890,0,No Special Jurisdiction,59,Traffic Sign Support,0,The First Harmful Event was Not a Collision with a Motor Vehicle in Transport,0,No,1,Non-Junction,1,Not an Intersection,0,None,,,4,On Roadside,1,Daylight,10,Cloudy,0,No Additional Atmospheric Conditions,10,Cloudy,0,No,0000000,Not Applicable,16,4:00pm-4:59pm,9,9,16,4:00pm-4:59pm,15,15,16,4:00pm-4:59pm,56,56,2,Shoulder Design or Condition,0,None,0,None,1,1
2019,21,210509,Kentucky,1,1,0,0,0,1,1,163,MEADE (163),0,NOT APPLICABLE,26,26,8,August,2019,2,Monday,10,10:00am-10:59am,9,9,0,This section IS NOT on the NHS,1,Rural,7,Local,1,State Highway Agency,4,County Road,CR-ROCK RIDGE RD,,27,27,37.94740833,37.94740833,-86.054866670,-86.054866670,0,No Special Jurisdiction,42,Tree (Standing Only),0,The First Harmful Event was Not a Collision with a Motor Vehicle in Transport,0,No,1,Non-Junction,1,Not an Intersection,0,None,,,4,On Roadside,1,Daylight,2,Rain,0,No Additional Atmospheric Conditions,2,Rain,0,No,0000000,Not Applicable,10,10:00am-10:59am,11,11,10,10:00am-10:59am,22,22,11,11:00am-11:59am,35,35,0,None,0,None,0,None,1,0
2019,21,210510,Kentucky,1,1,0,0,0,1,1,111,JEFFERSON (111),2090,LOUISVILLE,26,26,9,September,2019,5,Thursday,2,2:00am-2:59am,16,16,1,This section IS ON the NHS,2,Urban,1,Interstate,1,State Highway Agency,1,Interstate,I-64,,2,2,38.22432222,38.22432222,-85.582747220,-85.582747220,0,No Special Jurisdiction,42,Tree (Standing Only),0,The First Harmful Event was Not a Collision with a Motor Vehicle in Transport,0,No,1,Non-Junction,1,Not an Intersection,0,None,,,8,Gore,3,Dark - Lighted,1,Clear,0,No Additional Atmospheric Conditions,1,Clear,0,No,0000000,Not Applicable,2,2:00am-2:59am,47,47,2,2:00am-2:59am,53,53,3,3:00am-3:59am,30,30,20,Police Pursuit Involved,0,None,0,None,1,0
2019,21,210511,Kentucky,3,3,0,0,0,5,5,193,PERRY (193),3032,SLEMP,13,13,9,September,2019,6,Friday,9,9:00am-9:59am,30,30,0,This section IS NOT on the NHS,1,Rural,5,Major Collector,1,State Highway Agency,3,State Highway,SR-463,,20,20,37.02661944,37.02661944,-83.078844440,-83.078844440,0,No Special Jurisdiction,12,Motor Vehicle In-Transport,8,Sideswipe - Opposite Direction,0,No,1,Non-Junction,1,Not an Intersection,0,None,,,1,On Roadway,1,Daylight,1,Clear,0,No Additional Atmospheric Conditions,1,Clear,0,No,0000000,Not Applicable,9,9:00am-9:59am,0,0,9,9:00am-9:59am,30,30,9,9:00am-9:59am,35,35,0,None,0,None,0,None,1,0
2019,21,210512,Kentucky,3,3,0,0,0,7,7,73,FRANKLIN (73),0,NOT APPLICABLE,29,29,9,September,2019,1,Sunday,17,5:00pm-5:59pm,14,14,1,This section IS ON the NHS,1,Rural,1,Interstate,1,State Highway Agency,1,Interstate,I-64,,584,584,38.17371667,38.17371667,-84.801744440,-84.801744440,0,No Special Jurisdiction,12,Motor Vehicle In-Transport,1,Front-to-Rear,0,No,1,Non-Junction,1,Not an Intersection,1,Construction,,,1,On Roadway,1,Daylight,1,Clear,0,No Additional Atmospheric Conditions,1,Clear,0,No,0000000,Not Applicable,17,5:00pm-5:59pm,18,18,17,5:00pm-5:59pm,29,29,18,6:00pm-6:59pm,4,4,0,None,0,None,0,None,1,0