caseyear,state,st_case,statename,ve_total,ve_forms,pvh_invl,peds,pernotmvit,permvit,persons,county,countyname,city,cityname,day,dayname,month,monthname,year,day_week,day_weekname,hour,hourname,minute,minutename,nhs,nhsname,rur_urb,rur_urbname,func_sys,func_sysname,rd_owner,rd_ownername,route,routename,tway_id,tway_id2,milept,mileptname,latitude,latitudename,longitud,longitudname,sp_jur,sp_jurname,harm_ev,harm_evname,man_coll,man_collname,reljct1,reljct1name,reljct2,reljct2name,typ_int,typ_intname,wrk_zone,wrk_zonename,road_fnc,road_fncname,rel_road,rel_roadname,lgt_cond,lgt_condname,weather1,weather1name,weather2,weather2name,weather,weathername,sch_bus,sch_busname,rail,railname,not_hour,not_hourname,not_min,not_minname,arr_hour,arr_hourname,arr_min,arr_minname,hosp_hr,hosp_hrname,hosp_mn,hosp_mnname,cf1,cf1name,cf2,cf2name,cf3,cf3name,fatals,drunk_dr
2019,21,210549,Kentucky,1,1,0,0,0,1,1,71,FLOYD (71),2691,PRINTER,25,25,10,October,2019,6,Friday,0,0:00am-0:59am,4,4,0,This section IS NOT on the NHS,1,Rural,6,Minor Collector,1,State Highway Agency,3,State Highway,SR-2030,,0,None,37.53449722,37.53449722,-82.743616670,-82.743616670,0,No Special Jurisdiction,52,Guardrail End,0,The First Harmful Event was Not a Collision with a Motor Vehicle in Transport,0,No,1,Non-Junction,1,Not an Intersection,0,None,,,4,On Roadside,2,Dark - Not Lighted,1,Clear,0,No Additional Atmospheric Conditions,1,Clear,0,No,0000000,Not Applicable,0,0:00am-0:59am,4,4,0,0:00am-0:59am,21,21,88,Not Applicable (Not Transported),88,Not Applicable (Not Transported),0,None,0,None,0,None,1,0
2019,21,210550,Kentucky,1,1,0,0,0,2,2,47,CHRISTIAN (47),1620,HOPKINSVILLE,23,23,10,October,2019,4,Wednesday,17,5:00pm-5:59pm,42,42,0,This section IS NOT on the NHS,1,Rural,7,Local,1,State Highway Agency,5,Local Street - Township,GLASS AVE,,99998,Not Reported,36.87855556,36.87855556,-87.493791670,-87.493791670,0,No Special Jurisdiction,34,Ditch,0,The First Harmful Event was Not a Collision with a Motor Vehicle in Transport,0,No,1,Non-Junction,1,Not an Intersection,0,None,,,4,On Roadside,1,Daylight,1,Clear,0,No Additional Atmospheric Conditions,1,Clear,0,No,0000000,Not Applicable,17,5:00pm-5:59pm,43,43,17,5:00pm-5:59pm,47,47,18,6:00pm-6:59pm,11,11,21,Within Designated School Zone,0,None,0,None,1,0
2019,21,210551,Kentucky,1,1,0,0,0,1,1,193,PERRY (193),1470,HAZARD,25,25,10,October,2019,6,Friday,17,5:00pm-5:59pm,41,41,0,This section IS NOT on the NHS,1,Rural,6,Minor Collector,1,State Highway Agency,3,State Highway,SR-1088,,18,18,37.29055556,37.29055556,-83.156158330,-83.156158330,0,No Special Jurisdiction,35,Embankment,0,The First Harmful Event was Not a Collision with a Motor Vehicle in Transport,0,No,1,Non-Junction,1,Not an Intersection,0,None,,,4,On Roadside,1,Daylight,2,Rain,0,No Additional Atmospheric Conditions,2,Rain,0,No,0000000,Not Applicable,17,5:00pm-5:59pm,43,43,17,5:00pm-5:59pm,49,49,88,Not Applicable (Not Transported),88,Not Applicable (Not Transported),0,None,0,None,0,None,1,0
2019,21,210552,Kentucky,1,1,0,2,2,1,1,21,BOYLE (21),860,DANVILLE,25,25,10,October,2019,6,Friday,19,7:00pm-7:59pm,35,35,0,This section IS NOT on the NHS,2,Urban,4,Minor Arterial,1,State Highway Agency,2,U.S. Highway,US-127,SR-33,54,54,37.64580556,37.64580556,-84.772436110,-84.772436110,0,No Special Jurisdiction,8,Pedestrian,0,The First Harmful Event was Not a Collision with a Motor Vehicle in Transport,0,No,2,Intersection,2,Four-Way Intersection,0,None,,,1,On Roadway,3,Dark - Lighted,2,Rain,0,No Additional Atmospheric Conditions,2,Rain,0,No,0000000,Not Applicable,19,7:00pm-7:59pm,37,37,19,7:00pm-7:59pm,41,41,19,7:00pm-7:59pm,50,50,0,None,0,None,0,None,1,0
2019,21,210553,Kentucky,2,2,0,0,0,2,2,43,CARTER (43),0,NOT APPLICABLE,23,23,10,October,2019,4,Wednesday,17,5:00pm-5:59pm,56,56,0,This section IS NOT on the NHS,1,Rural,6,Minor Collector,1,State Highway Agency,3,State Highway,SR-986,,88,88,38.22035833,38.22035833,-83.081327780,-83.081327780,0,No Special Jurisdiction,12,Motor Vehicle In-Transport,1,Front-to-Rear,0,No,1,Non-Junction,1,Not an Intersection,0,None,,,1,On Roadway,1,Daylight,1,Clear,0,No Additional Atmospheric Conditions,1,Clear,0,No,0000000,Not Applicable,17,5:00pm-5:59pm,25,25,17,5:00pm-5:59pm,44,44,19,7:00pm-7:59pm,16,16,0,None,0,None,0,None,1,0
2019,21,210554,Kentucky,2,2,0,0,0,4,4,111,JEFFERSON (111),2090,LOUISVILLE,30,30,10,October,2019,4,Wednesday,14,2:00pm-2:59pm,30,30,1,This section IS ON the NHS,2,Urban,3,Principal Arterial - Other,1,State Highway Agency,2,U.S. Highway,US-31 E,,110,110,38.19883611,38.19883611,-85.661641670,-85.661641670,0,No Special Jurisdiction,12,Motor Vehicle In-Transport,6,Angle,0,No,8,Driveway Access Related,1,Not an Intersection,0,None,,,1,On Roadway,1,Daylight,2,Rain,0,No Additional Atmospheric Conditions,2,Rain,0,No,0000000,Not Applicable,14,2:00pm-2:59pm,32,32,14,2:00pm-2:59pm,37,37,15,3:00pm-3:59pm,10,10,0,None,0,None,0,None,1,0
2019,21,210555,Kentucky,2,2,0,0,0,2,2,37,CAMPBELL (37),2400,NEWPORT,16,16,9,September,2019,2,Monday,12,12:00pm-12:59pm,59,59,1,This section IS ON the NHS,2,Urban,1,Interstate,1,State Highway Agency,1,Interstate,I-471,,47,47,39.09918056,39.09918056,-84.491925000,-84.491925000,0,No Special Jurisdiction,25,Concrete Traffic Barrier,0,The First Harmful Event was Not a Collision with a Motor Vehicle in Transport,0,No,1,Non-Junction,1,Not an Intersection,0,None,,,4,On Roadside,8,Not Reported,1,Clear,0,No Additional Atmospheric Conditions,1,Clear,0,No,0000000,Not Applicable,12,12:00pm-12:59pm,58,58,13,1:00pm-1:59pm,5,5,13,1:00pm-1:59pm,21,21,0,None,0,None,0,None,1,0
2019,21,210556,Kentucky,2,2,0,0,0,2,2,167,MERCER (167),0,NOT APPLICABLE,20,20,8,August,2019,3,Tuesday,13,1:00pm-1:59pm,35,35,1,This section IS ON the NHS,1,Rural,3,Principal Arterial - Other,1,State Highway Agency,2,U.S. Highway,US-68,US-127 BYP,28,28,37.77176944,37.77176944,-84.826322220,-84.826322220,0,No Special Jurisdiction,12,Motor Vehicle In-Transport,7,Sideswipe - Same Direction,0,No,2,Intersection,2,Four-Way Intersection,0,None,,,1,On Roadway,1,Daylight,10,Cloudy,0,No Additional Atmospheric Conditions,10,Cloudy,0,No,0000000,Not Applicable,13,1:00pm-1:59pm,35,35,13,1:00pm-1:59pm,40,40,13,1:00pm-1:59pm,55,55,0,None,0,None,0,None,1,0
2019,21,210557,Kentucky,2,2,0,0,0,2,2,83,GRAVES (83),0,NOT APPLICABLE,30,30,10,October,2019,4,Wednesday,20,8:00pm-8:59pm,18,18,1,This section IS ON the NHS,1,Rural,3,Principal Arterial - Other,1,State Highway Agency,3,State Highway,SR-80,SR-1124,154,154,36.69703333,36.69703333,-88.581255560,-88.581255560,0,No Special Jurisdiction,12,Motor Vehicle In-Transport,6,Angle,0,No,2,Intersection,3,T-Intersection,0,None,,,1,On Roadway,2,Dark - Not Lighted,2,Rain,0,No Additional Atmospheric Conditions,2,Rain,0,No,0000000,Not Applicable,20,8:00pm-8:59pm,30,30,20,8:00pm-8:59pm,35,35,20,8:00pm-8:59pm,58,58,0,None,0,None,0,None,1,0
2019,21,210558,Kentucky,1,1,0,0,0,2,2,109,JACKSON (109),3301,TYNER,20,20,10,October,2019,1,Sunday,0,0:00am-0:59am,42,42,0,This section IS NOT on the NHS,1,Rural,7,Local,1,State Highway Agency,3,State Highway,SR-1709,,7,7,37.33921667,37.33921667,-83.823997220,-83.823997220,0,No Special Jurisdiction,38,Fence,0,The First Harmful Event was Not a Collision with a Motor Vehicle in Transport,0,No,1,Non-Junction,1,Not an Intersection,0,None,,,4,On Roadside,2,Dark - Not Lighted,10,Cloudy,0,No Additional Atmospheric Conditions,10,Cloudy,0,No,0000000,Not Applicable,0,0:00am-0:59am,43,43,1,1:00am-1:59am,8,8,3,3:00am-3:59am,20,20,0,None,0,None,0,None,1,0
2019,21,210559,Kentucky,1,1,0,0,0,1,1,97,HARRISON (97),850,CYNTHIANA,1,1,11,November,2019,6,Friday,1,1:00am-1:59am,26,26,0,This section IS NOT on the NHS,1,Rural,6,Minor Collector,1,State Highway Agency,3,State Highway,SR-392,,94,94,38.44226389,38.44226389,-84.137369440,-84.137369440,0,No Special Jurisdiction,42,Tree (Standing Only),0,The First Harmful Event was Not a Collision with a Motor Vehicle in Transport,0,No,1,Non-Junction,1,Not an Intersection,0,None,,,4,On Roadside,2,Dark - Not Lighted,1,Clear,0,No Additional Atmospheric Conditions,1,Clear,0,No,0000000,Not Applicable,2,2:00am-2:59am,0,0,2,2:00am-2:59am,12,12,88,Not Applicable (Not Transported),88,Not Applicable (Not Transported),0,None,0,None,0,None,1,1
2019,21,210561,Kentucky,1,1,0,1,1,1,1,83,GRAVES (83),2940,SEDALIA,2,2,11,November,2019,7,Saturday,9,9:00am-9:59am,49,49,0,This section IS NOT on the NHS,1,Rural,6,Minor Collector,1,State Highway Agency,3,State Highway,SR-381,,102,102,36.63839722,36.63839722,-88.604272220,-88.604272220,0,No Special Jurisdiction,8,Pedestrian,0,The First Harmful Event was Not a Collision with a Motor Vehicle in Transport,0,No,8,Driveway Access Related,1,Not an Intersection,0,None,,,1,On Roadway,1,Daylight,1,Clear,0,No Additional Atmospheric Conditions,1,Clear,0,No,0000000,Not Applicable,9,9:00am-9:59am,51,51,10,10:00am-10:59am,0,0,10,10:00am-10:59am,30,30,0,None,0,None,0,None,1,0
2019,21,210562,Kentucky,3,3,0,1,1,4,4,67,FAYETTE (67),1980,LEXINGTON-FAYETTE,4,4,11,November,2019,2,Monday,19,7:00pm-7:59pm,28,28,1,This section IS ON the NHS,2,Urban,3,Principal Arterial - Other,1,State Highway Agency,2,U.S. Highway,US-25,,115,115,38.02029722,38.02029722,-84.467386110,-84.467386110,0,No Special Jurisdiction,15,Non-Motorist on Personal Conveyance,0,The First Harmful Event was Not a Collision with a Motor Vehicle in Transport,0,No,1,Non-Junction,1,Not an Intersection,0,None,,,1,On Roadway,3,Dark - Lighted,1,Clear,0,No Additional Atmospheric Conditions,1,Clear,0,No,0000000,Not Applicable,19,7:00pm-7:59pm,30,30,19,7:00pm-7:59pm,34,34,19,7:00pm-7:59pm,47,47,0,None,0,None,0,None,1,0
2019,21,210563,Kentucky,2,2,0,1,1,2,2,113,JESSAMINE (113),2410,NICHOLASVILLE,5,5,11,November,2019,3,Tuesday,5,5:00am-5:59am,30,30,1,This section IS ON the NHS,2,Urban,3,Principal Arterial - Other,1,State Highway Agency,2,U.S. Highway,US-27,EDGEWOOD DRIVE,75,75,37.87229722,37.87229722,-84.597400000,-84.597400000,0,No Special Jurisdiction,8,Pedestrian,0,The First Harmful Event was Not a Collision with a Motor Vehicle in Transport,0,No,3,Intersection-Related,2,Four-Way Intersection,0,None,,,1,On Roadway,3,Dark - Lighted,1,Clear,0,No Additional Atmospheric Conditions,1,Clear,0,No,0000000,Not Applicable,5,5:00am-5:59am,37,37,5,5:00am-5:59am,42,42,6,6:00am-6:59am,42,42,0,None,0,None,0,None,1,0
2019,21,210564,Kentucky,2,2,0,0,0,2,2,111,JEFFERSON (111),2090,LOUISVILLE,3,3,11,November,2019,1,Sunday,21,9:00pm-9:59pm,55,55,1,This section IS ON the NHS,2,Urban,3,Principal Arterial - Other,1,State Highway Agency,2,U.S. Highway,US-31 W,,174,174,38.22097500,38.22097500,-85.793458330,-85.793458330,0,No Special Jurisdiction,12,Motor Vehicle In-Transport,6,Angle,0,No,8,Driveway Access Related,1,Not an Intersection,0,None,,,1,On Roadway,2,Dark - Not Lighted,1,Clear,0,No Additional Atmospheric Conditions,1,Clear,0,No,0000000,Not Applicable,21,9:00pm-9:59pm,56,56,22,10:00pm-10:59pm,1,1,22,10:00pm-10:59pm,30,30,0,None,0,None,0,None,1,1
2019,21,210565,Kentucky,1,1,0,0,0,1,1,99,HART (99),1630,HORSE CAVE,6,6,11,November,2019,4,Wednesday,11,11:00am-11:59am,20,20,1,This section IS ON the NHS,1,Rural,1,Interstate,1,State Highway Agency,1,Interstate,I-65,,576,576,37.20135278,37.20135278,-85.937444440,-85.937444440,0,No Special Jurisdiction,21,Bridge Pier or Support,0,The First Harmful Event was Not a Collision with a Motor Vehicle in Transport,0,No,1,Non-Junction,1,Not an Intersection,0,None,,,4,On Roadside,1,Daylight,1,Clear,0,No Additional Atmospheric Conditions,1,Clear,0,No,0000000,Not Applicable,11,11:00am-11:59am,25,25,11,11:00am-11:59am,30,30,88,Not Applicable (Not Transported),88,Not Applicable (Not Transported),0,None,0,None,0,None,1,0
2019,21,210566,Kentucky,2,2,0,0,0,3,3,221,TRIGG (221),490,CADIZ,7,7,11,November,2019,5,Thursday,19,7:00pm-7:59pm,50,50,1,This section IS ON the NHS,1,Rural,3,Principal Arterial - Other,1,State Highway Agency,2,U.S. Highway,US-68,SR-139,183,183,36.84398611,36.84398611,-87.825202780,-87.825202780,0,No Special Jurisdiction,12,Motor Vehicle In-Transport,6,Angle,0,No,2,Intersection,2,Four-Way Intersection,0,None,,,1,On Roadway,2,Dark - Not Lighted,1,Clear,0,No Additional Atmospheric Conditions,1,Clear,0,No,0000000,Not Applicable,19,7:00pm-7:59pm,50,50,19,7:00pm-7:59pm,57,57,20,8:00pm-8:59pm,19,19,0,None,0,None,0,None,2,0
2019,21,210567,Kentucky,2,2,0,0,0,2,2,39,CARLISLE (39),180,BARDWELL,8,8,11,November,2019,6,Friday,19,7:00pm-7:59pm,0,0,0,This section IS NOT on the NHS,1,Rural,4,Minor Arterial,1,State Highway Agency,2,U.S. Highway,US-51,,120,120,36.91998611,36.91998611,-89.056597220,-89.056597220,0,No Special Jurisdiction,12,Motor Vehicle In-Transport,2,Front-to-Front,0,No,1,Non-Junction,1,Not an Intersection,0,None,,,1,On Roadway,2,Dark - Not Lighted,1,Clear,0,No Additional Atmospheric Conditions,1,Clear,0,No,0000000,Not Applicable,19,7:00pm-7:59pm,2,2,19,7:00pm-7:59pm,9,9,20,8:00pm-8:59pm,2,2,0,None,0,None,0,None,1,0
2019,21,210568,Kentucky,2,2,0,0,0,3,3,107,HOPKINS (107),0,NOT APPLICABLE,9,9,11,November,2019,7,Saturday,15,3:00pm-3:59pm,4,4,0,This section IS NOT on the NHS,1,Rural,6,Minor Collector,1,State Highway Agency,3,State Highway,SR-1069,SHAKERAG RD,37,37,37.41738333,37.41738333,-87.505694440,-87.505694440,0,No Special Jurisdiction,12,Motor Vehicle In-Transport,6,Angle,0,No,2,Intersection,2,Four-Way Intersection,0,None,,,1,On Roadway,1,Daylight,1,Clear,0,No Additional Atmospheric Conditions,1,Clear,0,No,0000000,Not Applicable,15,3:00pm-3:59pm,18,18,15,3:00pm-3:59pm,19,19,15,3:00pm-3:59pm,52,52,0,None,0,None,0,None,1,0
2019,21,210569,Kentucky,2,2,0,0,0,2,2,31,BUTLER (31),0,NOT APPLICABLE,10,10,11,November,2019,1,Sunday,12,12:00pm-12:59pm,28,28,0,This section IS NOT on the NHS,1,Rural,5,Major Collector,1,State Highway Agency,3,State Highway,SR-185,,12,12,37.16532222,37.16532222,-86.422452780,-86.422452780,0,No Special Jurisdiction,12,Motor Vehicle In-Transport,2,Front-to-Front,0,No,1,Non-Junction,1,Not an Intersection,0,None,,,1,On Roadway,1,Daylight,1,Clear,0,No Additional Atmospheric Conditions,1,Clear,0,No,0000000,Not Applicable,12,12:00pm-12:59pm,29,29,12,12:00pm-12:59pm,51,51,99,Unknown,99,Unknown EMS Hospital Arrival Time,0,None,0,None,0,None,1,1
2019,21,210570,Kentucky,1,1,0,0,0,4,4,237,WOLFE (237),0,NOT APPLICABLE,11,11,11,November,2019,2,Monday,8,8:00am-8:59am,31,31,1,This section IS ON the NHS,1,Rural,3,Principal Arterial - Other,1,State Highway Agency,3,State Highway,SR-9000,,369,369,37.78272500,37.78272500,-83.647519440,-83.647519440,0,No Special Jurisdiction,1,Rollover/Overturn,0,The First Harmful Event was Not a Collision with a Motor Vehicle in Transport,0,No,1,Non-Junction,1,Not an Intersection,0,None,,,3,On Median,1,Daylight,1,Clear,0,No Additional Atmospheric Conditions,1,Clear,0,No,0000000,Not Applicable,8,8:00am-8:59am,31,31,8,8:00am-8:59am,31,31,9,9:00am-9:59am,35,35,0,None,0,None,0,None,1,0
2019,21,210571,Kentucky,1,1,0,0,0,2,2,111,JEFFERSON (111),2090,LOUISVILLE,11,11,11,November,2019,2,Monday,13,1:00pm-1:59pm,22,22,1,This section IS ON the NHS,2,Urban,3,Principal Arterial - Other,1,State Highway Agency,3,State Highway,SR-1934,,45,45,38.14862500,38.14862500,-85.886444440,-85.886444440,0,No Special Jurisdiction,35,Embankment,0,The First Harmful Event was Not a Collision with a Motor Vehicle in Transport,0,No,1,Non-Junction,1,Not an Intersection,0,None,,,4,On Roadside,1,Daylight,1,Clear,0,No Additional Atmospheric Conditions,1,Clear,0,No,0000000,Not Applicable,13,1:00pm-1:59pm,28,28,13,1:00pm-1:59pm,32,32,14,2:00pm-2:59pm,8,8,0,None,0,None,0,None,1,0
2019,21,210572,Kentucky,2,2,0,0,0,3,3,111,JEFFERSON (111),2090,LOUISVILLE,11,11,11,November,2019,2,Monday,17,5:00pm-5:59pm,17,17,0,This section IS NOT on the NHS,2,Urban,4,Minor Arterial,1,State Highway Agency,3,State Highway,SR-1931,,33,33,38.14356944,38.14356944,-85.836183330,-85.836183330,0,No Special Jurisdiction,12,Motor Vehicle In-Transport,6,Angle,0,No,1,Non-Junction,1,Not an Intersection,0,None,,,1,On Roadway,1,Daylight,2,Rain,0,No Additional Atmospheric Conditions,2,Rain,0,No,0000000,Not Applicable,17,5:00pm-5:59pm,17,17,17,5:00pm-5:59pm,39,39,18,6:00pm-6:59pm,13,13,0,None,0,None,0,None,1,1
2019,21,210573,Kentucky,1,1,0,0,0,1,1,37,CAMPBELL (37),50,ALEXANDRIA,4,4,11,November,2019,2,Monday,16,4:00pm-4:59pm,10,10,0,This section IS NOT on the NHS,1,Rural,7,Local,1,State Highway Agency,5,Local Street - Township,APPLE BLOSSOM LN,,99999,Unknown,38.96313611,38.96313611,-84.380788890,-84.380788890,0,No Special Jurisdiction,42,Tree (Standing Only),0,The First Harmful Event was Not a Collision with a Motor Vehicle in Transport,0,No,1,Non-Junction,1,Not an Intersection,0,None,,,4,On Roadside,1,Daylight,1,Clear,0,No Additional Atmospheric Conditions,1,Clear,0,No,0000000,Not Applicable,16,4:00pm-4:59pm,12,12,16,4:00pm-4:59pm,15,15,16,4:00pm-4:59pm,54,54,0,None,0,None,0,None,1,0
2019,21,210574,Kentucky,2,2,0,0,0,2,2,179,NELSON (179),0,NOT APPLICABLE,7,7,11,November,2019,5,Thursday,15,3:00pm-3:59pm,47,47,0,This section IS NOT on the NHS,1,Rural,5,Major Collector,1,State Highway Agency,3,State Highway,SR-48,,11,11,37.97216111,37.97216111,-85.473222220,-85.473222220,0,No Special Jurisdiction,12,Motor Vehicle In-Transport,6,Angle,0,No,1,Non-Junction,1,Not an Intersection,0,None,,,1,On Roadway,1,Daylight,10,Cloudy,0,No Additional Atmospheric Conditions,10,Cloudy,0,No,0000000,Not Applicable,15,3:00pm-3:59pm,52,52,16,4:00pm-4:59pm,3,3,88,Not Applicable (Not Transported),88,Not Applicable (Not Transported),0,None,0,None,0,None,1,0
2019,21,210575,Kentucky,1,1,0,0,0,1,1,227,WARREN (227),0,NOT APPLICABLE,11,11,11,November,2019,2,Monday,22,10:00pm-10:59pm,26,26,0,This section IS NOT on the NHS,1,Rural,5,Major Collector,1,State Highway Agency,2,U.S. Highway,US-68,,268,268,37.03148611,37.03148611,-86.134613890,-86.134613890,0,No Special Jurisdiction,39,Wall,0,The First Harmful Event was Not a Collision with a Motor Vehicle in Transport,0,No,1,Non-Junction,1,Not an Intersection,0,None,,,4,On Roadside,2,Dark - Not Lighted,4,Snow,0,No Additional Atmospheric Conditions,4,Snow,0,No,0000000,Not Applicable,22,10:00pm-10:59pm,52,52,22,10:00pm-10:59pm,47,47,88,Not Applicable (Not Transported),88,Not Applicable (Not Transported),0,None,0,None,0,None,1,0
2019,21,210576,Kentucky,2,2,0,0,0,2,2,239,WOODFORD (239),3360,VERSAILLES,14,14,11,November,2019,5,Thursday,8,8:00am-8:59am,59,59,1,This section IS ON the NHS,2,Urban,3,Principal Arterial - Other,1,State Highway Agency,2,U.S. Highway,US-60,,93,93,38.05100833,38.05100833,-84.715180560,-84.715180560,0,No Special Jurisdiction,12,Motor Vehicle In-Transport,6,Angle,0,No,8,Driveway Access Related,1,Not an Intersection,0,None,,,1,On Roadway,1,Daylight,1,Clear,0,No Additional Atmospheric Conditions,1,Clear,0,No,0000000,Not Applicable,9,9:00am-9:59am,0,0,9,9:00am-9:59am,1,1,88,Not Applicable (Not Transported),88,Not Applicable (Not Transported),0,None,0,None,0,None,1,0
2019,21,210577,Kentucky,1,1,0,0,0,1,1,63,ELLIOTT (63),0,NOT APPLICABLE,14,14,11,November,2019,5,Thursday,14,2:00pm-2:59pm,34,34,0,This section IS NOT on the NHS,1,Rural,7,Local,1,State Highway Agency,3,State Highway,SR-649,,73,73,38.16635000,38.16635000,-83.111755560,-83.111755560,0,No Special Jurisdiction,35,Embankment,0,The First Harmful Event was Not a Collision with a Motor Vehicle in Transport,0,No,1,Non-Junction,1,Not an Intersection,0,None,,,4,On Roadside,1,Daylight,10,Cloudy,0,No Additional Atmospheric Conditions,10,Cloudy,0,No,0000000,Not Applicable,14,2:00pm-2:59pm,34,34,14,2:00pm-2:59pm,45,45,88,Not Applicable (Not Transported),88,Not Applicable (Not Transported),0,None,0,None,0,None,1,1
2019,21,210578,Kentucky,2,2,0,0,0,4,4,175,MORGAN (175),3480,WEST LIBERTY,15,15,11,November,2019,6,Friday,16,4:00pm-4:59pm,30,30,0,This section IS NOT on the NHS,1,Rural,4,Minor Arterial,1,State Highway Agency,2,U.S. Highway,US-460,,185,185,37.91870278,37.91870278,-83.242475000,-83.242475000,0,No Special Jurisdiction,12,Motor Vehicle In-Transport,6,Angle,0,No,8,Driveway Access Related,1,Not an Intersection,0,None,,,1,On Roadway,1,Daylight,1,Clear,0,No Additional Atmospheric Conditions,1,Clear,1,Yes,0000000,Not Applicable,16,4:00pm-4:59pm,35,35,16,4:00pm-4:59pm,38,38,16,4:00pm-4:59pm,58,58,0,None,0,None,0,None,1,0
2019,21,210579,Kentucky,2,2,0,0,0,4,4,109,JACKSON (109),0,NOT APPLICABLE,15,15,11,November,2019,6,Friday,19,7:00pm-7:59pm,6,6,0,This section IS NOT on the NHS,1,Rural,5,Major Collector,1,State Highway Agency,3,State Highway,SR-290,,49,49,37.38300278,37.38300278,-83.991455560,-83.991455560,0,No Special Jurisdiction,12,Motor Vehicle In-Transport,8,Sideswipe - Opposite Direction,0,No,1,Non-Junction,1,Not an Intersection,0,None,,,1,On Roadway,5,Dusk,1,Clear,0,No Additional Atmospheric Conditions,1,Clear,0,No,0000000,Not Applicable,18,6:00pm-6:59pm,34,34,18,6:00pm-6:59pm,39,39,19,7:00pm-7:59pm,18,18,0,None,0,None,0,None,2,0
2019,21,210580,Kentucky,2,2,0,0,0,3,3,9,BARREN (9),620,CAVE CITY,16,16,11,November,2019,7,Saturday,23,11:00pm-11:59pm,32,32,0,This section IS NOT on the NHS,1,Rural,5,Major Collector,1,State Highway Agency,3,State Highway,SR-70,,62,62,37.13972222,37.13972222,-85.963286110,-85.963286110,0,No Special Jurisdiction,12,Motor Vehicle In-Transport,6,Angle,0,No,1,Non-Junction,1,Not an Intersection,0,None,,,1,On Roadway,3,Dark - Lighted,1,Clear,0,No Additional Atmospheric Conditions,1,Clear,0,No,0000000,Not Applicable,23,11:00pm-11:59pm,23,23,23,11:00pm-11:59pm,30,30,0,0:00am-0:59am,4,4,0,None,0,None,0,None,1,2
2019,21,210581,Kentucky,2,2,0,0,0,3,3,59,DAVIESS (59),0,NOT APPLICABLE,18,18,11,November,2019,2,Monday,5,5:00am-5:59am,23,23,0,This section IS NOT on the NHS,1,Rural,4,Minor Arterial,1,State Highway Agency,2,U.S. Highway,US-431,SR-298,72,72,37.66983889,37.66983889,-87.129044440,-87.129044440,0,No Special Jurisdiction,12,Motor Vehicle In-Transport,6,Angle,0,No,2,Intersection,2,Four-Way Intersection,0,None,,,1,On Roadway,2,Dark - Not Lighted,10,Cloudy,0,No Additional Atmospheric Conditions,10,Cloudy,0,No,0000000,Not Applicable,5,5:00am-5:59am,27,27,5,5:00am-5:59am,34,34,5,5:00am-5:59am,57,57,0,None,0,None,0,None,1,0
2019,21,210582,Kentucky,1,1,0,1,1,1,1,167,MERCER (167),0,NOT APPLICABLE,18,18,11,November,2019,2,Monday,22,10:00pm-10:59pm,20,20,1,This section IS ON the NHS,1,Rural,3,Principal Arterial - Other,1,State Highway Agency,2,U.S. Highway,US-127,,130,130,37.88753889,37.88753889,-84.855072220,-84.855072220,0,No Special Jurisdiction,8,Pedestrian,0,The First Harmful Event was Not a Collision with a Motor Vehicle in Transport,0,No,1,Non-Junction,1,Not an Intersection,0,None,,,1,On Roadway,2,Dark - Not Lighted,10,Cloudy,0,No Additional Atmospheric Conditions,10,Cloudy,0,No,0000000,Not Applicable,22,10:00pm-10:59pm,14,14,22,10:00pm-10:59pm,33,33,88,Not Applicable (Not Transported),88,Not Applicable (Not Transported),0,None,0,None,0,None,1,0
2019,21,210583,Kentucky,3,3,0,1,1,4,4,121,KNOX (121),770,CORBIN,11,11,11,November,2019,2,Monday,18,6:00pm-6:59pm,24,24,0,This section IS NOT on the NHS,2,Urban,4,Minor Arterial,1,State Highway Agency,3,State Highway,SR-312,,99999,Unknown,36.95438056,36.95438056,-84.079511110,-84.079511110,0,No Special Jurisdiction,8,Pedestrian,0,The First Harmful Event was Not a Collision with a Motor Vehicle in Transport,0,No,1,Non-Junction,1,Not an Intersection,0,None,,,1,On Roadway,2,Dark - Not Lighted,2,Rain,0,No Additional Atmospheric Conditions,2,Rain,0,No,0000000,Not Applicable,18,6:00pm-6:59pm,31,31,18,6:00pm-6:59pm,34,34,18,6:00pm-6:59pm,34,34,0,None,0,None,0,None,1,0
2019,21,210584,Kentucky,1,1,0,0,0,3,3,33,CALDWELL (33),0,NOT APPLICABLE,19,19,11,November,2019,3,Tuesday,16,4:00pm-4:59pm,20,20,1,This section IS ON the NHS,1,Rural,1,Interstate,1,State Highway Agency,1,Interstate,I-24,,557,557,36.96584167,36.96584167,-87.872544440,-87.872544440,0,No Special Jurisdiction,42,Tree (Standing Only),0,The First Harmful Event was Not a Collision with a Motor Vehicle in Transport,0,No,1,Non-Junction,1,Not an Intersection,0,None,,,4,On Roadside,1,Daylight,1,Clear,0,No Additional Atmospheric Conditions,1,Clear,0,No,0000000,Not Applicable,16,4:00pm-4:59pm,10,10,16,4:00pm-4:59pm,23,23,16,4:00pm-4:59pm,51,51,0,None,0,None,0,None,1,0