caseyear,state,st_case,statename,ve_total,ve_forms,pvh_invl,peds,pernotmvit,permvit,persons,county,countyname,city,cityname,day,dayname,month,monthname,year,day_week,day_weekname,hour,hourname,minute,minutename,nhs,nhsname,rur_urb,rur_urbname,func_sys,func_sysname,rd_owner,rd_ownername,route,routename,tway_id,tway_id2,milept,mileptname,latitude,latitudename,longitud,longitudname,sp_jur,sp_jurname,harm_ev,harm_evname,man_coll,man_collname,reljct1,reljct1name,reljct2,reljct2name,typ_int,typ_intname,wrk_zone,wrk_zonename,road_fnc,road_fncname,rel_road,rel_roadname,lgt_cond,lgt_condname,weather1,weather1name,weather2,weather2name,weather,weathername,sch_bus,sch_busname,rail,railname,not_hour,not_hourname,not_min,not_minname,arr_hour,arr_hourname,arr_min,arr_minname,hosp_hr,hosp_hrname,hosp_mn,hosp_mnname,cf1,cf1name,cf2,cf2name,cf3,cf3name,fatals,drunk_dr
2019,21,210619,Kentucky,3,3,0,0,0,3,3,93,HARDIN (93),0,NOT APPLICABLE,4,4,12,December,2019,4,Wednesday,8,8:00am-8:59am,40,40,0,This section IS NOT on the NHS,1,Rural,5,Major Collector,1,State Highway Agency,3,State Highway,SR-220,DECKARD SCHOOL RD,159,159,37.76763889,37.76763889,-85.925944440,-85.925944440,0,No Special Jurisdiction,12,Motor Vehicle In-Transport,6,Angle,0,No,2,Intersection,2,Four-Way Intersection,0,None,,,1,On Roadway,1,Daylight,1,Clear,0,No Additional Atmospheric Conditions,1,Clear,0,No,0000000,Not Applicable,8,8:00am-8:59am,42,42,8,8:00am-8:59am,49,49,9,9:00am-9:59am,6,6,0,None,0,None,0,None,1,0
2019,21,210620,Kentucky,2,2,0,0,0,3,3,111,JEFFERSON (111),2090,LOUISVILLE,7,7,12,December,2019,7,Saturday,3,3:00am-3:59am,55,55,1,This section IS ON the NHS,2,Urban,3,Principal Arterial - Other,1,State Highway Agency,3,State Highway,SR-1447,DOVE CREEK BLVD,40,40,38.28052222,38.28052222,-85.592444440,-85.592444440,0,No Special Jurisdiction,12,Motor Vehicle In-Transport,2,Front-to-Front,0,No,2,Intersection,2,Four-Way Intersection,0,None,,,1,On Roadway,2,Dark - Not Lighted,1,Clear,0,No Additional Atmospheric Conditions,1,Clear,0,No,0000000,Not Applicable,3,3:00am-3:59am,58,58,4,4:00am-4:59am,5,5,4,4:00am-4:59am,47,47,0,None,0,None,0,None,1,0
2019,21,210621,Kentucky,1,1,0,0,0,1,1,111,JEFFERSON (111),2090,LOUISVILLE,11,11,12,December,2019,4,Wednesday,4,4:00am-4:59am,7,7,0,This section IS NOT on the NHS,2,Urban,7,Local,1,State Highway Agency,5,Local Street - Township,E HILL ST,,1,1,38.22596111,38.22596111,-85.750908330,-85.750908330,0,No Special Jurisdiction,43,Other Fixed Object,0,The First Harmful Event was Not a Collision with a Motor Vehicle in Transport,0,No,1,Non-Junction,1,Not an Intersection,0,None,,,4,On Roadside,3,Dark - Lighted,1,Clear,0,No Additional Atmospheric Conditions,1,Clear,0,No,0000000,Not Applicable,4,4:00am-4:59am,8,8,4,4:00am-4:59am,18,18,88,Not Applicable (Not Transported),88,Not Applicable (Not Transported),0,None,0,None,0,None,1,1
2019,21,210622,Kentucky,1,1,0,0,0,1,1,111,JEFFERSON (111),2090,LOUISVILLE,12,12,12,December,2019,5,Thursday,21,9:00pm-9:59pm,0,0,0,This section IS NOT on the NHS,2,Urban,4,Minor Arterial,1,State Highway Agency,3,State Highway,SR-2054,,31,31,38.21246667,38.21246667,-85.771041670,-85.771041670,0,No Special Jurisdiction,42,Tree (Standing Only),0,The First Harmful Event was Not a Collision with a Motor Vehicle in Transport,0,No,1,Non-Junction,1,Not an Intersection,0,None,,,4,On Roadside,3,Dark - Lighted,1,Clear,0,No Additional Atmospheric Conditions,1,Clear,0,No,0000000,Not Applicable,21,9:00pm-9:59pm,0,0,21,9:00pm-9:59pm,9,9,88,Not Applicable (Not Transported),88,Not Applicable (Not Transported),0,None,0,None,0,None,1,0
2019,21,210623,Kentucky,1,1,0,1,1,1,1,35,CALLOWAY (35),0,NOT APPLICABLE,11,11,12,December,2019,4,Wednesday,17,5:00pm-5:59pm,18,18,0,This section IS NOT on the NHS,1,Rural,7,Local,1,State Highway Agency,4,County Road,CR- LOCUST FROVE RD,,2,2,36.57841667,36.57841667,-88.281975000,-88.281975000,0,No Special Jurisdiction,8,Pedestrian,0,The First Harmful Event was Not a Collision with a Motor Vehicle in Transport,0,No,1,Non-Junction,1,Not an Intersection,0,None,,,1,On Roadway,2,Dark - Not Lighted,1,Clear,0,No Additional Atmospheric Conditions,1,Clear,0,No,0000000,Not Applicable,17,5:00pm-5:59pm,26,26,17,5:00pm-5:59pm,30,30,17,5:00pm-5:59pm,55,55,0,None,0,None,0,None,1,0
2019,21,210625,Kentucky,3,3,0,0,0,3,3,113,JESSAMINE (113),2410,NICHOLASVILLE,13,13,12,December,2019,6,Friday,14,2:00pm-2:59pm,17,17,0,This section IS NOT on the NHS,2,Urban,4,Minor Arterial,1,State Highway Agency,2,U.S. Highway,US-68,,111,111,37.97395000,37.97395000,-84.592750000,-84.592750000,0,No Special Jurisdiction,12,Motor Vehicle In-Transport,6,Angle,0,No,1,Non-Junction,1,Not an Intersection,0,None,,,1,On Roadway,1,Daylight,10,Cloudy,0,No Additional Atmospheric Conditions,10,Cloudy,0,No,0000000,Not Applicable,14,2:00pm-2:59pm,20,20,14,2:00pm-2:59pm,27,27,14,2:00pm-2:59pm,31,31,0,None,0,None,0,None,2,1
2019,21,210626,Kentucky,1,1,0,1,1,1,1,15,BOONE (15),1150,FLORENCE,13,13,12,December,2019,6,Friday,19,7:00pm-7:59pm,56,56,0,This section IS NOT on the NHS,2,Urban,4,Minor Arterial,1,State Highway Agency,2,U.S. Highway,US-25,,111,111,39.00456667,39.00456667,-84.619794440,-84.619794440,0,No Special Jurisdiction,8,Pedestrian,0,The First Harmful Event was Not a Collision with a Motor Vehicle in Transport,0,No,8,Driveway Access Related,1,Not an Intersection,0,None,,,1,On Roadway,3,Dark - Lighted,2,Rain,0,No Additional Atmospheric Conditions,2,Rain,0,No,0000000,Not Applicable,19,7:00pm-7:59pm,56,56,20,8:00pm-8:59pm,2,2,20,8:00pm-8:59pm,38,38,0,None,0,None,0,None,1,1
2019,21,210627,Kentucky,1,1,0,1,1,5,5,71,FLOYD (71),2670,PRESTONSBURG,14,14,12,December,2019,7,Saturday,0,0:00am-0:59am,1,1,1,This section IS ON the NHS,2,Urban,3,Principal Arterial - Other,1,State Highway Agency,2,U.S. Highway,US-23,,105,105,37.61721389,37.61721389,-82.721888890,-82.721888890,0,No Special Jurisdiction,8,Pedestrian,0,The First Harmful Event was Not a Collision with a Motor Vehicle in Transport,0,No,1,Non-Junction,1,Not an Intersection,0,None,,,1,On Roadway,2,Dark - Not Lighted,2,Rain,0,No Additional Atmospheric Conditions,2,Rain,0,No,0000000,Not Applicable,0,0:00am-0:59am,5,5,0,0:00am-0:59am,16,16,0,0:00am-0:59am,37,37,0,None,0,None,0,None,1,0
2019,21,210628,Kentucky,3,3,0,0,0,4,4,93,HARDIN (93),1000,ELIZABETHTOWN,16,16,12,December,2019,2,Monday,10,10:00am-10:59am,57,57,0,This section IS NOT on the NHS,2,Urban,4,Minor Arterial,1,State Highway Agency,2,U.S. Highway,US-62,,154,154,37.67693889,37.67693889,-85.898208330,-85.898208330,0,No Special Jurisdiction,12,Motor Vehicle In-Transport,6,Angle,0,No,1,Non-Junction,1,Not an Intersection,0,None,,,1,On Roadway,1,Daylight,2,Rain,0,No Additional Atmospheric Conditions,2,Rain,0,No,0000000,Not Applicable,10,10:00am-10:59am,56,56,11,11:00am-11:59am,5,5,88,Not Applicable (Not Transported),88,Not Applicable (Not Transported),14,"Motor Vehicle struck by falling cargo,or something that came loose from or something that was set in motion by a vehicle",0,None,0,None,2,1
2019,21,210630,Kentucky,1,1,0,0,0,1,1,67,FAYETTE (67),1980,LEXINGTON-FAYETTE,18,18,12,December,2019,4,Wednesday,5,5:00am-5:59am,43,43,0,This section IS NOT on the NHS,2,Urban,7,Local,1,State Highway Agency,5,Local Street - Township,RUFFIAN WAY,,0,None,38.09078333,38.09078333,-84.557133330,-84.557133330,0,No Special Jurisdiction,42,Tree (Standing Only),0,The First Harmful Event was Not a Collision with a Motor Vehicle in Transport,0,No,1,Non-Junction,1,Not an Intersection,0,None,,,4,On Roadside,3,Dark - Lighted,10,Cloudy,0,No Additional Atmospheric Conditions,10,Cloudy,0,No,0000000,Not Applicable,5,5:00am-5:59am,44,44,5,5:00am-5:59am,47,47,88,Not Applicable (Not Transported),88,Not Applicable (Not Transported),0,None,0,None,0,None,1,0
2019,21,210631,Kentucky,2,2,0,0,0,4,4,145,MCCRACKEN (145),0,NOT APPLICABLE,11,11,12,December,2019,4,Wednesday,14,2:00pm-2:59pm,32,32,1,This section IS ON the NHS,2,Urban,3,Principal Arterial - Other,1,State Highway Agency,2,U.S. Highway,US-45,SR-1241,57,57,37.02493889,37.02493889,-88.671508330,-88.671508330,0,No Special Jurisdiction,12,Motor Vehicle In-Transport,6,Angle,0,No,2,Intersection,2,Four-Way Intersection,0,None,,,1,On Roadway,1,Daylight,1,Clear,0,No Additional Atmospheric Conditions,1,Clear,0,No,0000000,Not Applicable,14,2:00pm-2:59pm,28,28,14,2:00pm-2:59pm,35,35,15,3:00pm-3:59pm,6,6,0,None,0,None,0,None,1,0
2019,21,210632,Kentucky,1,1,0,0,0,1,1,147,MCCREARY (147),2562,PARKERS LAKE,12,12,12,December,2019,5,Thursday,8,8:00am-8:59am,28,28,0,This section IS NOT on the NHS,1,Rural,4,Minor Arterial,1,State Highway Agency,3,State Highway,SR-90,,65,65,36.85904722,36.85904722,-84.397266670,-84.397266670,0,No Special Jurisdiction,42,Tree (Standing Only),0,The First Harmful Event was Not a Collision with a Motor Vehicle in Transport,0,No,1,Non-Junction,1,Not an Intersection,0,None,,,4,On Roadside,1,Daylight,1,Clear,0,No Additional Atmospheric Conditions,1,Clear,0,No,0000000,Not Applicable,8,8:00am-8:59am,28,28,8,8:00am-8:59am,44,44,88,Not Applicable (Not Transported),88,Not Applicable (Not Transported),0,None,0,None,0,None,1,0
2019,21,210633,Kentucky,2,2,0,0,0,5,5,135,LEWIS (135),0,NOT APPLICABLE,17,17,12,December,2019,3,Tuesday,19,7:00pm-7:59pm,5,5,0,This section IS NOT on the NHS,1,Rural,4,Minor Arterial,1,State Highway Agency,3,State Highway,SR-0008,,156,156,38.59470000,38.59470000,-83.273258330,-83.273258330,0,No Special Jurisdiction,12,Motor Vehicle In-Transport,2,Front-to-Front,0,No,1,Non-Junction,1,Not an Intersection,0,None,,,1,On Roadway,2,Dark - Not Lighted,2,Rain,0,No Additional Atmospheric Conditions,2,Rain,0,No,0000000,Not Applicable,19,7:00pm-7:59pm,9,9,19,7:00pm-7:59pm,14,14,0,0:00am-0:59am,0,0,0,None,0,None,0,None,2,1
2019,21,210634,Kentucky,2,2,0,0,0,2,2,29,BULLITT (29),0,NOT APPLICABLE,19,19,12,December,2019,5,Thursday,1,1:00am-1:59am,43,43,1,This section IS ON the NHS,1,Rural,1,Interstate,1,State Highway Agency,1,Interstate,I-65,,1097,1097,37.89738889,37.89738889,-85.699002780,-85.699002780,0,No Special Jurisdiction,12,Motor Vehicle In-Transport,6,Angle,0,No,1,Non-Junction,1,Not an Intersection,0,None,,,1,On Roadway,2,Dark - Not Lighted,1,Clear,0,No Additional Atmospheric Conditions,1,Clear,0,No,0000000,Not Applicable,1,1:00am-1:59am,45,45,2,2:00am-2:59am,4,4,88,Not Applicable (Not Transported),88,Not Applicable (Not Transported),0,None,0,None,0,None,1,0
2019,21,210635,Kentucky,1,1,0,0,0,1,1,11,BATH (11),0,NOT APPLICABLE,22,22,12,December,2019,1,Sunday,0,0:00am-0:59am,30,30,0,This section IS NOT on the NHS,1,Rural,6,Minor Collector,1,State Highway Agency,3,State Highway,SR-1269,,50,50,38.15983333,38.15983333,-83.645244440,-83.645244440,0,No Special Jurisdiction,1,Rollover/Overturn,0,The First Harmful Event was Not a Collision with a Motor Vehicle in Transport,0,No,1,Non-Junction,1,Not an Intersection,0,None,,,1,On Roadway,2,Dark - Not Lighted,1,Clear,0,No Additional Atmospheric Conditions,1,Clear,0,No,0000000,Not Applicable,0,0:00am-0:59am,47,47,1,1:00am-1:59am,5,5,88,Not Applicable (Not Transported),88,Not Applicable (Not Transported),0,None,0,None,0,None,1,1
2019,21,210636,Kentucky,2,2,0,0,0,3,3,111,JEFFERSON (111),2090,LOUISVILLE,14,14,12,December,2019,7,Saturday,11,11:00am-11:59am,5,5,0,This section IS NOT on the NHS,2,Urban,4,Minor Arterial,1,State Highway Agency,5,Local Street - Township,S 3RD ST,W AMHERST,16,16,38.17471944,38.17471944,-85.767427780,-85.767427780,0,No Special Jurisdiction,12,Motor Vehicle In-Transport,6,Angle,0,No,2,Intersection,2,Four-Way Intersection,0,None,,,1,On Roadway,1,Daylight,1,Clear,0,No Additional Atmospheric Conditions,1,Clear,0,No,0000000,Not Applicable,11,11:00am-11:59am,5,5,11,11:00am-11:59am,11,11,12,12:00pm-12:59pm,17,17,0,None,0,None,0,None,1,0
2019,21,210637,Kentucky,1,1,0,0,0,1,1,83,GRAVES (83),1539,HICKORY,18,18,12,December,2019,4,Wednesday,10,10:00am-10:59am,20,20,0,This section IS NOT on the NHS,1,Rural,6,Minor Collector,1,State Highway Agency,3,State Highway,SR-849,,134,134,36.88451111,36.88451111,-88.588522220,-88.588522220,0,No Special Jurisdiction,42,Tree (Standing Only),0,The First Harmful Event was Not a Collision with a Motor Vehicle in Transport,0,No,1,Non-Junction,1,Not an Intersection,0,None,,,4,On Roadside,1,Daylight,1,Clear,0,No Additional Atmospheric Conditions,1,Clear,0,No,0000000,Not Applicable,23,11:00pm-11:59pm,48,48,0,0:00am-0:59am,5,5,88,Not Applicable (Not Transported),88,Not Applicable (Not Transported),18,Date of Crash and Date of EMS Notification were not the same day,0,None,0,None,1,0
2019,21,210638,Kentucky,1,1,0,0,0,1,1,111,JEFFERSON (111),2090,LOUISVILLE,14,14,12,December,2019,7,Saturday,10,10:00am-10:59am,51,51,0,This section IS NOT on the NHS,2,Urban,6,Minor Collector,1,State Highway Agency,3,State Highway,SR-2055,,38,38,38.11992778,38.11992778,-85.795763890,-85.795763890,0,No Special Jurisdiction,23,Bridge Rail (Includes parapet),0,The First Harmful Event was Not a Collision with a Motor Vehicle in Transport,0,No,1,Non-Junction,1,Not an Intersection,0,None,,,4,On Roadside,1,Daylight,10,Cloudy,0,No Additional Atmospheric Conditions,10,Cloudy,0,No,0000000,Not Applicable,10,10:00am-10:59am,53,53,11,11:00am-11:59am,14,14,11,11:00am-11:59am,54,54,0,None,0,None,0,None,1,0
2019,21,210639,Kentucky,2,2,0,0,0,2,2,111,JEFFERSON (111),2090,LOUISVILLE,28,28,12,December,2019,7,Saturday,18,6:00pm-6:59pm,12,12,0,This section IS NOT on the NHS,2,Urban,7,Local,1,State Highway Agency,5,Local Street - Township,S 7TH ST,,5,5,38.22521389,38.22521389,-85.770019440,-85.770019440,0,No Special Jurisdiction,12,Motor Vehicle In-Transport,2,Front-to-Front,0,No,1,Non-Junction,1,Not an Intersection,0,None,,,1,On Roadway,3,Dark - Lighted,10,Cloudy,0,No Additional Atmospheric Conditions,10,Cloudy,0,No,0000000,Not Applicable,18,6:00pm-6:59pm,16,16,18,6:00pm-6:59pm,25,25,18,6:00pm-6:59pm,57,57,0,None,0,None,0,None,1,1
2019,21,210640,Kentucky,1,1,0,0,0,1,1,67,FAYETTE (67),1980,LEXINGTON-FAYETTE,29,29,12,December,2019,1,Sunday,0,0:00am-0:59am,40,40,0,This section IS NOT on the NHS,1,Rural,5,Major Collector,1,State Highway Agency,3,State Highway,SR-353,,34,34,38.11537222,38.11537222,-84.449316670,-84.449316670,0,No Special Jurisdiction,42,Tree (Standing Only),0,The First Harmful Event was Not a Collision with a Motor Vehicle in Transport,0,No,1,Non-Junction,1,Not an Intersection,0,None,,,4,On Roadside,2,Dark - Not Lighted,10,Cloudy,0,No Additional Atmospheric Conditions,10,Cloudy,0,No,0000000,Not Applicable,0,0:00am-0:59am,48,48,0,0:00am-0:59am,53,53,88,Not Applicable (Not Transported),88,Not Applicable (Not Transported),0,None,0,None,0,None,1,1
2019,21,210641,Kentucky,1,1,0,0,0,2,2,109,JACKSON (109),0,NOT APPLICABLE,29,29,12,December,2019,1,Sunday,2,2:00am-2:59am,21,21,0,This section IS NOT on the NHS,1,Rural,4,Minor Arterial,1,State Highway Agency,2,U.S. Highway,US-421,,286,286,37.51095556,37.51095556,-84.186055560,-84.186055560,0,No Special Jurisdiction,35,Embankment,0,The First Harmful Event was Not a Collision with a Motor Vehicle in Transport,0,No,1,Non-Junction,1,Not an Intersection,0,None,,,4,On Roadside,2,Dark - Not Lighted,2,Rain,0,No Additional Atmospheric Conditions,2,Rain,0,No,0000000,Not Applicable,0,0:00am-0:59am,55,55,1,1:00am-1:59am,23,23,2,2:00am-2:59am,42,42,0,None,0,None,0,None,1,0
2019,21,210642,Kentucky,1,1,0,0,0,1,1,43,CARTER (43),0,NOT APPLICABLE,29,29,12,December,2019,1,Sunday,14,2:00pm-2:59pm,50,50,1,This section IS ON the NHS,1,Rural,1,Interstate,1,State Highway Agency,1,Interstate,I-64,,1551,1551,38.32513333,38.32513333,-83.228108330,-83.228108330,0,No Special Jurisdiction,24,Guardrail Face,0,The First Harmful Event was Not a Collision with a Motor Vehicle in Transport,0,No,1,Non-Junction,1,Not an Intersection,0,None,,,4,On Roadside,1,Daylight,2,Rain,0,No Additional Atmospheric Conditions,2,Rain,0,No,0000000,Not Applicable,14,2:00pm-2:59pm,50,50,15,3:00pm-3:59pm,5,5,88,Not Applicable (Not Transported),88,Not Applicable (Not Transported),0,None,0,None,0,None,1,0
2019,21,210643,Kentucky,1,1,0,0,0,2,2,195,PIKE (195),2620,PHELPS,29,29,12,December,2019,1,Sunday,15,3:00pm-3:59pm,29,29,0,This section IS NOT on the NHS,1,Rural,4,Minor Arterial,1,State Highway Agency,3,State Highway,SR-2062,,10,10,37.50577778,37.50577778,-82.172872220,-82.172872220,0,No Special Jurisdiction,35,Embankment,0,The First Harmful Event was Not a Collision with a Motor Vehicle in Transport,0,No,1,Non-Junction,1,Not an Intersection,0,None,,,4,On Roadside,1,Daylight,10,Cloudy,0,No Additional Atmospheric Conditions,10,Cloudy,0,No,0000000,Not Applicable,15,3:00pm-3:59pm,30,30,16,4:00pm-4:59pm,17,17,17,5:00pm-5:59pm,23,23,0,None,0,None,0,None,1,0
2019,21,210644,Kentucky,1,1,0,1,1,1,1,47,CHRISTIAN (47),1620,HOPKINSVILLE,24,24,12,December,2019,3,Tuesday,14,2:00pm-2:59pm,33,33,0,This section IS NOT on the NHS,2,Urban,4,Minor Arterial,1,State Highway Agency,3,State Highway,SR-272,INDIAN TRAIL,96,96,36.86063611,36.86063611,-87.512411110,-87.512411110,0,No Special Jurisdiction,9,Pedalcyclist,0,The First Harmful Event was Not a Collision with a Motor Vehicle in Transport,0,No,3,Intersection-Related,3,T-Intersection,0,None,,,1,On Roadway,1,Daylight,1,Clear,0,No Additional Atmospheric Conditions,1,Clear,0,No,0000000,Not Applicable,14,2:00pm-2:59pm,34,34,14,2:00pm-2:59pm,37,37,14,2:00pm-2:59pm,54,54,0,None,0,None,0,None,1,0
2019,21,210645,Kentucky,1,1,0,1,1,0,0,111,JEFFERSON (111),2090,LOUISVILLE,31,31,12,December,2019,3,Tuesday,9,9:00am-9:59am,16,16,1,This section IS ON the NHS,2,Urban,1,Interstate,1,State Highway Agency,1,Interstate,I-64,,102,102,38.23643056,38.23643056,-85.660300000,-85.660300000,0,No Special Jurisdiction,8,Pedestrian,0,The First Harmful Event was Not a Collision with a Motor Vehicle in Transport,0,No,1,Non-Junction,1,Not an Intersection,0,None,,,2,On Shoulder,1,Daylight,10,Cloudy,0,No Additional Atmospheric Conditions,10,Cloudy,0,No,0000000,Not Applicable,9,9:00am-9:59am,16,16,9,9:00am-9:59am,24,24,88,Not Applicable (Not Transported),88,Not Applicable (Not Transported),24,Unstabilized Situation Began and All Harmful Events Occurred Off of the Roadway,23,Indication of a Stalled/Disabled Vehicle,0,None,1,0
2019,21,210646,Kentucky,1,1,0,1,1,1,1,147,MCCREARY (147),2562,PARKERS LAKE,31,31,12,December,2019,3,Tuesday,18,6:00pm-6:59pm,50,50,1,This section IS ON the NHS,1,Rural,3,Principal Arterial - Other,1,State Highway Agency,2,U.S. Highway,US-27,,152,152,36.81016667,36.81016667,-84.488075000,-84.488075000,0,No Special Jurisdiction,8,Pedestrian,0,The First Harmful Event was Not a Collision with a Motor Vehicle in Transport,0,No,1,Non-Junction,1,Not an Intersection,0,None,,,1,On Roadway,2,Dark - Not Lighted,1,Clear,0,No Additional Atmospheric Conditions,1,Clear,0,No,0000000,Not Applicable,18,6:00pm-6:59pm,36,36,18,6:00pm-6:59pm,44,44,88,Not Applicable (Not Transported),88,Not Applicable (Not Transported),0,None,0,None,0,None,1,0
2019,21,210647,Kentucky,1,1,0,1,1,2,2,111,JEFFERSON (111),2090,LOUISVILLE,31,31,12,December,2019,3,Tuesday,20,8:00pm-8:59pm,55,55,1,This section IS ON the NHS,2,Urban,1,Interstate,1,State Highway Agency,1,Interstate,I-64,,139,139,38.22906667,38.22906667,-85.596963890,-85.596963890,0,No Special Jurisdiction,8,Pedestrian,0,The First Harmful Event was Not a Collision with a Motor Vehicle in Transport,0,No,1,Non-Junction,1,Not an Intersection,0,None,,,1,On Roadway,2,Dark - Not Lighted,10,Cloudy,0,No Additional Atmospheric Conditions,10,Cloudy,0,No,0000000,Not Applicable,20,8:00pm-8:59pm,55,55,21,9:00pm-9:59pm,2,2,88,Not Applicable (Not Transported),88,Not Applicable (Not Transported),0,None,0,None,0,None,1,0
2019,21,210648,Kentucky,2,2,0,0,0,2,2,25,BREATHITT (25),1720,JACKSON,13,13,12,December,2019,6,Friday,14,2:00pm-2:59pm,18,18,0,This section IS NOT on the NHS,1,Rural,5,Major Collector,1,State Highway Agency,3,State Highway,SR-30,,83,83,37.50824722,37.50824722,-83.433691670,-83.433691670,0,No Special Jurisdiction,12,Motor Vehicle In-Transport,2,Front-to-Front,0,No,1,Non-Junction,1,Not an Intersection,0,None,,,1,On Roadway,1,Daylight,2,Rain,0,No Additional Atmospheric Conditions,2,Rain,0,No,0000000,Not Applicable,14,2:00pm-2:59pm,21,21,14,2:00pm-2:59pm,29,29,15,3:00pm-3:59pm,19,19,0,None,0,None,0,None,1,0
2019,21,210649,Kentucky,3,2,1,1,2,2,3,37,CAMPBELL (37),1550,HIGHLAND HEIGHTS,23,23,12,December,2019,2,Monday,13,1:00pm-1:59pm,35,35,0,This section IS NOT on the NHS,2,Urban,4,Minor Arterial,1,State Highway Agency,2,U.S. Highway,US-27,,170,170,39.03977778,39.03977778,-84.449083330,-84.449083330,0,No Special Jurisdiction,8,Pedestrian,0,The First Harmful Event was Not a Collision with a Motor Vehicle in Transport,0,No,1,Non-Junction,1,Not an Intersection,1,Construction,,,5,Outside Trafficway,1,Daylight,1,Clear,0,No Additional Atmospheric Conditions,1,Clear,0,No,0000000,Not Applicable,13,1:00pm-1:59pm,36,36,13,1:00pm-1:59pm,40,40,14,2:00pm-2:59pm,0,0,14,"Motor Vehicle struck by falling cargo,or something that came loose from or something that was set in motion by a vehicle",0,None,0,None,1,1
2019,21,210650,Kentucky,2,2,0,0,0,2,2,1,ADAIR (1),740,COLUMBIA,8,8,12,December,2019,1,Sunday,16,4:00pm-4:59pm,50,50,0,This section IS NOT on the NHS,2,Urban,7,Local,1,State Highway Agency,5,Local Street - Township,BOMAR HTS,,6,6,37.09054444,37.09054444,-85.306097220,-85.306097220,0,No Special Jurisdiction,12,Motor Vehicle In-Transport,8,Sideswipe - Opposite Direction,0,No,1,Non-Junction,1,Not an Intersection,0,None,,,1,On Roadway,6,Dark - Unknown Lighting,10,Cloudy,0,No Additional Atmospheric Conditions,10,Cloudy,0,No,0000000,Not Applicable,16,4:00pm-4:59pm,54,54,16,4:00pm-4:59pm,59,59,17,5:00pm-5:59pm,4,4,0,None,0,None,0,None,1,0
2019,21,210651,Kentucky,1,1,0,0,0,1,1,141,LOGAN (141),0,NOT APPLICABLE,16,16,12,December,2019,2,Monday,12,12:00pm-12:59pm,44,44,1,This section IS ON the NHS,1,Rural,3,Principal Arterial - Other,1,State Highway Agency,2,U.S. Highway,US-79,,92,92,36.82060278,36.82060278,-86.927958330,-86.927958330,0,No Special Jurisdiction,32,Culvert,0,The First Harmful Event was Not a Collision with a Motor Vehicle in Transport,0,No,1,Non-Junction,1,Not an Intersection,0,None,,,4,On Roadside,1,Daylight,2,Rain,0,No Additional Atmospheric Conditions,2,Rain,0,No,0000000,Not Applicable,12,12:00pm-12:59pm,49,49,13,1:00pm-1:59pm,2,2,88,Not Applicable (Not Transported),88,Not Applicable (Not Transported),0,None,0,None,0,None,1,1
2019,21,210652,Kentucky,3,3,0,0,0,5,5,203,ROCKCASTLE (203),2330,MOUNT VERNON,31,31,12,December,2019,3,Tuesday,14,2:00pm-2:59pm,36,36,1,This section IS ON the NHS,1,Rural,1,Interstate,1,State Highway Agency,1,Interstate,I-75,,712,712,37.50831389,37.50831389,-84.323963890,-84.323963890,0,No Special Jurisdiction,12,Motor Vehicle In-Transport,1,Front-to-Rear,0,No,1,Non-Junction,1,Not an Intersection,0,None,,,1,On Roadway,1,Daylight,1,Clear,0,No Additional Atmospheric Conditions,1,Clear,0,No,0000000,Not Applicable,14,2:00pm-2:59pm,37,37,14,2:00pm-2:59pm,46,46,88,Not Applicable (Not Transported),88,Not Applicable (Not Transported),14,"Motor Vehicle struck by falling cargo,or something that came loose from or something that was set in motion by a vehicle",0,None,0,None,1,0
2019,21,210653,Kentucky,2,2,0,0,0,6,6,199,PULASKI (199),3070,SOMERSET,13,13,12,December,2019,6,Friday,22,10:00pm-10:59pm,29,29,1,This section IS ON the NHS,1,Rural,3,Principal Arterial - Other,1,State Highway Agency,3,State Highway,SR-461,,23,23,37.18704167,37.18704167,-84.472316670,-84.472316670,0,No Special Jurisdiction,12,Motor Vehicle In-Transport,2,Front-to-Front,0,No,1,Non-Junction,1,Not an Intersection,0,None,,,1,On Roadway,2,Dark - Not Lighted,2,Rain,0,No Additional Atmospheric Conditions,2,Rain,0,No,0000000,Not Applicable,22,10:00pm-10:59pm,33,33,22,10:00pm-10:59pm,44,44,23,11:00pm-11:59pm,44,44,0,None,0,None,0,None,1,0