caseyear,state,st_case,statename,ve_total,ve_forms,pvh_invl,peds,pernotmvit,permvit,persons,county,countyname,city,cityname,day,dayname,month,monthname,year,day_week,day_weekname,hour,hourname,minute,minutename,nhs,nhsname,rur_urb,rur_urbname,func_sys,func_sysname,rd_owner,rd_ownername,route,routename,tway_id,tway_id2,milept,mileptname,latitude,latitudename,longitud,longitudname,sp_jur,sp_jurname,harm_ev,harm_evname,man_coll,man_collname,reljct1,reljct1name,reljct2,reljct2name,typ_int,typ_intname,wrk_zone,wrk_zonename,road_fnc,road_fncname,rel_road,rel_roadname,lgt_cond,lgt_condname,weather1,weather1name,weather2,weather2name,weather,weathername,sch_bus,sch_busname,rail,railname,not_hour,not_hourname,not_min,not_minname,arr_hour,arr_hourname,arr_min,arr_minname,hosp_hr,hosp_hrname,hosp_mn,hosp_mnname,cf1,cf1name,cf2,cf2name,cf3,cf3name,fatals,drunk_dr
2020,21,210014,Kentucky,1,1,0,1,1,1,1,71,FLOYD (71),1279,GARRETT,21,21,1,January,2020,3,Tuesday,20,8:00pm-8:59pm,16,16,1,This section IS ON the NHS,1,Rural,3,Principal Arterial - Other,1,State Highway Agency,3,State Highway,SR-80,,9,9,37.48023611,37.48023611,-82.840694440,-82.840694440,0,No Special Jurisdiction,8,Pedestrian,0,The First Harmful Event was Not a Collision with a Motor Vehicle in Transport,0,No,1,Non-Junction,1,Not an Intersection,0,None,,,1,On Roadway,2,Dark - Not Lighted,,,,,1,Clear,0,No,0000000,Not Applicable,20,8:00pm-8:59pm,19,19,20,8:00pm-8:59pm,37,37,88,"Not Applicable (Not Transported) ",88,Not Applicable (Not Transported),,,,,,,1,0
2020,21,210015,Kentucky,1,1,0,0,0,1,1,227,WARREN (227),0,NOT APPLICABLE,3,3,1,January,2020,6,Friday,12,12:00pm-12:59pm,30,30,0,This section IS NOT on the NHS,1,Rural,5,Major Collector,1,State Highway Agency,3,State Highway,SR-185,,101,101,37.13515278,37.13515278,-86.422902780,-86.422902780,0,No Special Jurisdiction,53,Mail Box,0,The First Harmful Event was Not a Collision with a Motor Vehicle in Transport,0,No,1,Non-Junction,1,Not an Intersection,0,None,,,4,On Roadside,1,Daylight,,,,,2,Rain,0,No,0000000,Not Applicable,12,12:00pm-12:59pm,37,37,12,12:00pm-12:59pm,39,39,88,"Not Applicable (Not Transported) ",88,Not Applicable (Not Transported),,,,,,,1,0
2020,21,210016,Kentucky,1,1,0,1,1,1,1,117,KENTON (117),1660,INDEPENDENCE,6,6,1,January,2020,2,Monday,7,7:00am-7:59am,22,22,0,This section IS NOT on the NHS,1,Rural,7,Local,1,State Highway Agency,5,Local Street - Township,FOREST RUN DR,,2,2,38.93473889,38.93473889,-84.551561110,-84.551561110,0,No Special Jurisdiction,8,Pedestrian,0,The First Harmful Event was Not a Collision with a Motor Vehicle in Transport,0,No,4,Driveway Access,1,Not an Intersection,0,None,,,1,On Roadway,3,Dark - Lighted,,,,,1,Clear,0,No,0000000,Not Applicable,7,7:00am-7:59am,22,22,7,7:00am-7:59am,24,24,88,"Not Applicable (Not Transported) ",88,Not Applicable (Not Transported),,,,,,,1,0
2020,21,210017,Kentucky,2,2,0,0,0,2,2,71,FLOYD (71),2670,PRESTONSBURG,7,7,1,January,2020,3,Tuesday,7,7:00am-7:59am,57,57,0,This section IS NOT on the NHS,1,Rural,4,Minor Arterial,1,State Highway Agency,3,State Highway,SR-3,,2,2,37.72220000,37.72220000,-82.783716670,-82.783716670,0,No Special Jurisdiction,12,Motor Vehicle In-Transport,2,Front-to-Front,0,No,1,Non-Junction,1,Not an Intersection,0,None,,,1,On Roadway,1,Daylight,,,,,4,Snow,0,No,0000000,Not Applicable,8,8:00am-8:59am,3,3,8,8:00am-8:59am,6,6,8,8:00am-8:59am,30,30,,,,,,,1,0
2020,21,210018,Kentucky,2,2,0,0,0,2,2,155,MARION (155),0,NOT APPLICABLE,22,22,1,January,2020,4,Wednesday,1,1:00am-1:59am,16,16,1,This section IS ON the NHS,1,Rural,3,Principal Arterial - Other,1,State Highway Agency,3,State Highway,SR-2154,,31,31,37.57495833,37.57495833,-85.275011110,-85.275011110,0,No Special Jurisdiction,12,Motor Vehicle In-Transport,8,Sideswipe - Opposite Direction,0,No,1,Non-Junction,1,Not an Intersection,0,None,,,1,On Roadway,2,Dark - Not Lighted,,,,,1,Clear,0,No,0000000,Not Applicable,1,1:00am-1:59am,18,18,1,1:00am-1:59am,23,23,2,2:00am-2:59am,10,10,,,,,,,1,1
2020,21,210019,Kentucky,4,4,0,0,0,4,4,111,JEFFERSON (111),2090,LOUISVILLE,24,24,1,January,2020,6,Friday,12,12:00pm-12:59pm,4,4,1,This section IS ON the NHS,2,Urban,3,Principal Arterial - Other,1,State Highway Agency,3,State Highway,SR-155,"Dutchmans Lane ",151,151,38.22218889,38.22218889,-85.658486110,-85.658486110,0,No Special Jurisdiction,12,Motor Vehicle In-Transport,1,Front-to-Rear,0,No,3,Intersection-Related,2,Four-Way Intersection,0,None,,,1,On Roadway,1,Daylight,,,,,10,Cloudy,0,No,0000000,Not Applicable,12,12:00pm-12:59pm,4,4,12,12:00pm-12:59pm,7,7,12,12:00pm-12:59pm,59,59,,,,,,,1,2
2020,21,210020,Kentucky,2,2,0,0,0,3,3,85,GRAYSON (85),0,NOT APPLICABLE,24,24,1,January,2020,6,Friday,18,6:00pm-6:59pm,19,19,0,This section IS NOT on the NHS,1,Rural,5,Major Collector,1,State Highway Agency,3,State Highway,SR-88,Sr-889,89,89,37.38045556,37.38045556,-86.197683330,-86.197683330,0,No Special Jurisdiction,12,Motor Vehicle In-Transport,2,Front-to-Front,0,No,2,Intersection,3,T-Intersection,0,None,,,1,On Roadway,2,Dark - Not Lighted,,,,,2,Rain,0,No,0000000,Not Applicable,17,5:00pm-5:59pm,19,19,17,5:00pm-5:59pm,34,34,17,5:00pm-5:59pm,58,58,,,,,,,1,1
2020,21,210021,Kentucky,1,1,0,0,0,1,1,111,JEFFERSON (111),2090,LOUISVILLE,22,22,1,January,2020,4,Wednesday,17,5:00pm-5:59pm,52,52,1,This section IS ON the NHS,2,Urban,1,Interstate,1,State Highway Agency,1,Interstate,I-71,,98,98,38.31851389,38.31851389,-85.569700000,-85.569700000,0,No Special Jurisdiction,24,Guardrail Face,0,The First Harmful Event was Not a Collision with a Motor Vehicle in Transport,0,No,1,Non-Junction,1,Not an Intersection,0,None,,,4,On Roadside,3,Dark - Lighted,,,,,1,Clear,0,No,0000000,Not Applicable,17,5:00pm-5:59pm,52,52,18,6:00pm-6:59pm,0,0,88,"Not Applicable (Not Transported) ",88,Not Applicable (Not Transported),,,,,,,1,0
2020,21,210022,Kentucky,1,1,0,0,0,1,1,111,JEFFERSON (111),2090,LOUISVILLE,22,22,1,January,2020,4,Wednesday,16,4:00pm-4:59pm,7,7,1,This section IS ON the NHS,1,Rural,3,Principal Arterial - Other,1,State Highway Agency,2,U.S. Highway,US-31W,,32,32,38.03810556,38.03810556,-85.908291670,-85.908291670,0,No Special Jurisdiction,30,Utility Pole/Light Support,0,The First Harmful Event was Not a Collision with a Motor Vehicle in Transport,0,No,1,Non-Junction,1,Not an Intersection,0,None,,,4,On Roadside,1,Daylight,,,,,1,Clear,0,No,0000000,Not Applicable,16,4:00pm-4:59pm,7,7,16,4:00pm-4:59pm,21,21,16,4:00pm-4:59pm,54,54,,,,,,,1,0
2020,21,210023,Kentucky,2,2,0,0,0,2,2,195,PIKE (195),2988,SHELBY GAP,28,28,1,January,2020,3,Tuesday,3,3:00am-3:59am,46,46,0,This section IS NOT on the NHS,1,Rural,5,Major Collector,1,State Highway Agency,3,State Highway,SR-805,,27,27,37.22875556,37.22875556,-82.567216670,-82.567216670,0,No Special Jurisdiction,12,Motor Vehicle In-Transport,6,Angle,0,No,1,Non-Junction,1,Not an Intersection,0,None,,,1,On Roadway,2,Dark - Not Lighted,,,,,1,Clear,0,No,0000000,Not Applicable,3,3:00am-3:59am,49,49,4,4:00am-4:59am,16,16,4,4:00am-4:59am,28,28,,,,,,,1,1
2020,21,210024,Kentucky,1,1,0,0,0,1,1,35,CALLOWAY (35),0,NOT APPLICABLE,30,30,1,January,2020,5,Thursday,18,6:00pm-6:59pm,14,14,0,This section IS NOT on the NHS,1,Rural,7,Local,1,State Highway Agency,4,County Road,CR-FLINT RD,,6,6,36.68804722,36.68804722,-88.306952780,-88.306952780,0,No Special Jurisdiction,35,Embankment,0,The First Harmful Event was Not a Collision with a Motor Vehicle in Transport,0,No,1,Non-Junction,1,Not an Intersection,0,None,,,4,On Roadside,2,Dark - Not Lighted,,,,,10,Cloudy,0,No,0000000,Not Applicable,18,6:00pm-6:59pm,22,22,18,6:00pm-6:59pm,40,40,88,"Not Applicable (Not Transported) ",88,Not Applicable (Not Transported),,,,,,,1,0
2020,21,210025,Kentucky,1,1,0,0,0,1,1,117,KENTON (117),0,NOT APPLICABLE,29,29,1,January,2020,4,Wednesday,18,6:00pm-6:59pm,38,38,0,This section IS NOT on the NHS,2,Urban,6,Minor Collector,1,State Highway Agency,3,State Highway,SR-536,,54,54,38.92693889,38.92693889,-84.526625000,-84.526625000,0,No Special Jurisdiction,1,Rollover/Overturn,0,The First Harmful Event was Not a Collision with a Motor Vehicle in Transport,0,No,1,Non-Junction,1,Not an Intersection,0,None,,,4,On Roadside,2,Dark - Not Lighted,,,,,10,Cloudy,0,No,0000000,Not Applicable,18,6:00pm-6:59pm,41,41,18,6:00pm-6:59pm,44,44,88,"Not Applicable (Not Transported) ",88,Not Applicable (Not Transported),,,,,,,1,1
2020,21,210026,Kentucky,2,2,0,0,0,2,2,199,PULASKI (199),0,NOT APPLICABLE,10,10,1,January,2020,6,Friday,14,2:00pm-2:59pm,30,30,0,This section IS NOT on the NHS,1,Rural,5,Major Collector,1,State Highway Agency,3,State Highway,SR-39,,158,158,37.30248056,37.30248056,-84.499747220,-84.499747220,0,No Special Jurisdiction,12,Motor Vehicle In-Transport,2,Front-to-Front,0,No,1,Non-Junction,1,Not an Intersection,0,None,,,1,On Roadway,1,Daylight,,,,,10,Cloudy,0,No,0000000,Not Applicable,14,2:00pm-2:59pm,33,33,15,3:00pm-3:59pm,4,4,16,4:00pm-4:59pm,4,4,,,,,,,1,0
2020,21,210027,Kentucky,2,2,0,0,0,2,2,199,PULASKI (199),0,NOT APPLICABLE,16,16,1,January,2020,5,Thursday,14,2:00pm-2:59pm,15,15,0,This section IS NOT on the NHS,2,Urban,4,Minor Arterial,1,State Highway Agency,3,State Highway,SR-90,Park Dr,23,23,36.98596944,36.98596944,-84.634180560,-84.634180560,0,No Special Jurisdiction,12,Motor Vehicle In-Transport,6,Angle,0,No,2,Intersection,3,T-Intersection,0,None,,,1,On Roadway,1,Daylight,,,,,1,Clear,0,No,0000000,Not Applicable,14,2:00pm-2:59pm,22,22,14,2:00pm-2:59pm,26,26,14,2:00pm-2:59pm,56,56,,,,,,,1,0
2020,21,210028,Kentucky,2,2,0,0,0,3,3,85,GRAYSON (85),0,NOT APPLICABLE,31,31,1,January,2020,6,Friday,9,9:00am-9:59am,2,2,0,This section IS NOT on the NHS,1,Rural,5,Major Collector,1,State Highway Agency,2,U.S. Highway,US-62,,183,183,37.47124444,37.47124444,-86.333261110,-86.333261110,0,No Special Jurisdiction,12,Motor Vehicle In-Transport,2,Front-to-Front,0,No,1,Non-Junction,1,Not an Intersection,0,None,,,1,On Roadway,1,Daylight,,,,,2,Rain,0,No,0000000,Not Applicable,8,8:00am-8:59am,2,2,8,8:00am-8:59am,10,10,8,8:00am-8:59am,25,25,,,,,,,1,0
2020,21,210029,Kentucky,1,1,0,0,0,2,2,109,JACKSON (109),0,NOT APPLICABLE,31,31,1,January,2020,6,Friday,12,12:00pm-12:59pm,28,28,0,This section IS NOT on the NHS,1,Rural,5,Major Collector,1,State Highway Agency,3,State Highway,SR-290,,21,21,37.34730278,37.34730278,-83.970266670,-83.970266670,0,No Special Jurisdiction,42,Tree (Standing Only),0,The First Harmful Event was Not a Collision with a Motor Vehicle in Transport,0,No,1,Non-Junction,1,Not an Intersection,0,None,,,4,On Roadside,1,Daylight,,,,,2,Rain,0,No,0000000,Not Applicable,12,12:00pm-12:59pm,27,27,12,12:00pm-12:59pm,36,36,13,1:00pm-1:59pm,17,17,,,,,,,1,0
2020,21,210030,Kentucky,1,1,0,0,0,1,1,181,NICHOLAS (181),560,CARLISLE,18,18,1,January,2020,7,Saturday,6,6:00am-6:59am,39,39,0,This section IS NOT on the NHS,1,Rural,5,Major Collector,1,State Highway Agency,3,State Highway,SR-32,,52,52,38.33930278,38.33930278,-84.084088890,-84.084088890,0,No Special Jurisdiction,42,Tree (Standing Only),0,The First Harmful Event was Not a Collision with a Motor Vehicle in Transport,0,No,1,Non-Junction,1,Not an Intersection,0,None,,,4,On Roadside,2,Dark - Not Lighted,,,,,10,Cloudy,0,No,0000000,Not Applicable,6,6:00am-6:59am,41,41,6,6:00am-6:59am,51,51,88,"Not Applicable (Not Transported) ",88,Not Applicable (Not Transported),,,,,,,1,0
2020,21,210031,Kentucky,2,2,0,0,0,3,3,123,LARUE (123),0,NOT APPLICABLE,19,19,1,January,2020,1,Sunday,20,8:00pm-8:59pm,4,4,0,This section IS NOT on the NHS,1,Rural,4,Minor Arterial,1,State Highway Agency,3,State Highway,SR-210,,145,145,37.49226944,37.49226944,-85.613861110,-85.613861110,0,No Special Jurisdiction,12,Motor Vehicle In-Transport,2,Front-to-Front,0,No,1,Non-Junction,1,Not an Intersection,0,None,,,1,On Roadway,2,Dark - Not Lighted,,,,,10,Cloudy,0,No,0000000,Not Applicable,20,8:00pm-8:59pm,4,4,20,8:00pm-8:59pm,14,14,20,8:00pm-8:59pm,36,36,,,,,,,2,0
2020,21,210032,Kentucky,2,2,0,0,0,4,4,37,CAMPBELL (37),0,NOT APPLICABLE,25,25,1,January,2020,7,Saturday,7,7:00am-7:59am,2,2,1,This section IS ON the NHS,1,Rural,3,Principal Arterial - Other,1,State Highway Agency,3,State Highway,SR-0009,,99998,Not Reported,38.90743889,38.90743889,-84.280427780,-84.280427780,0,No Special Jurisdiction,12,Motor Vehicle In-Transport,6,Angle,0,No,1,Non-Junction,1,Not an Intersection,0,None,,,1,On Roadway,2,Dark - Not Lighted,,,,,2,Rain,0,No,0000000,Not Applicable,7,7:00am-7:59am,25,25,7,7:00am-7:59am,51,51,8,8:00am-8:59am,19,19,,,,,,,1,0
2020,21,210033,Kentucky,4,4,0,0,0,6,6,111,JEFFERSON (111),2090,LOUISVILLE,31,31,1,January,2020,6,Friday,20,8:00pm-8:59pm,9,9,0,This section IS NOT on the NHS,2,Urban,4,Minor Arterial,1,State Highway Agency,3,State Highway,SR-1932,,12,12,38.19906944,38.19906944,-85.624347220,-85.624347220,0,No Special Jurisdiction,12,Motor Vehicle In-Transport,6,Angle,0,No,8,Driveway Access Related,1,Not an Intersection,0,None,,,1,On Roadway,3,Dark - Lighted,,,,,10,Cloudy,0,No,0000000,Not Applicable,20,8:00pm-8:59pm,20,20,20,8:00pm-8:59pm,26,26,21,9:00pm-9:59pm,2,2,,,,,,,1,1
2020,21,210034,Kentucky,1,1,0,0,0,1,1,229,WASHINGTON (229),0,NOT APPLICABLE,31,31,1,January,2020,6,Friday,1,1:00am-1:59am,0,0,0,This section IS NOT on the NHS,1,Rural,3,Principal Arterial - Other,1,State Highway Agency,3,State Highway,"SR-9002 RAMP ",HWY 55,0,None,37.86963333,37.86963333,-85.158908330,-85.158908330,0,No Special Jurisdiction,35,Embankment,0,The First Harmful Event was Not a Collision with a Motor Vehicle in Transport,1,Yes,3,Intersection-Related,3,T-Intersection,0,None,,,4,On Roadside,2,Dark - Not Lighted,,,,,1,Clear,0,No,0000000,Not Applicable,0,0:00am-0:59am,49,49,1,1:00am-1:59am,10,10,1,1:00am-1:59am,49,49,,,,,,,1,0
2020,21,210035,Kentucky,3,2,1,0,0,2,2,111,JEFFERSON (111),2090,LOUISVILLE,23,23,1,January,2020,5,Thursday,15,3:00pm-3:59pm,16,16,0,This section IS NOT on the NHS,2,Urban,4,Minor Arterial,1,State Highway Agency,3,State Highway,SR-864,,30,30,38.12066389,38.12066389,-85.615041670,-85.615041670,0,No Special Jurisdiction,12,Motor Vehicle In-Transport,2,Front-to-Front,0,No,1,Non-Junction,1,Not an Intersection,0,None,,,1,On Roadway,1,Daylight,,,,,2,Rain,0,No,0000000,Not Applicable,15,3:00pm-3:59pm,17,17,15,3:00pm-3:59pm,22,22,16,4:00pm-4:59pm,10,10,,,,,,,1,0
2020,21,210036,Kentucky,2,2,0,0,0,2,2,127,LAWRENCE (127),0,NOT APPLICABLE,17,17,1,January,2020,6,Friday,9,9:00am-9:59am,53,53,0,This section IS NOT on the NHS,1,Rural,3,Principal Arterial - Other,1,State Highway Agency,2,U.S. Highway,US-23,Sr-645,49,49,37.95231667,37.95231667,-82.668830560,-82.668830560,0,No Special Jurisdiction,12,Motor Vehicle In-Transport,6,Angle,0,No,2,Intersection,3,T-Intersection,0,None,,,1,On Roadway,1,Daylight,,,,,1,Clear,0,No,0000000,Not Applicable,9,9:00am-9:59am,59,59,10,10:00am-10:59am,23,23,10,10:00am-10:59am,35,35,,,,,,,1,0
2020,21,210037,Kentucky,4,4,0,0,0,6,6,67,FAYETTE (67),1980,LEXINGTON-FAYETTE,30,30,1,January,2020,5,Thursday,14,2:00pm-2:59pm,36,36,1,This section IS ON the NHS,2,Urban,3,Principal Arterial - Other,1,State Highway Agency,3,State Highway,SR-4,,145,145,38.01708611,38.01708611,-84.456636110,-84.456636110,0,No Special Jurisdiction,12,Motor Vehicle In-Transport,1,Front-to-Rear,0,No,1,Non-Junction,1,Not an Intersection,0,None,,,1,On Roadway,1,Daylight,,,,,10,Cloudy,0,No,0000000,Not Applicable,14,2:00pm-2:59pm,37,37,14,2:00pm-2:59pm,44,44,15,3:00pm-3:59pm,16,16,,,,,,,1,0
2020,21,210038,Kentucky,1,1,0,1,1,3,3,203,ROCKCASTLE (203),769,CONWAY,1,1,2,February,2020,7,Saturday,20,8:00pm-8:59pm,21,21,0,This section IS NOT on the NHS,1,Rural,5,Major Collector,1,State Highway Agency,2,U.S. Highway,US-25,,239,239,37.48473611,37.48473611,-84.328177780,-84.328177780,0,No Special Jurisdiction,32,Culvert,0,The First Harmful Event was Not a Collision with a Motor Vehicle in Transport,0,No,1,Non-Junction,1,Not an Intersection,0,None,,,4,On Roadside,2,Dark - Not Lighted,,,,,10,Cloudy,0,No,0000000,Not Applicable,19,7:00pm-7:59pm,48,48,19,7:00pm-7:59pm,55,55,20,8:00pm-8:59pm,14,14,,,,,,,1,0
2020,21,210039,Kentucky,1,1,0,0,0,1,1,163,MEADE (163),0,NOT APPLICABLE,2,2,2,February,2020,1,Sunday,3,3:00am-3:59am,39,39,0,This section IS NOT on the NHS,1,Rural,4,Minor Arterial,1,State Highway Agency,3,State Highway,SR-79,,0,None,37.89709167,37.89709167,-86.272605560,-86.272605560,0,No Special Jurisdiction,1,Rollover/Overturn,0,The First Harmful Event was Not a Collision with a Motor Vehicle in Transport,0,No,1,Non-Junction,1,Not an Intersection,0,None,,,4,On Roadside,2,Dark - Not Lighted,,,,,1,Clear,0,No,0000000,Not Applicable,2,2:00am-2:59am,32,32,3,3:00am-3:59am,47,47,88,"Not Applicable (Not Transported) ",88,Not Applicable (Not Transported),,,,,,,1,1
2020,21,210040,Kentucky,1,1,0,0,0,1,1,41,CARROLL (41),0,NOT APPLICABLE,1,1,2,February,2020,7,Saturday,1,1:00am-1:59am,20,20,0,This section IS NOT on the NHS,1,Rural,5,Major Collector,1,State Highway Agency,3,State Highway,SR-36,,52,52,38.71509444,38.71509444,-85.244886110,-85.244886110,0,No Special Jurisdiction,59,"Traffic Sign Support ",0,The First Harmful Event was Not a Collision with a Motor Vehicle in Transport,0,No,1,Non-Junction,1,Not an Intersection,0,None,,,4,On Roadside,2,Dark - Not Lighted,,,,,1,Clear,0,No,0000000,Not Applicable,1,1:00am-1:59am,28,28,1,1:00am-1:59am,36,36,88,"Not Applicable (Not Transported) ",88,Not Applicable (Not Transported),,,,,,,1,1
2020,21,210041,Kentucky,3,3,0,0,0,3,3,229,WASHINGTON (229),0,NOT APPLICABLE,4,4,2,February,2020,3,Tuesday,11,11:00am-11:59am,31,31,1,This section IS ON the NHS,1,Rural,3,Principal Arterial - Other,1,State Highway Agency,3,State Highway,SR-55,,1,1,37.63286111,37.63286111,-85.256783330,-85.256783330,0,No Special Jurisdiction,12,Motor Vehicle In-Transport,8,Sideswipe - Opposite Direction,0,No,1,Non-Junction,1,Not an Intersection,0,None,,,1,On Roadway,1,Daylight,,,,,2,Rain,0,No,0000000,Not Applicable,12,12:00pm-12:59pm,22,22,12,12:00pm-12:59pm,30,30,12,12:00pm-12:59pm,55,55,,,,,,,1,0
2020,21,210042,Kentucky,3,3,0,0,0,5,5,203,ROCKCASTLE (203),0,NOT APPLICABLE,5,5,2,February,2020,4,Wednesday,17,5:00pm-5:59pm,36,36,1,This section IS ON the NHS,1,Rural,1,Interstate,1,State Highway Agency,1,Interstate,I-75,,724,724,37.52400833,37.52400833,-84.320086110,-84.320086110,0,No Special Jurisdiction,12,Motor Vehicle In-Transport,1,Front-to-Rear,0,No,1,Non-Junction,1,Not an Intersection,0,None,,,1,On Roadway,5,Dusk,,,,,10,Cloudy,0,No,0000000,Not Applicable,17,5:00pm-5:59pm,38,38,17,5:00pm-5:59pm,53,53,18,6:00pm-6:59pm,34,34,,,,,,,1,0
2020,21,210043,Kentucky,1,1,0,0,0,1,1,59,DAVIESS (59),0,NOT APPLICABLE,5,5,2,February,2020,4,Wednesday,19,7:00pm-7:59pm,41,41,0,This section IS NOT on the NHS,1,Rural,7,Local,2,County Highway Agency,4,County Road,CR-POPLAR LOG BRIDGE RD,,14,14,37.63360556,37.63360556,-86.971727780,-86.971727780,0,No Special Jurisdiction,42,Tree (Standing Only),0,The First Harmful Event was Not a Collision with a Motor Vehicle in Transport,0,No,1,Non-Junction,1,Not an Intersection,0,None,,,4,On Roadside,2,Dark - Not Lighted,,,,,2,Rain,0,No,0000000,Not Applicable,19,7:00pm-7:59pm,39,39,19,7:00pm-7:59pm,53,53,88,"Not Applicable (Not Transported) ",88,Not Applicable (Not Transported),,,,,,,1,1
2020,21,210044,Kentucky,2,1,1,0,1,1,2,213,SIMPSON (213),0,NOT APPLICABLE,7,7,2,February,2020,6,Friday,6,6:00am-6:59am,20,20,1,This section IS ON the NHS,1,Rural,1,Interstate,1,State Highway Agency,1,Interstate,I-65,,60,60,36.71615833,36.71615833,-86.522047220,-86.522047220,0,No Special Jurisdiction,1,Rollover/Overturn,0,The First Harmful Event was Not a Collision with a Motor Vehicle in Transport,0,No,1,Non-Junction,1,Not an Intersection,0,None,,,8,Gore,1,Daylight,,,,,4,Snow,0,No,0000000,Not Applicable,6,6:00am-6:59am,24,24,6,6:00am-6:59am,37,37,88,"Not Applicable (Not Transported) ",88,Not Applicable (Not Transported),,,,,,,1,0
2020,21,210045,Kentucky,1,1,0,0,0,1,1,71,FLOYD (71),2180,MARTIN,7,7,2,February,2020,6,Friday,6,6:00am-6:59am,47,47,0,This section IS NOT on the NHS,1,Rural,7,Local,3,Town or Township Highway Agency,5,Local Street - Township,NEW BRIDGE RD RAMP,,1,1,37.57171389,37.57171389,-82.756955560,-82.756955560,0,No Special Jurisdiction,24,Guardrail Face,0,The First Harmful Event was Not a Collision with a Motor Vehicle in Transport,1,Yes,5,Entrance/Exit Ramp Related,1,Not an Intersection,0,None,,,4,On Roadside,1,Daylight,,,,,4,Snow,0,No,0000000,Not Applicable,6,6:00am-6:59am,55,55,7,7:00am-7:59am,14,14,7,7:00am-7:59am,23,23,,,,,,,1,0
2020,21,210046,Kentucky,2,2,0,0,0,3,3,199,PULASKI (199),0,NOT APPLICABLE,7,7,2,February,2020,6,Friday,8,8:00am-8:59am,6,6,1,This section IS ON the NHS,1,Rural,3,Principal Arterial - Other,1,State Highway Agency,3,State Highway,SR-461,,28,28,37.19370278,37.19370278,-84.468513890,-84.468513890,0,No Special Jurisdiction,12,Motor Vehicle In-Transport,2,Front-to-Front,0,No,1,Non-Junction,1,Not an Intersection,0,None,,,1,On Roadway,1,Daylight,,,,,4,Snow,0,No,0000000,Not Applicable,7,7:00am-7:59am,55,55,8,8:00am-8:59am,4,4,9,9:00am-9:59am,23,23,,,,,,,1,0
2020,21,210047,Kentucky,1,1,0,0,0,2,2,145,MCCRACKEN (145),0,NOT APPLICABLE,7,7,2,February,2020,6,Friday,14,2:00pm-2:59pm,30,30,0,This section IS NOT on the NHS,1,Rural,7,Local,63,Bureau of Fish and Wildlife,4,County Road,CR-OLD RICEVILLE RD,Woodville Rd,13,13,37.10755000,37.10755000,-88.836502780,-88.836502780,1,National Park Service,42,Tree (Standing Only),0,The First Harmful Event was Not a Collision with a Motor Vehicle in Transport,0,No,3,Intersection-Related,3,T-Intersection,0,None,,,4,On Roadside,1,Daylight,,,,,1,Clear,0,No,0000000,Not Applicable,17,5:00pm-5:59pm,59,59,18,6:00pm-6:59pm,25,25,88,"Not Applicable (Not Transported) ",88,Not Applicable (Not Transported),,,,,,,2,0
2020,21,210048,Kentucky,1,1,0,1,1,1,1,111,JEFFERSON (111),2090,LOUISVILLE,7,7,2,February,2020,6,Friday,23,11:00pm-11:59pm,48,48,0,This section IS NOT on the NHS,2,Urban,4,Minor Arterial,1,State Highway Agency,3,State Highway,SR-864,,86,86,38.16408611,38.16408611,-85.679302780,-85.679302780,0,No Special Jurisdiction,8,Pedestrian,0,The First Harmful Event was Not a Collision with a Motor Vehicle in Transport,0,No,1,Non-Junction,1,Not an Intersection,0,None,,,1,On Roadway,2,Dark - Not Lighted,,,,,1,Clear,0,No,0000000,Not Applicable,23,11:00pm-11:59pm,49,49,23,11:00pm-11:59pm,52,52,88,"Not Applicable (Not Transported) ",88,Not Applicable (Not Transported),,,,,,,1,0
2020,21,210049,Kentucky,2,2,0,0,0,5,5,59,DAVIESS (59),2490,OWENSBORO,8,8,2,February,2020,7,Saturday,22,10:00pm-10:59pm,8,8,1,This section IS ON the NHS,1,Rural,3,Principal Arterial - Other,1,State Highway Agency,2,U.S. Highway,US-60,,207,207,37.77984167,37.77984167,-87.050116670,-87.050116670,0,No Special Jurisdiction,12,Motor Vehicle In-Transport,2,Front-to-Front,0,No,1,Non-Junction,1,Not an Intersection,0,None,,,1,On Roadway,6,Dark - Unknown Lighting,,,,,10,Cloudy,0,No,0000000,Not Applicable,22,10:00pm-10:59pm,11,11,22,10:00pm-10:59pm,21,21,22,10:00pm-10:59pm,30,30,,,,,,,1,0
2020,21,210050,Kentucky,2,2,0,0,0,3,3,51,CLAY (51),0,NOT APPLICABLE,9,9,2,February,2020,1,Sunday,15,3:00pm-3:59pm,0,0,0,This section IS NOT on the NHS,1,Rural,4,Minor Arterial,1,State Highway Agency,2,U.S. Highway,US-421,,190,190,37.16593611,37.16593611,-83.769433330,-83.769433330,0,No Special Jurisdiction,12,Motor Vehicle In-Transport,2,Front-to-Front,0,No,1,Non-Junction,1,Not an Intersection,0,None,,,1,On Roadway,1,Daylight,,,,,1,Clear,0,No,0000000,Not Applicable,14,2:00pm-2:59pm,58,58,15,3:00pm-3:59pm,1,1,15,3:00pm-3:59pm,35,35,,,,,,,2,0
2020,21,210051,Kentucky,2,2,0,0,0,2,2,95,HARLAN (95),3390,WALLINS CREEK,9,9,2,February,2020,1,Sunday,18,6:00pm-6:59pm,42,42,1,This section IS ON the NHS,2,Urban,3,Principal Arterial - Other,1,State Highway Agency,2,U.S. Highway,US-119,,58,58,36.83328333,36.83328333,-83.420163890,-83.420163890,0,No Special Jurisdiction,12,Motor Vehicle In-Transport,2,Front-to-Front,0,No,1,Non-Junction,1,Not an Intersection,0,None,,,1,On Roadway,5,Dusk,,,,,10,Cloudy,0,No,0000000,Not Applicable,18,6:00pm-6:59pm,47,47,19,7:00pm-7:59pm,13,13,19,7:00pm-7:59pm,26,26,,,,,,,1,1