caseyear,state,st_case,statename,ve_total,ve_forms,pvh_invl,peds,pernotmvit,permvit,persons,county,countyname,city,cityname,day,dayname,month,monthname,year,day_week,day_weekname,hour,hourname,minute,minutename,nhs,nhsname,rur_urb,rur_urbname,func_sys,func_sysname,rd_owner,rd_ownername,route,routename,tway_id,tway_id2,milept,mileptname,latitude,latitudename,longitud,longitudname,sp_jur,sp_jurname,harm_ev,harm_evname,man_coll,man_collname,reljct1,reljct1name,reljct2,reljct2name,typ_int,typ_intname,wrk_zone,wrk_zonename,road_fnc,road_fncname,rel_road,rel_roadname,lgt_cond,lgt_condname,weather1,weather1name,weather2,weather2name,weather,weathername,sch_bus,sch_busname,rail,railname,not_hour,not_hourname,not_min,not_minname,arr_hour,arr_hourname,arr_min,arr_minname,hosp_hr,hosp_hrname,hosp_mn,hosp_mnname,cf1,cf1name,cf2,cf2name,cf3,cf3name,fatals,drunk_dr
2020,21,210090,Kentucky,1,1,0,0,0,2,2,29,BULLITT (29),0,NOT APPLICABLE,15,15,3,March,2020,1,Sunday,5,5:00am-5:59am,26,26,0,This section IS NOT on the NHS,2,Urban,4,Minor Arterial,1,State Highway Agency,3,State Highway,SR-44,,168,168,38.01492500,38.01492500,-85.638980560,-85.638980560,0,No Special Jurisdiction,35,Embankment,0,The First Harmful Event was Not a Collision with a Motor Vehicle in Transport,0,No,1,Non-Junction,1,Not an Intersection,0,None,,,4,On Roadside,2,Dark - Not Lighted,,,,,10,Cloudy,0,No,0000000,Not Applicable,5,5:00am-5:59am,27,27,5,5:00am-5:59am,43,43,88,"Not Applicable (Not Transported) ",88,Not Applicable (Not Transported),,,,,,,2,0
2020,21,210091,Kentucky,2,2,0,0,0,2,2,49,CLARK (49),3610,WINCHESTER,19,19,3,March,2020,5,Thursday,15,3:00pm-3:59pm,31,31,0,This section IS NOT on the NHS,2,Urban,4,Minor Arterial,1,State Highway Agency,2,U.S. Highway,US-60,S Burns Ave,65,65,37.99310000,37.99310000,-84.181819440,-84.181819440,0,No Special Jurisdiction,12,Motor Vehicle In-Transport,6,Angle,0,No,2,Intersection,2,Four-Way Intersection,0,None,,,1,On Roadway,1,Daylight,,,,,10,Cloudy,0,No,0000000,Not Applicable,15,3:00pm-3:59pm,32,32,15,3:00pm-3:59pm,32,32,15,3:00pm-3:59pm,44,44,,,,,,,1,0
2020,21,210092,Kentucky,2,2,0,0,0,6,6,25,BREATHITT (25),1720,JACKSON,3,3,3,March,2020,3,Tuesday,18,6:00pm-6:59pm,36,36,1,This section IS ON the NHS,1,Rural,3,Principal Arterial - Other,1,State Highway Agency,3,State Highway,SR-15,,164,164,37.55729167,37.55729167,-83.362486110,-83.362486110,0,No Special Jurisdiction,12,Motor Vehicle In-Transport,6,Angle,0,No,1,Non-Junction,1,Not an Intersection,0,None,,,1,On Roadway,2,Dark - Not Lighted,,,,,1,Clear,0,No,0000000,Not Applicable,18,6:00pm-6:59pm,39,39,18,6:00pm-6:59pm,44,44,19,7:00pm-7:59pm,10,10,,,,,,,1,0
2020,21,210093,Kentucky,1,1,0,0,0,2,2,81,GRANT (81),0,NOT APPLICABLE,8,8,3,March,2020,1,Sunday,4,4:00am-4:59am,20,20,0,This section IS NOT on the NHS,1,Rural,6,Minor Collector,1,State Highway Agency,3,State Highway,SR-467,,147,147,38.69419722,38.69419722,-84.531150000,-84.531150000,0,No Special Jurisdiction,42,Tree (Standing Only),0,The First Harmful Event was Not a Collision with a Motor Vehicle in Transport,0,No,1,Non-Junction,1,Not an Intersection,0,None,,,4,On Roadside,2,Dark - Not Lighted,,,,,1,Clear,0,No,0000000,Not Applicable,4,4:00am-4:59am,40,40,4,4:00am-4:59am,51,51,88,"Not Applicable (Not Transported) ",88,Not Applicable (Not Transported),,,,,,,2,1
2020,21,210094,Kentucky,2,2,0,0,0,3,3,71,FLOYD (71),2670,PRESTONSBURG,9,9,3,March,2020,2,Monday,18,6:00pm-6:59pm,18,18,1,This section IS ON the NHS,1,Rural,3,Principal Arterial - Other,1,State Highway Agency,2,U.S. Highway,US-23,,165,165,37.66909167,37.66909167,-82.793530560,-82.793530560,0,No Special Jurisdiction,12,Motor Vehicle In-Transport,2,Front-to-Front,0,No,8,Driveway Access Related,1,Not an Intersection,0,None,,,1,On Roadway,1,Daylight,,,,,1,Clear,0,No,0000000,Not Applicable,18,6:00pm-6:59pm,18,18,18,6:00pm-6:59pm,25,25,18,6:00pm-6:59pm,50,50,,,,,,,1,0
2020,21,210095,Kentucky,2,2,0,0,0,3,3,235,WHITLEY (235),3580,WILLIAMSBURG,14,14,3,March,2020,7,Saturday,22,10:00pm-10:59pm,37,37,0,This section IS NOT on the NHS,1,Rural,5,Major Collector,1,State Highway Agency,2,U.S. Highway,US-25W,,182,182,36.81272778,36.81272778,-84.193375000,-84.193375000,0,No Special Jurisdiction,12,Motor Vehicle In-Transport,2,Front-to-Front,0,No,1,Non-Junction,1,Not an Intersection,0,None,,,1,On Roadway,2,Dark - Not Lighted,,,,,2,Rain,0,No,0000000,Not Applicable,22,10:00pm-10:59pm,31,31,22,10:00pm-10:59pm,47,47,23,11:00pm-11:59pm,25,25,,,,,,,1,0
2020,21,210096,Kentucky,1,1,0,0,0,3,3,145,MCCRACKEN (145),0,NOT APPLICABLE,18,18,3,March,2020,4,Wednesday,20,8:00pm-8:59pm,18,18,0,This section IS NOT on the NHS,1,Rural,5,Major Collector,1,State Highway Agency,3,State Highway,SR-726,,44,44,37.05959444,37.05959444,-88.812344440,-88.812344440,0,No Special Jurisdiction,32,Culvert,0,The First Harmful Event was Not a Collision with a Motor Vehicle in Transport,0,No,1,Non-Junction,1,Not an Intersection,0,None,,,4,On Roadside,2,Dark - Not Lighted,,,,,5,"Fog, Smog, Smoke",0,No,0000000,Not Applicable,20,8:00pm-8:59pm,25,25,20,8:00pm-8:59pm,41,41,21,9:00pm-9:59pm,11,11,,,,,,,2,1
2020,21,210097,Kentucky,1,1,0,0,0,1,1,175,MORGAN (175),0,NOT APPLICABLE,18,18,3,March,2020,4,Wednesday,23,11:00pm-11:59pm,36,36,0,This section IS NOT on the NHS,1,Rural,4,Minor Arterial,1,State Highway Agency,2,U.S. Highway,US-460,,129,129,37.90555556,37.90555556,-83.368055560,-83.368055560,0,No Special Jurisdiction,24,Guardrail Face,0,The First Harmful Event was Not a Collision with a Motor Vehicle in Transport,0,No,1,Non-Junction,1,Not an Intersection,0,None,,,4,On Roadside,3,Dark - Lighted,,,,,2,Rain,0,No,0000000,Not Applicable,23,11:00pm-11:59pm,5,5,23,11:00pm-11:59pm,17,17,88,"Not Applicable (Not Transported) ",88,Not Applicable (Not Transported),,,,,,,1,0
2020,21,210098,Kentucky,1,1,0,0,0,1,1,223,TRIMBLE (223),0,NOT APPLICABLE,21,21,3,March,2020,7,Saturday,7,7:00am-7:59am,53,53,0,This section IS NOT on the NHS,1,Rural,5,Major Collector,1,State Highway Agency,3,State Highway,SR-754,,42,42,38.58435833,38.58435833,-85.341347220,-85.341347220,0,No Special Jurisdiction,32,Culvert,0,The First Harmful Event was Not a Collision with a Motor Vehicle in Transport,0,No,1,Non-Junction,1,Not an Intersection,0,None,,,4,On Roadside,1,Daylight,,,,,1,Clear,0,No,0000000,Not Applicable,8,8:00am-8:59am,13,13,8,8:00am-8:59am,13,13,88,"Not Applicable (Not Transported) ",88,Not Applicable (Not Transported),,,,,,,1,1
2020,21,210099,Kentucky,1,1,0,0,0,4,4,155,MARION (155),0,NOT APPLICABLE,22,22,3,March,2020,1,Sunday,6,6:00am-6:59am,57,57,0,This section IS NOT on the NHS,1,Rural,6,Minor Collector,1,State Highway Agency,3,State Highway,SR-1157,,43,43,37.47988056,37.47988056,-85.196225000,-85.196225000,0,No Special Jurisdiction,34,Ditch,0,The First Harmful Event was Not a Collision with a Motor Vehicle in Transport,0,No,1,Non-Junction,1,Not an Intersection,0,None,,,4,On Roadside,4,Dawn,,,,,1,Clear,0,No,0000000,Not Applicable,6,6:00am-6:59am,58,58,7,7:00am-7:59am,16,16,8,8:00am-8:59am,10,10,,,,,,,2,1
2020,21,210100,Kentucky,1,1,0,0,0,1,1,163,MEADE (163),0,NOT APPLICABLE,23,23,3,March,2020,2,Monday,14,2:00pm-2:59pm,55,55,0,This section IS NOT on the NHS,1,Rural,6,Minor Collector,1,State Highway Agency,3,State Highway,SR-1692,,18,18,37.99412500,37.99412500,-86.216163890,-86.216163890,0,No Special Jurisdiction,32,Culvert,0,The First Harmful Event was Not a Collision with a Motor Vehicle in Transport,0,No,1,Non-Junction,1,Not an Intersection,0,None,,,4,On Roadside,1,Daylight,,,,,1,Clear,0,No,0000000,Not Applicable,14,2:00pm-2:59pm,59,59,15,3:00pm-3:59pm,4,4,15,3:00pm-3:59pm,26,26,,,,,,,1,1
2020,21,210101,Kentucky,1,1,0,1,1,1,1,111,JEFFERSON (111),2090,LOUISVILLE,24,24,3,March,2020,3,Tuesday,21,9:00pm-9:59pm,39,39,1,This section IS ON the NHS,2,Urban,4,Minor Arterial,1,State Highway Agency,3,State Highway,SR-61,E. Indian Trail,63,63,38.16876111,38.16876111,-85.706575000,-85.706575000,0,No Special Jurisdiction,15,Non-Motorist on Personal Conveyance,0,The First Harmful Event was Not a Collision with a Motor Vehicle in Transport,0,No,3,Intersection-Related,2,Four-Way Intersection,0,None,,,1,On Roadway,3,Dark - Lighted,,,,,2,Rain,0,No,0000000,Not Applicable,21,9:00pm-9:59pm,40,40,21,9:00pm-9:59pm,45,45,22,10:00pm-10:59pm,19,19,,,,,,,1,0
2020,21,210102,Kentucky,1,1,0,0,0,1,1,195,PIKE (195),1010,ELKHORN CITY,26,26,3,March,2020,5,Thursday,2,2:00am-2:59am,28,28,0,This section IS NOT on the NHS,1,Rural,6,Minor Collector,1,State Highway Agency,3,State Highway,SR-195,,43,43,37.30605278,37.30605278,-82.475605560,-82.475605560,0,No Special Jurisdiction,1,Rollover/Overturn,0,The First Harmful Event was Not a Collision with a Motor Vehicle in Transport,0,No,1,Non-Junction,1,Not an Intersection,0,None,,,4,On Roadside,2,Dark - Not Lighted,,,,,1,Clear,0,No,0000000,Not Applicable,2,2:00am-2:59am,35,35,3,3:00am-3:59am,2,2,88,"Not Applicable (Not Transported) ",88,Not Applicable (Not Transported),,,,,,,1,1
2020,21,210103,Kentucky,2,2,0,0,0,2,2,165,MENIFEE (165),1250,FRENCHBURG,28,28,3,March,2020,7,Saturday,12,12:00pm-12:59pm,14,14,0,This section IS NOT on the NHS,1,Rural,5,Major Collector,1,State Highway Agency,3,State Highway,SR-36,,47,47,37.96846944,37.96846944,-83.612625000,-83.612625000,0,No Special Jurisdiction,12,Motor Vehicle In-Transport,8,Sideswipe - Opposite Direction,0,No,8,Driveway Access Related,1,Not an Intersection,0,None,,,1,On Roadway,1,Daylight,,,,,1,Clear,0,No,0000000,Not Applicable,12,12:00pm-12:59pm,14,14,12,12:00pm-12:59pm,19,19,88,"Not Applicable (Not Transported) ",88,Not Applicable (Not Transported),,,,,,,1,0
2020,21,210104,Kentucky,1,1,0,0,0,1,1,67,FAYETTE (67),1980,LEXINGTON-FAYETTE,29,29,3,March,2020,1,Sunday,5,5:00am-5:59am,59,59,0,This section IS NOT on the NHS,1,Rural,5,Major Collector,1,State Highway Agency,3,State Highway,SR-353,,59,59,38.13943333,38.13943333,-84.416544440,-84.416544440,0,No Special Jurisdiction,42,Tree (Standing Only),0,The First Harmful Event was Not a Collision with a Motor Vehicle in Transport,0,No,1,Non-Junction,1,Not an Intersection,0,None,,,4,On Roadside,2,Dark - Not Lighted,,,,,10,Cloudy,0,No,0000000,Not Applicable,6,6:00am-6:59am,1,1,6,6:00am-6:59am,7,7,88,"Not Applicable (Not Transported) ",88,Not Applicable (Not Transported),,,,,,,1,1
2020,21,210105,Kentucky,2,2,0,0,0,1,1,111,JEFFERSON (111),2090,LOUISVILLE,30,30,3,March,2020,2,Monday,5,5:00am-5:59am,21,21,1,This section IS ON the NHS,2,Urban,2,Principal Arterial - Other Freeways and Expressways,1,State Highway Agency,3,State Highway,SR-841,,47,47,38.11250278,38.11250278,-85.799300000,-85.799300000,0,No Special Jurisdiction,12,Motor Vehicle In-Transport,6,Angle,0,No,1,Non-Junction,1,Not an Intersection,0,None,,,1,On Roadway,2,Dark - Not Lighted,,,,,10,Cloudy,0,No,0000000,Not Applicable,5,5:00am-5:59am,21,21,5,5:00am-5:59am,29,29,88,"Not Applicable (Not Transported) ",88,Not Applicable (Not Transported),,,,,,,1,0
2020,21,210106,Kentucky,2,1,1,0,1,1,2,197,POWELL (197),0,NOT APPLICABLE,30,30,3,March,2020,2,Monday,7,7:00am-7:59am,46,46,1,This section IS ON the NHS,1,Rural,3,Principal Arterial - Other,1,State Highway Agency,3,State Highway,SR-9000,,154,154,37.87906667,37.87906667,-83.952261110,-83.952261110,0,No Special Jurisdiction,14,Parked Motor Vehicle,0,The First Harmful Event was Not a Collision with a Motor Vehicle in Transport,0,No,1,Non-Junction,1,Not an Intersection,0,None,,,2,On Shoulder,1,Daylight,,,,,1,Clear,0,No,0000000,Not Applicable,7,7:00am-7:59am,47,47,7,7:00am-7:59am,50,50,8,8:00am-8:59am,20,20,,,,,,,1,0
2020,21,210107,Kentucky,2,2,0,0,0,3,3,111,JEFFERSON (111),2090,LOUISVILLE,31,31,3,March,2020,3,Tuesday,14,2:00pm-2:59pm,10,10,0,This section IS NOT on the NHS,2,Urban,7,Local,4,City or Municipal Highway Agency,6,Local Street - Municipality,BLANKENBAKER RD,Shining Water Rd,5,5,38.20716944,38.20716944,-85.543561110,-85.543561110,0,No Special Jurisdiction,12,Motor Vehicle In-Transport,6,Angle,0,No,2,Intersection,3,T-Intersection,0,None,,,1,On Roadway,1,Daylight,,,,,10,Cloudy,0,No,0000000,Not Applicable,14,2:00pm-2:59pm,4,4,14,2:00pm-2:59pm,10,10,88,"Not Applicable (Not Transported) ",88,Not Applicable (Not Transported),,,,,,,1,0
2020,21,210108,Kentucky,1,1,0,0,0,1,1,111,JEFFERSON (111),2090,LOUISVILLE,28,28,3,March,2020,7,Saturday,21,9:00pm-9:59pm,6,6,1,This section IS ON the NHS,2,Urban,1,Interstate,1,State Highway Agency,1,Interstate,I-65,,1258,1258,38.14295000,38.14295000,-85.709736110,-85.709736110,0,No Special Jurisdiction,34,Ditch,0,The First Harmful Event was Not a Collision with a Motor Vehicle in Transport,0,No,1,Non-Junction,1,Not an Intersection,0,None,,,4,On Roadside,3,Dark - Lighted,,,,,10,Cloudy,0,No,0000000,Not Applicable,21,9:00pm-9:59pm,6,6,21,9:00pm-9:59pm,10,10,21,9:00pm-9:59pm,25,25,,,,,,,1,0
2020,21,210109,Kentucky,4,2,2,0,0,4,4,151,MADISON (151),0,NOT APPLICABLE,4,4,3,March,2020,4,Wednesday,14,2:00pm-2:59pm,21,21,0,This section IS NOT on the NHS,2,Urban,4,Minor Arterial,1,State Highway Agency,2,U.S. Highway,US-25,W Rice Ln,114,114,37.67923889,37.67923889,-84.261252780,-84.261252780,1,National Park Service,12,Motor Vehicle In-Transport,6,Angle,0,No,2,Intersection,2,Four-Way Intersection,0,None,,,1,On Roadway,1,Daylight,,,,,1,Clear,0,No,0000000,Not Applicable,14,2:00pm-2:59pm,22,22,14,2:00pm-2:59pm,27,27,15,3:00pm-3:59pm,21,21,,,,,,,1,0
2020,21,210110,Kentucky,1,1,0,0,0,1,1,17,BOURBON (17),0,NOT APPLICABLE,13,13,3,March,2020,6,Friday,4,4:00am-4:59am,30,30,0,This section IS NOT on the NHS,1,Rural,4,Minor Arterial,1,State Highway Agency,2,U.S. Highway,US-460,,57,57,38.21900000,38.21900000,-84.311561110,-84.311561110,0,No Special Jurisdiction,42,Tree (Standing Only),0,The First Harmful Event was Not a Collision with a Motor Vehicle in Transport,0,No,1,Non-Junction,1,Not an Intersection,0,None,,,4,On Roadside,2,Dark - Not Lighted,,,,,2,Rain,0,No,0000000,Not Applicable,3,3:00am-3:59am,59,59,4,4:00am-4:59am,7,7,88,"Not Applicable (Not Transported) ",88,Not Applicable (Not Transported),,,,,,,1,1
2020,21,210111,Kentucky,1,1,0,0,0,2,2,235,WHITLEY (235),0,NOT APPLICABLE,21,21,3,March,2020,7,Saturday,11,11:00am-11:59am,10,10,0,This section IS NOT on the NHS,1,Rural,6,Minor Collector,1,State Highway Agency,3,State Highway,SR-3423,,18,18,36.83474167,36.83474167,-84.087963890,-84.087963890,0,No Special Jurisdiction,35,Embankment,0,The First Harmful Event was Not a Collision with a Motor Vehicle in Transport,0,No,1,Non-Junction,1,Not an Intersection,0,None,,,4,On Roadside,1,Daylight,,,,,1,Clear,0,No,0000000,Not Applicable,11,11:00am-11:59am,15,15,11,11:00am-11:59am,31,31,12,12:00pm-12:59pm,43,43,,,,,,,1,0
2020,21,210112,Kentucky,1,1,0,0,0,1,1,81,GRANT (81),940,DRY RIDGE,25,25,3,March,2020,4,Wednesday,23,11:00pm-11:59pm,32,32,0,This section IS NOT on the NHS,1,Rural,5,Major Collector,1,State Highway Agency,2,U.S. Highway,US-25,,160,160,38.68620278,38.68620278,-84.589469440,-84.589469440,0,No Special Jurisdiction,59,"Traffic Sign Support ",0,The First Harmful Event was Not a Collision with a Motor Vehicle in Transport,0,No,1,Non-Junction,1,Not an Intersection,0,None,,,4,On Roadside,3,Dark - Lighted,,,,,1,Clear,0,No,0000000,Not Applicable,23,11:00pm-11:59pm,36,36,23,11:00pm-11:59pm,38,38,88,"Not Applicable (Not Transported) ",88,Not Applicable (Not Transported),,,,,,,1,1
2020,21,210113,Kentucky,1,1,0,1,1,1,1,17,BOURBON (17),2540,PARIS,28,28,3,March,2020,7,Saturday,0,0:00am-0:59am,41,41,0,This section IS NOT on the NHS,2,Urban,7,Local,1,State Highway Agency,6,Local Street - Municipality,DUNCAN AVE,Pleasant ST,99998,Not Reported,38.21072500,38.21072500,-84.250133330,-84.250133330,0,No Special Jurisdiction,8,Pedestrian,0,The First Harmful Event was Not a Collision with a Motor Vehicle in Transport,0,No,3,Intersection-Related,3,T-Intersection,0,None,,,1,On Roadway,6,Dark - Unknown Lighting,,,,,1,Clear,0,No,0000000,Not Applicable,0,0:00am-0:59am,47,47,0,0:00am-0:59am,50,50,99,Unknown,99,Unknown EMS Hospital Arrival Time,,,,,,,1,0
2020,21,210114,Kentucky,1,1,0,0,0,1,1,141,LOGAN (141),0,NOT APPLICABLE,28,28,3,March,2020,7,Saturday,12,12:00pm-12:59pm,36,36,0,This section IS NOT on the NHS,1,Rural,4,Minor Arterial,1,State Highway Agency,3,State Highway,"SR-100 ",,66,66,36.78532222,36.78532222,-86.782730560,-86.782730560,0,No Special Jurisdiction,24,Guardrail Face,0,The First Harmful Event was Not a Collision with a Motor Vehicle in Transport,0,No,1,Non-Junction,1,Not an Intersection,0,None,,,4,On Roadside,1,Daylight,,,,,1,Clear,0,No,0000000,Not Applicable,12,12:00pm-12:59pm,45,45,12,12:00pm-12:59pm,54,54,88,"Not Applicable (Not Transported) ",88,Not Applicable (Not Transported),,,,,,,1,1
2020,21,210115,Kentucky,1,1,0,0,0,1,1,9,BARREN (9),0,NOT APPLICABLE,20,20,3,March,2020,6,Friday,10,10:00am-10:59am,0,0,1,This section IS ON the NHS,1,Rural,3,Principal Arterial - Other,1,State Highway Agency,3,State Highway,SR-9008,,2,2,37.05603611,37.05603611,-86.108080560,-86.108080560,0,No Special Jurisdiction,25,Concrete Traffic Barrier,0,The First Harmful Event was Not a Collision with a Motor Vehicle in Transport,0,No,1,Non-Junction,1,Not an Intersection,0,None,,,3,On Median,1,Daylight,,,,,1,Clear,0,No,0000000,Not Applicable,11,11:00am-11:59am,18,18,11,11:00am-11:59am,28,28,11,11:00am-11:59am,55,55,,,,,,,1,0
2020,21,210116,Kentucky,1,1,0,1,1,1,1,133,LETCHER (133),0,NOT APPLICABLE,29,29,3,March,2020,1,Sunday,23,11:00pm-11:59pm,13,13,0,This section IS NOT on the NHS,1,Rural,5,Major Collector,1,State Highway Agency,3,State Highway,SR-7,,239,239,37.23242500,37.23242500,-82.793172220,-82.793172220,0,No Special Jurisdiction,8,Pedestrian,0,The First Harmful Event was Not a Collision with a Motor Vehicle in Transport,0,No,1,Non-Junction,1,Not an Intersection,0,None,,,1,On Roadway,2,Dark - Not Lighted,,,,,1,Clear,0,No,0000000,Not Applicable,23,11:00pm-11:59pm,13,13,23,11:00pm-11:59pm,32,32,88,"Not Applicable (Not Transported) ",88,Not Applicable (Not Transported),,,,,,,1,0
2020,21,210117,Kentucky,1,1,0,0,0,1,1,147,MCCREARY (147),3545,WHITLEY CITY,6,6,3,March,2020,6,Friday,12,12:00pm-12:59pm,36,36,0,This section IS NOT on the NHS,1,Rural,6,Minor Collector,1,State Highway Agency,3,State Highway,SR-478,,36,36,36.73062778,36.73062778,-84.412433330,-84.412433330,0,No Special Jurisdiction,42,Tree (Standing Only),0,The First Harmful Event was Not a Collision with a Motor Vehicle in Transport,0,No,1,Non-Junction,1,Not an Intersection,0,None,,,4,On Roadside,1,Daylight,,,,,1,Clear,0,No,0000000,Not Applicable,12,12:00pm-12:59pm,37,37,12,12:00pm-12:59pm,44,44,13,1:00pm-1:59pm,10,10,,,,,,,1,0
2020,21,210118,Kentucky,2,2,0,0,0,3,3,17,BOURBON (17),2240,MILLERSBURG,30,30,1,January,2020,5,Thursday,6,6:00am-6:59am,15,15,9,Unknown if this section is on the NHS,1,Rural,98,Not Reported,1,State Highway Agency,2,U.S. Highway,US-68,SR-1879,99998,Not Reported,38.31170278,38.31170278,-84.146244440,-84.146244440,0,No Special Jurisdiction,12,Motor Vehicle In-Transport,6,Angle,0,No,2,Intersection,2,Four-Way Intersection,0,None,,,1,On Roadway,2,Dark - Not Lighted,,,,,1,Clear,0,No,0000000,Not Applicable,6,6:00am-6:59am,37,37,6,6:00am-6:59am,47,47,7,7:00am-7:59am,31,31,,,,,,,1,0
2020,21,210119,Kentucky,1,1,0,0,0,1,1,209,SCOTT (209),0,NOT APPLICABLE,1,1,4,April,2020,4,Wednesday,20,8:00pm-8:59pm,11,11,1,This section IS ON the NHS,1,Rural,1,Interstate,1,State Highway Agency,1,Interstate,I-75,,1364,1364,38.37872778,38.37872778,-84.570150000,-84.570150000,0,No Special Jurisdiction,24,Guardrail Face,0,The First Harmful Event was Not a Collision with a Motor Vehicle in Transport,0,No,1,Non-Junction,1,Not an Intersection,0,None,,,4,On Roadside,1,Daylight,,,,,1,Clear,0,No,0000000,Not Applicable,20,8:00pm-8:59pm,13,13,20,8:00pm-8:59pm,25,25,88,"Not Applicable (Not Transported) ",88,Not Applicable (Not Transported),,,,,,,1,0
2020,21,210120,Kentucky,2,2,0,0,0,4,4,111,JEFFERSON (111),2090,LOUISVILLE,1,1,4,April,2020,4,Wednesday,6,6:00am-6:59am,9,9,0,This section IS NOT on the NHS,2,Urban,4,Minor Arterial,1,State Highway Agency,3,State Highway,SR-1819,,69,69,38.16430833,38.16430833,-85.567330560,-85.567330560,0,No Special Jurisdiction,12,Motor Vehicle In-Transport,2,Front-to-Front,0,No,1,Non-Junction,1,Not an Intersection,0,None,,,1,On Roadway,2,Dark - Not Lighted,,,,,1,Clear,0,No,0000000,Not Applicable,6,6:00am-6:59am,13,13,6,6:00am-6:59am,21,21,6,6:00am-6:59am,47,47,,,,,,,1,0
2020,21,210121,Kentucky,1,1,0,0,0,2,2,27,BRECKINRIDGE (27),2132,MCDANIELS,3,3,4,April,2020,6,Friday,22,10:00pm-10:59pm,25,25,0,This section IS NOT on the NHS,1,Rural,4,Minor Arterial,1,State Highway Agency,3,State Highway,SR-79,FENTRESS VILLAGE DR,55,55,37.62493333,37.62493333,-86.439936110,-86.439936110,0,No Special Jurisdiction,1,Rollover/Overturn,0,The First Harmful Event was Not a Collision with a Motor Vehicle in Transport,0,No,2,Intersection,3,T-Intersection,0,None,,,1,On Roadway,2,Dark - Not Lighted,,,,,1,Clear,0,No,0000000,Not Applicable,22,10:00pm-10:59pm,52,52,23,11:00pm-11:59pm,6,6,0,0:00am-0:59am,0,0,,,,,,,1,1
2020,21,210122,Kentucky,2,2,0,0,0,2,2,107,HOPKINS (107),0,NOT APPLICABLE,4,4,4,April,2020,7,Saturday,5,5:00am-5:59am,27,27,0,This section IS NOT on the NHS,1,Rural,4,Minor Arterial,1,State Highway Agency,2,U.S. Highway,US-41,,94,94,37.38117500,37.38117500,-87.653902780,-87.653902780,0,No Special Jurisdiction,12,Motor Vehicle In-Transport,2,Front-to-Front,0,No,1,Non-Junction,1,Not an Intersection,0,None,,,1,On Roadway,2,Dark - Not Lighted,,,,,1,Clear,0,No,0000000,Not Applicable,5,5:00am-5:59am,45,45,6,6:00am-6:59am,7,7,7,7:00am-7:59am,8,8,,,,,,,1,0
2020,21,210123,Kentucky,2,2,0,0,0,3,3,15,BOONE (15),0,NOT APPLICABLE,5,5,4,April,2020,1,Sunday,20,8:00pm-8:59pm,5,5,0,This section IS NOT on the NHS,2,Urban,4,Minor Arterial,1,State Highway Agency,3,State Highway,SR-1017,SR-18,0,None,39.01769444,39.01769444,-84.680466670,-84.680466670,0,No Special Jurisdiction,30,Utility Pole/Light Support,0,The First Harmful Event was Not a Collision with a Motor Vehicle in Transport,0,No,3,Intersection-Related,2,Four-Way Intersection,0,None,,,4,On Roadside,3,Dark - Lighted,,,,,1,Clear,0,No,0000000,Not Applicable,20,8:00pm-8:59pm,8,8,20,8:00pm-8:59pm,15,15,88,"Not Applicable (Not Transported) ",88,Not Applicable (Not Transported),,,,,,,1,0
2020,21,210124,Kentucky,2,2,0,0,0,3,3,49,CLARK (49),0,NOT APPLICABLE,7,7,4,April,2020,3,Tuesday,4,4:00am-4:59am,38,38,1,This section IS ON the NHS,2,Urban,3,Principal Arterial - Other,1,State Highway Agency,3,State Highway,SR-627,,40,40,37.94909722,37.94909722,-84.220755560,-84.220755560,0,No Special Jurisdiction,12,Motor Vehicle In-Transport,8,Sideswipe - Opposite Direction,0,No,1,Non-Junction,1,Not an Intersection,0,None,,,1,On Roadway,6,Dark - Unknown Lighting,,,,,1,Clear,0,No,0000000,Not Applicable,4,4:00am-4:59am,38,38,4,4:00am-4:59am,45,45,5,5:00am-5:59am,25,25,,,,,,,2,0
2020,21,210125,Kentucky,1,1,0,0,0,1,1,111,JEFFERSON (111),2090,LOUISVILLE,4,4,4,April,2020,7,Saturday,3,3:00am-3:59am,5,5,1,This section IS ON the NHS,2,Urban,1,Interstate,1,State Highway Agency,1,Interstate,I-264,,2,2,38.21050556,38.21050556,-85.671569440,-85.671569440,0,No Special Jurisdiction,35,Embankment,0,The First Harmful Event was Not a Collision with a Motor Vehicle in Transport,1,Yes,5,Entrance/Exit Ramp Related,1,Not an Intersection,0,None,,,8,Gore,3,Dark - Lighted,,,,,1,Clear,0,No,0000000,Not Applicable,3,3:00am-3:59am,5,5,3,3:00am-3:59am,11,11,3,3:00am-3:59am,51,51,,,,,,,1,1
2020,21,210126,Kentucky,1,1,0,0,0,2,2,9,BARREN (9),0,NOT APPLICABLE,6,6,4,April,2020,2,Monday,14,2:00pm-2:59pm,17,17,0,This section IS NOT on the NHS,1,Rural,7,Local,2,County Highway Agency,5,Local Street - Township,CR-BETHEL CHURCH RD,,4,4,36.95969167,36.95969167,-85.848922220,-85.848922220,0,No Special Jurisdiction,1,Rollover/Overturn,0,The First Harmful Event was Not a Collision with a Motor Vehicle in Transport,0,No,1,Non-Junction,1,Not an Intersection,0,None,,,1,On Roadway,1,Daylight,,,,,1,Clear,0,No,0000000,Not Applicable,14,2:00pm-2:59pm,17,17,14,2:00pm-2:59pm,22,22,14,2:00pm-2:59pm,58,58,,,,,,,1,1