caseyear,state,st_case,statename,ve_total,ve_forms,pvh_invl,peds,pernotmvit,permvit,persons,county,countyname,city,cityname,day,dayname,month,monthname,year,day_week,day_weekname,hour,hourname,minute,minutename,nhs,nhsname,rur_urb,rur_urbname,func_sys,func_sysname,rd_owner,rd_ownername,route,routename,tway_id,tway_id2,milept,mileptname,latitude,latitudename,longitud,longitudname,sp_jur,sp_jurname,harm_ev,harm_evname,man_coll,man_collname,reljct1,reljct1name,reljct2,reljct2name,typ_int,typ_intname,wrk_zone,wrk_zonename,road_fnc,road_fncname,rel_road,rel_roadname,lgt_cond,lgt_condname,weather1,weather1name,weather2,weather2name,weather,weathername,sch_bus,sch_busname,rail,railname,not_hour,not_hourname,not_min,not_minname,arr_hour,arr_hourname,arr_min,arr_minname,hosp_hr,hosp_hrname,hosp_mn,hosp_mnname,cf1,cf1name,cf2,cf2name,cf3,cf3name,fatals,drunk_dr
2020,21,210320,Kentucky,1,1,0,0,0,1,1,59,DAVIESS (59),2490,OWENSBORO,7,7,7,July,2020,3,Tuesday,18,6:00pm-6:59pm,49,49,0,This section IS NOT on the NHS,2,Urban,7,Local,1,State Highway Agency,5,Local Street - Township,PENNBROOKE AVE,W 5TH ST,0,None,37.76858333,37.76858333,-87.143022220,-87.143022220,0,No Special Jurisdiction,31,"Post, Pole or Other Supports",0,The First Harmful Event was Not a Collision with a Motor Vehicle in Transport,0,No,3,Intersection-Related,3,T-Intersection,0,None,,,4,On Roadside,1,Daylight,,,,,1,Clear,0,No,0000000,Not Applicable,18,6:00pm-6:59pm,50,50,18,6:00pm-6:59pm,53,53,19,7:00pm-7:59pm,19,19,,,,,,,1,1
2020,21,210321,Kentucky,1,1,0,0,0,1,1,107,HOPKINS (107),0,NOT APPLICABLE,13,13,7,July,2020,2,Monday,0,0:00am-0:59am,18,18,0,This section IS NOT on the NHS,1,Rural,5,Major Collector,1,State Highway Agency,3,State Highway,SR-138,,63,63,37.51893889,37.51893889,-87.390575000,-87.390575000,0,No Special Jurisdiction,42,Tree (Standing Only),0,The First Harmful Event was Not a Collision with a Motor Vehicle in Transport,0,No,1,Non-Junction,1,Not an Intersection,0,None,,,4,On Roadside,2,Dark - Not Lighted,,,,,5,"Fog, Smog, Smoke",0,No,0000000,Not Applicable,5,5:00am-5:59am,36,36,5,5:00am-5:59am,59,59,88,"Not Applicable (Not Transported) ",88,Not Applicable (Not Transported),,,,,,,1,1
2020,21,210322,Kentucky,1,1,0,0,0,3,3,59,DAVIESS (59),2490,OWENSBORO,10,10,7,July,2020,6,Friday,23,11:00pm-11:59pm,38,38,0,This section IS NOT on the NHS,2,Urban,7,Local,1,State Highway Agency,5,Local Street - Township,BLK MEDLEY RD,,4,4,37.79200278,37.79200278,-87.174705560,-87.174705560,0,No Special Jurisdiction,42,Tree (Standing Only),0,The First Harmful Event was Not a Collision with a Motor Vehicle in Transport,0,No,1,Non-Junction,1,Not an Intersection,0,None,,,4,On Roadside,2,Dark - Not Lighted,,,,,1,Clear,0,No,0000000,Not Applicable,23,11:00pm-11:59pm,39,39,23,11:00pm-11:59pm,46,46,0,0:00am-0:59am,25,25,,,,,,,1,1
2020,21,210323,Kentucky,1,1,0,1,1,1,1,111,JEFFERSON (111),2090,LOUISVILLE,15,15,7,July,2020,4,Wednesday,0,0:00am-0:59am,34,34,1,This section IS ON the NHS,2,Urban,1,Interstate,1,State Highway Agency,1,Interstate,I-65,,1311,1311,38.19520833,38.19520833,-85.733069440,-85.733069440,0,No Special Jurisdiction,8,Pedestrian,0,The First Harmful Event was Not a Collision with a Motor Vehicle in Transport,0,No,1,Non-Junction,1,Not an Intersection,0,None,,,1,On Roadway,2,Dark - Not Lighted,,,,,1,Clear,0,No,0000000,Not Applicable,0,0:00am-0:59am,41,41,0,0:00am-0:59am,47,47,1,1:00am-1:59am,16,16,,,,,,,1,0
2020,21,210324,Kentucky,1,1,0,0,0,2,2,111,JEFFERSON (111),2090,LOUISVILLE,12,12,7,July,2020,1,Sunday,19,7:00pm-7:59pm,39,39,1,This section IS ON the NHS,2,Urban,1,Interstate,1,State Highway Agency,1,Interstate,I-64,,68,68,38.25215556,38.25215556,-85.717458330,-85.717458330,0,No Special Jurisdiction,57,Cable Barrier,0,The First Harmful Event was Not a Collision with a Motor Vehicle in Transport,0,No,1,Non-Junction,1,Not an Intersection,0,None,,,3,On Median,1,Daylight,,,,,1,Clear,0,No,0000000,Not Applicable,19,7:00pm-7:59pm,43,43,19,7:00pm-7:59pm,45,45,20,8:00pm-8:59pm,0,0,,,,,,,1,0
2020,21,210325,Kentucky,2,2,0,0,0,2,2,93,HARDIN (93),1000,ELIZABETHTOWN,14,14,7,July,2020,3,Tuesday,6,6:00am-6:59am,45,45,0,This section IS NOT on the NHS,2,Urban,4,Minor Arterial,1,State Highway Agency,2,U.S. Highway,US-62,,148,148,37.67395833,37.67395833,-85.905983330,-85.905983330,0,No Special Jurisdiction,12,Motor Vehicle In-Transport,1,Front-to-Rear,0,No,1,Non-Junction,1,Not an Intersection,0,None,,,1,On Roadway,1,Daylight,,,,,1,Clear,0,No,0000000,Not Applicable,6,6:00am-6:59am,48,48,6,6:00am-6:59am,57,57,88,"Not Applicable (Not Transported) ",88,Not Applicable (Not Transported),,,,,,,1,0
2020,21,210326,Kentucky,2,2,0,0,0,2,2,45,CASEY (45),0,NOT APPLICABLE,16,16,7,July,2020,5,Thursday,10,10:00am-10:59am,54,54,0,This section IS NOT on the NHS,1,Rural,5,Major Collector,1,State Highway Agency,3,State Highway,SR-70,GUM LICK RD,42,42,37.29405278,37.29405278,-85.101763890,-85.101763890,0,No Special Jurisdiction,12,Motor Vehicle In-Transport,6,Angle,0,No,2,Intersection,3,T-Intersection,0,None,,,1,On Roadway,1,Daylight,,,,,1,Clear,0,No,0000000,Not Applicable,10,10:00am-10:59am,40,40,10,10:00am-10:59am,52,52,10,10:00am-10:59am,52,52,,,,,,,1,0
2020,21,210327,Kentucky,2,2,0,0,0,2,2,199,PULASKI (199),3070,SOMERSET,16,16,7,July,2020,5,Thursday,14,2:00pm-2:59pm,17,17,1,This section IS ON the NHS,2,Urban,3,Principal Arterial - Other,1,State Highway Agency,3,State Highway,SR-914,JORDANS WAY,126,126,37.09696389,37.09696389,-84.567283330,-84.567283330,0,No Special Jurisdiction,12,Motor Vehicle In-Transport,1,Front-to-Rear,0,No,3,Intersection-Related,2,Four-Way Intersection,0,None,,,1,On Roadway,1,Daylight,,,,,1,Clear,0,No,0000000,Not Applicable,14,2:00pm-2:59pm,19,19,14,2:00pm-2:59pm,28,28,88,"Not Applicable (Not Transported) ",88,Not Applicable (Not Transported),,,,,,,1,0
2020,21,210328,Kentucky,1,1,0,0,0,3,3,29,BULLITT (29),0,NOT APPLICABLE,6,6,7,July,2020,2,Monday,17,5:00pm-5:59pm,53,53,0,This section IS NOT on the NHS,1,Rural,6,Minor Collector,1,State Highway Agency,3,State Highway,SR-1494,,9,9,37.92995556,37.92995556,-85.719358330,-85.719358330,0,No Special Jurisdiction,42,Tree (Standing Only),0,The First Harmful Event was Not a Collision with a Motor Vehicle in Transport,0,No,1,Non-Junction,1,Not an Intersection,0,None,,,4,On Roadside,1,Daylight,,,,,1,Clear,0,No,0000000,Not Applicable,17,5:00pm-5:59pm,53,53,18,6:00pm-6:59pm,6,6,18,6:00pm-6:59pm,35,35,,,,,,,1,0
2020,21,210329,Kentucky,3,3,0,0,0,4,4,9,BARREN (9),0,NOT APPLICABLE,17,17,7,July,2020,6,Friday,13,1:00pm-1:59pm,29,29,1,This section IS ON the NHS,1,Rural,3,Principal Arterial - Other,1,State Highway Agency,3,State Highway,SR-9008,,81,81,36.99528611,36.99528611,-85.988816670,-85.988816670,0,No Special Jurisdiction,12,Motor Vehicle In-Transport,6,Angle,0,No,1,Non-Junction,1,Not an Intersection,0,None,,,1,On Roadway,1,Daylight,,,,,2,Rain,0,No,0000000,Not Applicable,13,1:00pm-1:59pm,32,32,13,1:00pm-1:59pm,32,32,13,1:00pm-1:59pm,50,50,,,,,,,1,0
2020,21,210330,Kentucky,1,1,0,0,0,1,1,125,LAUREL (125),0,NOT APPLICABLE,17,17,7,July,2020,6,Friday,16,4:00pm-4:59pm,51,51,0,This section IS NOT on the NHS,1,Rural,7,Local,2,County Highway Agency,4,County Road,CR-HOPPER CREEK RD,,4,4,37.02924444,37.02924444,-83.948891670,-83.948891670,0,No Special Jurisdiction,42,Tree (Standing Only),0,The First Harmful Event was Not a Collision with a Motor Vehicle in Transport,0,No,1,Non-Junction,1,Not an Intersection,0,None,,,4,On Roadside,1,Daylight,,,,,1,Clear,0,No,0000000,Not Applicable,16,4:00pm-4:59pm,52,52,17,5:00pm-5:59pm,7,7,88,"Not Applicable (Not Transported) ",88,Not Applicable (Not Transported),,,,,,,1,0
2020,21,210331,Kentucky,1,1,0,0,0,2,2,97,HARRISON (97),0,NOT APPLICABLE,17,17,7,July,2020,6,Friday,19,7:00pm-7:59pm,50,50,0,This section IS NOT on the NHS,1,Rural,5,Major Collector,1,State Highway Agency,3,State Highway,SR-32,,40,40,38.37812222,38.37812222,-84.394677780,-84.394677780,0,No Special Jurisdiction,1,Rollover/Overturn,0,The First Harmful Event was Not a Collision with a Motor Vehicle in Transport,0,No,1,Non-Junction,1,Not an Intersection,0,None,,,4,On Roadside,1,Daylight,,,,,10,Cloudy,0,No,0000000,Not Applicable,19,7:00pm-7:59pm,48,48,20,8:00pm-8:59pm,26,26,20,8:00pm-8:59pm,37,37,,,,,,,1,0
2020,21,210332,Kentucky,1,1,0,0,0,1,1,125,LAUREL (125),0,NOT APPLICABLE,18,18,7,July,2020,7,Saturday,18,6:00pm-6:59pm,11,11,0,This section IS NOT on the NHS,1,Rural,7,Local,2,County Highway Agency,4,County Road,CR-WINDING BLADE RD,,7,7,37.27171389,37.27171389,-84.126769440,-84.126769440,0,No Special Jurisdiction,42,Tree (Standing Only),0,The First Harmful Event was Not a Collision with a Motor Vehicle in Transport,0,No,1,Non-Junction,1,Not an Intersection,0,None,,,4,On Roadside,1,Daylight,,,,,1,Clear,0,No,0000000,Not Applicable,18,6:00pm-6:59pm,11,11,18,6:00pm-6:59pm,39,39,19,7:00pm-7:59pm,1,1,,,,,,,1,1
2020,21,210333,Kentucky,1,1,0,0,0,1,1,229,WASHINGTON (229),0,NOT APPLICABLE,18,18,7,July,2020,7,Saturday,21,9:00pm-9:59pm,4,4,1,This section IS ON the NHS,1,Rural,3,Principal Arterial - Other,1,State Highway Agency,3,State Highway,SR-55,,3,3,37.63609444,37.63609444,-85.255583330,-85.255583330,0,No Special Jurisdiction,35,Embankment,0,The First Harmful Event was Not a Collision with a Motor Vehicle in Transport,0,No,1,Non-Junction,1,Not an Intersection,0,None,,,4,On Roadside,5,Dusk,,,,,1,Clear,0,No,0000000,Not Applicable,21,9:00pm-9:59pm,1,1,21,9:00pm-9:59pm,8,8,88,"Not Applicable (Not Transported) ",88,Not Applicable (Not Transported),,,,,,,1,1
2020,21,210334,Kentucky,1,1,0,0,0,1,1,83,GRAVES (83),0,NOT APPLICABLE,18,18,7,July,2020,7,Saturday,22,10:00pm-10:59pm,6,6,0,This section IS NOT on the NHS,1,Rural,7,Local,2,County Highway Agency,4,County Road,CR-ALTON RD,,2,2,36.66275556,36.66275556,-88.695683330,-88.695683330,0,No Special Jurisdiction,35,Embankment,0,The First Harmful Event was Not a Collision with a Motor Vehicle in Transport,0,No,1,Non-Junction,1,Not an Intersection,0,None,,,4,On Roadside,2,Dark - Not Lighted,,,,,1,Clear,0,No,0000000,Not Applicable,22,10:00pm-10:59pm,11,11,22,10:00pm-10:59pm,27,27,88,"Not Applicable (Not Transported) ",88,Not Applicable (Not Transported),,,,,,,1,1
2020,21,210335,Kentucky,1,1,0,1,1,4,4,95,HARLAN (95),0,NOT APPLICABLE,19,19,7,July,2020,1,Sunday,21,9:00pm-9:59pm,32,32,0,This section IS NOT on the NHS,2,Urban,6,Minor Collector,1,State Highway Agency,3,State Highway,SR-38,,38,38,36.85573056,36.85573056,-83.266541670,-83.266541670,0,No Special Jurisdiction,8,Pedestrian,0,The First Harmful Event was Not a Collision with a Motor Vehicle in Transport,0,No,1,Non-Junction,1,Not an Intersection,0,None,,,1,On Roadway,2,Dark - Not Lighted,,,,,10,Cloudy,0,No,0000000,Not Applicable,21,9:00pm-9:59pm,38,38,21,9:00pm-9:59pm,45,45,88,"Not Applicable (Not Transported) ",88,Not Applicable (Not Transported),,,,,,,1,0
2020,21,210336,Kentucky,2,2,0,0,0,5,5,111,JEFFERSON (111),2090,LOUISVILLE,5,5,7,July,2020,1,Sunday,13,1:00pm-1:59pm,21,21,0,This section IS NOT on the NHS,2,Urban,4,Minor Arterial,1,State Highway Agency,3,State Highway,SR-1931,BERNHEIM LN,104,104,38.21975833,38.21975833,-85.777736110,-85.777736110,0,No Special Jurisdiction,12,Motor Vehicle In-Transport,2,Front-to-Front,0,No,2,Intersection,4,Y-Intersection,0,None,,,1,On Roadway,1,Daylight,,,,,1,Clear,0,No,0000000,Not Applicable,13,1:00pm-1:59pm,23,23,13,1:00pm-1:59pm,31,31,14,2:00pm-2:59pm,1,1,,,,,,,1,0
2020,21,210337,Kentucky,2,2,0,0,0,2,2,111,JEFFERSON (111),2090,LOUISVILLE,11,11,7,July,2020,7,Saturday,15,3:00pm-3:59pm,5,5,0,This section IS NOT on the NHS,2,Urban,7,Local,1,State Highway Agency,5,Local Street - Township,GARLAND AVE,S 37TH ST,24,24,38.24619444,38.24619444,-85.812947220,-85.812947220,0,No Special Jurisdiction,12,Motor Vehicle In-Transport,6,Angle,0,No,3,Intersection-Related,3,T-Intersection,0,None,,,1,On Roadway,1,Daylight,,,,,1,Clear,0,No,0000000,Not Applicable,15,3:00pm-3:59pm,5,5,15,3:00pm-3:59pm,15,15,16,4:00pm-4:59pm,0,0,,,,,,,1,0
2020,21,210338,Kentucky,1,1,0,0,0,1,1,111,JEFFERSON (111),2090,LOUISVILLE,19,19,7,July,2020,1,Sunday,23,11:00pm-11:59pm,42,42,0,This section IS NOT on the NHS,2,Urban,4,Minor Arterial,1,State Highway Agency,3,State Highway,SR-864,,83,83,38.16051389,38.16051389,-85.676283330,-85.676283330,0,No Special Jurisdiction,38,Fence,0,The First Harmful Event was Not a Collision with a Motor Vehicle in Transport,0,No,1,Non-Junction,1,Not an Intersection,0,None,,,4,On Roadside,3,Dark - Lighted,,,,,1,Clear,0,No,0000000,Not Applicable,23,11:00pm-11:59pm,42,42,23,11:00pm-11:59pm,46,46,88,"Not Applicable (Not Transported) ",88,Not Applicable (Not Transported),,,,,,,1,0
2020,21,210339,Kentucky,1,1,0,1,1,1,1,151,MADISON (151),270,BEREA,21,21,7,July,2020,3,Tuesday,5,5:00am-5:59am,56,56,0,This section IS NOT on the NHS,2,Urban,4,Minor Arterial,1,State Highway Agency,3,State Highway,SR-21,NEELY ST,101,101,37.56583611,37.56583611,-84.274127780,-84.274127780,0,No Special Jurisdiction,8,Pedestrian,0,The First Harmful Event was Not a Collision with a Motor Vehicle in Transport,0,No,3,Intersection-Related,3,T-Intersection,0,None,,,1,On Roadway,6,Dark - Unknown Lighting,,,,,1,Clear,0,No,0000000,Not Applicable,6,6:00am-6:59am,1,1,6,6:00am-6:59am,7,7,6,6:00am-6:59am,24,24,,,,,,,1,0
2020,21,210340,Kentucky,2,2,0,0,0,3,3,37,CAMPBELL (37),3560,WILDER,19,19,7,July,2020,1,Sunday,14,2:00pm-2:59pm,35,35,1,This section IS ON the NHS,2,Urban,3,Principal Arterial - Other,1,State Highway Agency,3,State Highway,SR-9,I-275 EXIT RAMP 77 RAMP,176,176,39.02139444,39.02139444,-84.481369440,-84.481369440,0,No Special Jurisdiction,12,Motor Vehicle In-Transport,6,Angle,0,No,2,Intersection,3,T-Intersection,0,None,,,1,On Roadway,1,Daylight,,,,,1,Clear,0,No,0000000,Not Applicable,14,2:00pm-2:59pm,35,35,14,2:00pm-2:59pm,42,42,88,"Not Applicable (Not Transported) ",88,Not Applicable (Not Transported),,,,,,,2,0
2020,21,210341,Kentucky,1,1,0,1,1,1,1,111,JEFFERSON (111),2090,LOUISVILLE,19,19,7,July,2020,1,Sunday,23,11:00pm-11:59pm,8,8,1,This section IS ON the NHS,2,Urban,3,Principal Arterial - Other,1,State Highway Agency,2,U.S. Highway,US-31W,,120,120,38.15035833,38.15035833,-85.837113890,-85.837113890,0,No Special Jurisdiction,8,Pedestrian,0,The First Harmful Event was Not a Collision with a Motor Vehicle in Transport,0,No,1,Non-Junction,1,Not an Intersection,0,None,,,1,On Roadway,2,Dark - Not Lighted,,,,,1,Clear,0,No,0000000,Not Applicable,23,11:00pm-11:59pm,8,8,23,11:00pm-11:59pm,16,16,0,0:00am-0:59am,0,0,,,,,,,1,0
2020,21,210342,Kentucky,2,2,0,0,0,3,3,67,FAYETTE (67),1980,LEXINGTON-FAYETTE,25,25,7,July,2020,7,Saturday,4,4:00am-4:59am,29,29,0,This section IS NOT on the NHS,2,Urban,4,Minor Arterial,1,State Highway Agency,2,U.S. Highway,US-25,CITATION BLVD,176,176,38.09602778,38.09602778,-84.513280560,-84.513280560,0,No Special Jurisdiction,12,Motor Vehicle In-Transport,6,Angle,0,No,2,Intersection,2,Four-Way Intersection,0,None,,,1,On Roadway,3,Dark - Lighted,,,,,1,Clear,0,No,0000000,Not Applicable,4,4:00am-4:59am,32,32,4,4:00am-4:59am,35,35,5,5:00am-5:59am,3,3,,,,,,,1,1
2020,21,210343,Kentucky,2,2,0,0,0,2,2,99,HART (99),0,NOT APPLICABLE,27,27,7,July,2020,2,Monday,9,9:00am-9:59am,57,57,0,This section IS NOT on the NHS,1,Rural,4,Minor Arterial,1,State Highway Agency,2,U.S. Highway,US-31E,,205,205,37.41666667,37.41666667,-85.757744440,-85.757744440,0,No Special Jurisdiction,12,Motor Vehicle In-Transport,6,Angle,0,No,4,Driveway Access,1,Not an Intersection,0,None,,,1,On Roadway,1,Daylight,,,,,1,Clear,0,No,0000000,Not Applicable,10,10:00am-10:59am,1,1,10,10:00am-10:59am,19,19,88,"Not Applicable (Not Transported) ",88,Not Applicable (Not Transported),,,,,,,1,0
2020,21,210344,Kentucky,2,2,0,0,0,3,3,173,MONTGOMERY (173),0,NOT APPLICABLE,24,24,7,July,2020,6,Friday,13,1:00pm-1:59pm,35,35,0,This section IS NOT on the NHS,1,Rural,5,Major Collector,1,State Highway Agency,2,U.S. Highway,US-60,,3,3,38.03326944,38.03326944,-84.020502780,-84.020502780,0,No Special Jurisdiction,12,Motor Vehicle In-Transport,2,Front-to-Front,0,No,1,Non-Junction,1,Not an Intersection,0,None,,,1,On Roadway,1,Daylight,,,,,1,Clear,0,No,0000000,Not Applicable,13,1:00pm-1:59pm,40,40,13,1:00pm-1:59pm,46,46,14,2:00pm-2:59pm,47,47,,,,,,,1,0
2020,21,210345,Kentucky,1,1,0,0,0,1,1,111,JEFFERSON (111),2090,LOUISVILLE,24,24,7,July,2020,6,Friday,15,3:00pm-3:59pm,23,23,0,This section IS NOT on the NHS,2,Urban,7,Local,1,State Highway Agency,5,Local Street - Township,WILSON AVE,,11,11,38.23414167,38.23414167,-85.796636110,-85.796636110,0,No Special Jurisdiction,1,Rollover/Overturn,0,The First Harmful Event was Not a Collision with a Motor Vehicle in Transport,0,No,1,Non-Junction,1,Not an Intersection,0,None,,,1,On Roadway,1,Daylight,,,,,1,Clear,0,No,0000000,Not Applicable,15,3:00pm-3:59pm,23,23,15,3:00pm-3:59pm,29,29,15,3:00pm-3:59pm,48,48,,,,,,,1,1
2020,21,210346,Kentucky,1,1,0,0,0,1,1,111,JEFFERSON (111),2090,LOUISVILLE,29,29,7,July,2020,4,Wednesday,13,1:00pm-1:59pm,45,45,0,This section IS NOT on the NHS,2,Urban,4,Minor Arterial,1,State Highway Agency,3,State Highway,SR-1931,,57,57,38.15855833,38.15855833,-85.798905560,-85.798905560,0,No Special Jurisdiction,42,Tree (Standing Only),0,The First Harmful Event was Not a Collision with a Motor Vehicle in Transport,0,No,1,Non-Junction,1,Not an Intersection,0,None,,,4,On Roadside,1,Daylight,,,,,1,Clear,0,No,0000000,Not Applicable,13,1:00pm-1:59pm,48,48,13,1:00pm-1:59pm,53,53,88,"Not Applicable (Not Transported) ",88,Not Applicable (Not Transported),,,,,,,1,0
2020,21,210347,Kentucky,3,1,2,1,1,1,1,219,TODD (219),0,NOT APPLICABLE,29,29,7,July,2020,4,Wednesday,15,3:00pm-3:59pm,12,12,0,This section IS NOT on the NHS,1,Rural,5,Major Collector,1,State Highway Agency,3,State Highway,SR-106,,11,11,36.84263333,36.84263333,-87.142030560,-87.142030560,0,No Special Jurisdiction,42,Tree (Standing Only),0,The First Harmful Event was Not a Collision with a Motor Vehicle in Transport,0,No,1,Non-Junction,1,Not an Intersection,0,None,,,5,Outside Trafficway,1,Daylight,,,,,1,Clear,0,No,0000000,Not Applicable,15,3:00pm-3:59pm,15,15,15,3:00pm-3:59pm,40,40,16,4:00pm-4:59pm,12,12,,,,,,,1,0
2020,21,210348,Kentucky,1,1,0,1,1,1,1,111,JEFFERSON (111),2090,LOUISVILLE,30,30,7,July,2020,5,Thursday,0,0:00am-0:59am,36,36,1,This section IS ON the NHS,2,Urban,3,Principal Arterial - Other,1,State Highway Agency,2,U.S. Highway,US-31,GARLAND AVE,191,191,38.24411111,38.24411111,-85.789088890,-85.789088890,0,No Special Jurisdiction,9,Pedalcyclist,0,The First Harmful Event was Not a Collision with a Motor Vehicle in Transport,0,No,3,Intersection-Related,2,Four-Way Intersection,0,None,,,1,On Roadway,3,Dark - Lighted,,,,,7,"Blowing Sand, Soil, Dirt",0,No,0000000,Not Applicable,0,0:00am-0:59am,36,36,0,0:00am-0:59am,40,40,0,0:00am-0:59am,55,55,,,,,,,1,0
2020,21,210349,Kentucky,1,1,0,0,0,1,1,13,BELL (13),2650,PINEVILLE,29,29,7,July,2020,4,Wednesday,18,6:00pm-6:59pm,32,32,1,This section IS ON the NHS,1,Rural,3,Principal Arterial - Other,1,State Highway Agency,2,U.S. Highway,US-25,,143,143,36.76338056,36.76338056,-83.707430560,-83.707430560,0,No Special Jurisdiction,31,"Post, Pole or Other Supports",0,The First Harmful Event was Not a Collision with a Motor Vehicle in Transport,0,No,1,Non-Junction,1,Not an Intersection,0,None,,,5,Outside Trafficway,1,Daylight,,,,,10,Cloudy,0,No,0000000,Not Applicable,18,6:00pm-6:59pm,33,33,18,6:00pm-6:59pm,33,33,18,6:00pm-6:59pm,56,56,,,,,,,1,0
2020,21,210350,Kentucky,2,2,0,0,0,4,4,25,BREATHITT (25),1720,JACKSON,4,4,7,July,2020,7,Saturday,12,12:00pm-12:59pm,44,44,0,This section IS NOT on the NHS,1,Rural,5,Major Collector,1,State Highway Agency,3,State Highway,SR-30,SR-52,133,133,37.55426667,37.55426667,-83.417780560,-83.417780560,0,No Special Jurisdiction,12,Motor Vehicle In-Transport,1,Front-to-Rear,0,No,3,Intersection-Related,3,T-Intersection,0,None,,,1,On Roadway,1,Daylight,,,,,1,Clear,0,No,0000000,Not Applicable,12,12:00pm-12:59pm,45,45,12,12:00pm-12:59pm,48,48,12,12:00pm-12:59pm,59,59,,,,,,,1,1
2020,21,210351,Kentucky,1,1,0,0,0,3,3,107,HOPKINS (107),0,NOT APPLICABLE,8,8,7,July,2020,4,Wednesday,14,2:00pm-2:59pm,5,5,1,This section IS ON the NHS,1,Rural,1,Interstate,1,State Highway Agency,1,Interstate,I-69,,1234,1234,37.45543056,37.45543056,-87.479069440,-87.479069440,0,No Special Jurisdiction,35,Embankment,0,The First Harmful Event was Not a Collision with a Motor Vehicle in Transport,0,No,1,Non-Junction,1,Not an Intersection,0,None,,,4,On Roadside,1,Daylight,,,,,1,Clear,0,No,0000000,Not Applicable,14,2:00pm-2:59pm,9,9,14,2:00pm-2:59pm,18,18,14,2:00pm-2:59pm,48,48,,,,,,,1,0
2020,21,210353,Kentucky,2,2,0,0,0,3,3,145,MCCRACKEN (145),0,NOT APPLICABLE,13,13,7,July,2020,2,Monday,11,11:00am-11:59am,54,54,1,This section IS ON the NHS,2,Urban,3,Principal Arterial - Other,1,State Highway Agency,2,U.S. Highway,US-60,,182,182,37.04602222,37.04602222,-88.553869440,-88.553869440,0,No Special Jurisdiction,12,Motor Vehicle In-Transport,6,Angle,0,No,8,Driveway Access Related,1,Not an Intersection,0,None,,,1,On Roadway,1,Daylight,,,,,1,Clear,0,No,0000000,Not Applicable,11,11:00am-11:59am,56,56,12,12:00pm-12:59pm,1,1,12,12:00pm-12:59pm,16,16,,,,,,,1,0
2020,21,210354,Kentucky,1,1,0,0,0,1,1,193,PERRY (193),0,NOT APPLICABLE,16,16,7,July,2020,5,Thursday,18,6:00pm-6:59pm,5,5,0,This section IS NOT on the NHS,1,Rural,7,Local,2,County Highway Agency,4,County Road,CR-BROWNS FORK RD,,2,2,37.24671944,37.24671944,-83.239558330,-83.239558330,0,No Special Jurisdiction,1,Rollover/Overturn,0,The First Harmful Event was Not a Collision with a Motor Vehicle in Transport,0,No,1,Non-Junction,1,Not an Intersection,0,None,,,4,On Roadside,1,Daylight,,,,,1,Clear,0,No,0000000,Not Applicable,18,6:00pm-6:59pm,8,8,18,6:00pm-6:59pm,26,26,88,"Not Applicable (Not Transported) ",88,Not Applicable (Not Transported),,,,,,,1,0
2020,21,210355,Kentucky,1,1,0,0,0,1,1,227,WARREN (227),350,BOWLING GREEN,25,25,7,July,2020,7,Saturday,17,5:00pm-5:59pm,41,41,0,This section IS NOT on the NHS,2,Urban,4,Minor Arterial,1,State Highway Agency,3,State Highway,SR-234,ST. JOSEPH LN,122,122,36.99049444,36.99049444,-86.418833330,-86.418833330,0,No Special Jurisdiction,30,Utility Pole/Light Support,0,The First Harmful Event was Not a Collision with a Motor Vehicle in Transport,0,No,3,Intersection-Related,2,Four-Way Intersection,0,None,,,4,On Roadside,1,Daylight,,,,,1,Clear,0,No,0000000,Not Applicable,17,5:00pm-5:59pm,42,42,17,5:00pm-5:59pm,47,47,18,6:00pm-6:59pm,9,9,,,,,,,1,0
2020,21,210356,Kentucky,1,1,0,0,0,1,1,191,PENDLETON (191),1090,FALMOUTH,25,25,7,July,2020,7,Saturday,22,10:00pm-10:59pm,35,35,0,This section IS NOT on the NHS,1,Rural,5,Major Collector,1,State Highway Agency,3,State Highway,SR-22,,110,110,38.67455000,38.67455000,-84.331166670,-84.331166670,0,No Special Jurisdiction,33,Curb,0,The First Harmful Event was Not a Collision with a Motor Vehicle in Transport,0,No,1,Non-Junction,1,Not an Intersection,0,None,,,4,On Roadside,3,Dark - Lighted,,,,,1,Clear,0,No,0000000,Not Applicable,22,10:00pm-10:59pm,35,35,22,10:00pm-10:59pm,45,45,88,"Not Applicable (Not Transported) ",88,Not Applicable (Not Transported),,,,,,,1,1
2020,21,210357,Kentucky,1,1,0,0,0,2,2,111,JEFFERSON (111),2090,LOUISVILLE,26,26,7,July,2020,1,Sunday,21,9:00pm-9:59pm,35,35,1,This section IS ON the NHS,2,Urban,1,Interstate,1,State Highway Agency,1,Interstate,I-64 RAMP,,5,5,38.26078333,38.26078333,-85.741419440,-85.741419440,0,No Special Jurisdiction,25,Concrete Traffic Barrier,0,The First Harmful Event was Not a Collision with a Motor Vehicle in Transport,1,Yes,5,Entrance/Exit Ramp Related,1,Not an Intersection,0,None,,,4,On Roadside,5,Dusk,,,,,1,Clear,0,No,0000000,Not Applicable,20,8:00pm-8:59pm,33,33,20,8:00pm-8:59pm,38,38,20,8:00pm-8:59pm,58,58,,,,,,,1,1