caseyear,state,st_case,statename,ve_total,ve_forms,pvh_invl,peds,pernotmvit,permvit,persons,county,countyname,city,cityname,day,dayname,month,monthname,year,day_week,day_weekname,hour,hourname,minute,minutename,nhs,nhsname,rur_urb,rur_urbname,func_sys,func_sysname,rd_owner,rd_ownername,route,routename,tway_id,tway_id2,milept,mileptname,latitude,latitudename,longitud,longitudname,sp_jur,sp_jurname,harm_ev,harm_evname,man_coll,man_collname,reljct1,reljct1name,reljct2,reljct2name,typ_int,typ_intname,wrk_zone,wrk_zonename,road_fnc,road_fncname,rel_road,rel_roadname,lgt_cond,lgt_condname,weather1,weather1name,weather2,weather2name,weather,weathername,sch_bus,sch_busname,rail,railname,not_hour,not_hourname,not_min,not_minname,arr_hour,arr_hourname,arr_min,arr_minname,hosp_hr,hosp_hrname,hosp_mn,hosp_mnname,cf1,cf1name,cf2,cf2name,cf3,cf3name,fatals,drunk_dr
2020,21,210474,Kentucky,2,2,0,0,0,3,3,3,ALLEN (3),0,NOT APPLICABLE,12,12,9,September,2020,7,Saturday,14,2:00pm-2:59pm,33,33,1,This section IS ON the NHS,1,Rural,3,Principal Arterial - Other,1,State Highway Agency,2,U.S. Highway,US-231,SR-1332,59,59,36.79667222,36.79667222,-86.293508330,-86.293508330,0,No Special Jurisdiction,12,Motor Vehicle In-Transport,6,Angle,0,No,2,Intersection,2,Four-Way Intersection,0,None,,,1,On Roadway,1,Daylight,,,,,2,Rain,0,No,0000000,Not Applicable,14,2:00pm-2:59pm,33,33,14,2:00pm-2:59pm,39,39,15,3:00pm-3:59pm,16,16,,,,,,,1,1
2020,21,210475,Kentucky,2,2,0,0,0,3,3,199,PULASKI (199),0,NOT APPLICABLE,10,10,9,September,2020,5,Thursday,14,2:00pm-2:59pm,43,43,1,This section IS ON the NHS,1,Rural,3,Principal Arterial - Other,1,State Highway Agency,3,State Highway,SR-80,,393,393,37.14554167,37.14554167,-84.299902780,-84.299902780,0,No Special Jurisdiction,12,Motor Vehicle In-Transport,2,Front-to-Front,0,No,1,Non-Junction,1,Not an Intersection,0,None,,,1,On Roadway,1,Daylight,,,,,10,Cloudy,0,No,0000000,Not Applicable,14,2:00pm-2:59pm,56,56,15,3:00pm-3:59pm,10,10,17,5:00pm-5:59pm,24,24,,,,,,,2,0
2020,21,210476,Kentucky,2,2,0,0,0,2,2,227,WARREN (227),350,BOWLING GREEN,14,14,9,September,2020,2,Monday,5,5:00am-5:59am,4,4,0,This section IS NOT on the NHS,1,Rural,5,Major Collector,1,State Highway Agency,2,U.S. Highway,US-31,,82,82,36.93338611,36.93338611,-86.488747220,-86.488747220,0,No Special Jurisdiction,12,Motor Vehicle In-Transport,2,Front-to-Front,0,No,1,Non-Junction,1,Not an Intersection,0,None,,,1,On Roadway,2,Dark - Not Lighted,,,,,5,"Fog, Smog, Smoke",0,No,0000000,Not Applicable,5,5:00am-5:59am,7,7,5,5:00am-5:59am,11,11,5,5:00am-5:59am,40,40,,,,,,,1,0
2020,21,210477,Kentucky,2,2,0,0,0,2,2,67,FAYETTE (67),1980,LEXINGTON-FAYETTE,9,9,9,September,2020,4,Wednesday,6,6:00am-6:59am,47,47,0,This section IS NOT on the NHS,2,Urban,4,Minor Arterial,1,State Highway Agency,2,U.S. Highway,US-25,,187,187,38.11118056,38.11118056,-84.518963890,-84.518963890,0,No Special Jurisdiction,12,Motor Vehicle In-Transport,6,Angle,0,No,1,Non-Junction,1,Not an Intersection,0,None,,,1,On Roadway,4,Dawn,,,,,1,Clear,0,No,0000000,Not Applicable,6,6:00am-6:59am,54,54,6,6:00am-6:59am,56,56,7,7:00am-7:59am,25,25,,,,,,,1,0
2020,21,210478,Kentucky,1,1,0,0,0,1,1,227,WARREN (227),0,NOT APPLICABLE,16,16,9,September,2020,4,Wednesday,13,1:00pm-1:59pm,38,38,1,This section IS ON the NHS,1,Rural,1,Interstate,1,State Highway Agency,1,Interstate,I-65,,422,422,37.05570556,37.05570556,-86.127286110,-86.127286110,0,No Special Jurisdiction,25,Concrete Traffic Barrier,0,The First Harmful Event was Not a Collision with a Motor Vehicle in Transport,0,No,1,Non-Junction,1,Not an Intersection,0,None,,,3,On Median,1,Daylight,,,,,1,Clear,0,No,0000000,Not Applicable,13,1:00pm-1:59pm,40,40,13,1:00pm-1:59pm,55,55,88,"Not Applicable (Not Transported) ",88,Not Applicable (Not Transported),,,,,,,1,0
2020,21,210479,Kentucky,2,2,0,0,0,2,2,93,HARDIN (93),0,NOT APPLICABLE,15,15,9,September,2020,3,Tuesday,12,12:00pm-12:59pm,52,52,0,This section IS NOT on the NHS,1,Rural,4,Minor Arterial,1,State Highway Agency,3,State Highway,SR-1600,,71,71,37.80058333,37.80058333,-86.028488890,-86.028488890,0,No Special Jurisdiction,12,Motor Vehicle In-Transport,6,Angle,0,No,1,Non-Junction,1,Not an Intersection,0,None,,,1,On Roadway,1,Daylight,,,,,1,Clear,0,No,0000000,Not Applicable,12,12:00pm-12:59pm,21,21,12,12:00pm-12:59pm,49,49,13,1:00pm-1:59pm,27,27,,,,,,,1,0
2020,21,210480,Kentucky,1,1,0,0,0,3,3,95,HARLAN (95),258,BENHAM,18,18,9,September,2020,6,Friday,23,11:00pm-11:59pm,31,31,0,This section IS NOT on the NHS,1,Rural,4,Minor Arterial,1,State Highway Agency,3,State Highway,SR-160,,93,93,36.96418056,36.96418056,-82.953972220,-82.953972220,0,No Special Jurisdiction,19,Building,0,The First Harmful Event was Not a Collision with a Motor Vehicle in Transport,0,No,1,Non-Junction,1,Not an Intersection,0,None,,,4,On Roadside,3,Dark - Lighted,,,,,10,Cloudy,0,No,0000000,Not Applicable,23,11:00pm-11:59pm,36,36,0,0:00am-0:59am,0,0,0,0:00am-0:59am,16,16,,,,,,,2,1
2020,21,210482,Kentucky,1,1,0,0,0,1,1,231,WAYNE (231),0,NOT APPLICABLE,20,20,9,September,2020,1,Sunday,3,3:00am-3:59am,0,0,0,This section IS NOT on the NHS,2,Urban,6,Minor Collector,1,State Highway Agency,3,State Highway,SR-3106,,12,12,36.86691667,36.86691667,-84.824455560,-84.824455560,0,No Special Jurisdiction,35,Embankment,0,The First Harmful Event was Not a Collision with a Motor Vehicle in Transport,0,No,1,Non-Junction,1,Not an Intersection,0,None,,,4,On Roadside,6,Dark - Unknown Lighting,,,,,1,Clear,0,No,0000000,Not Applicable,9,9:00am-9:59am,30,30,9,9:00am-9:59am,35,35,88,"Not Applicable (Not Transported) ",88,Not Applicable (Not Transported),,,,,,,1,1
2020,21,210483,Kentucky,1,1,0,0,0,1,1,223,TRIMBLE (223),0,NOT APPLICABLE,20,20,9,September,2020,1,Sunday,13,1:00pm-1:59pm,3,3,0,This section IS NOT on the NHS,1,Rural,6,Minor Collector,1,State Highway Agency,3,State Highway,SR-625,,38,38,38.61648333,38.61648333,-85.386588890,-85.386588890,0,No Special Jurisdiction,35,Embankment,0,The First Harmful Event was Not a Collision with a Motor Vehicle in Transport,0,No,1,Non-Junction,1,Not an Intersection,0,None,,,4,On Roadside,1,Daylight,,,,,1,Clear,0,No,0000000,Not Applicable,13,1:00pm-1:59pm,6,6,13,1:00pm-1:59pm,15,15,14,2:00pm-2:59pm,35,35,,,,,,,1,1
2020,21,210484,Kentucky,1,1,0,0,0,1,1,67,FAYETTE (67),1980,LEXINGTON-FAYETTE,20,20,9,September,2020,1,Sunday,14,2:00pm-2:59pm,20,20,0,This section IS NOT on the NHS,2,Urban,7,Local,1,State Highway Agency,5,Local Street - Township,COOPER DR,,14,14,38.01883056,38.01883056,-84.488344440,-84.488344440,0,No Special Jurisdiction,33,Curb,0,The First Harmful Event was Not a Collision with a Motor Vehicle in Transport,0,No,1,Non-Junction,1,Not an Intersection,0,None,,,4,On Roadside,1,Daylight,,,,,1,Clear,0,No,0000000,Not Applicable,0,0:00am-0:59am,0,0,0,0:00am-0:59am,0,0,88,"Not Applicable (Not Transported) ",88,Not Applicable (Not Transported),,,,,,,1,0
2020,21,210485,Kentucky,1,1,0,0,0,1,1,93,HARDIN (93),3370,VINE GROVE,20,20,9,September,2020,1,Sunday,18,6:00pm-6:59pm,15,15,0,This section IS NOT on the NHS,2,Urban,5,Major Collector,1,State Highway Agency,3,State Highway,SR-144,,9,9,37.81188056,37.81188056,-85.992369440,-85.992369440,0,No Special Jurisdiction,35,Embankment,0,The First Harmful Event was Not a Collision with a Motor Vehicle in Transport,0,No,1,Non-Junction,1,Not an Intersection,0,None,,,4,On Roadside,1,Daylight,,,,,1,Clear,0,No,0000000,Not Applicable,18,6:00pm-6:59pm,19,19,18,6:00pm-6:59pm,33,33,19,7:00pm-7:59pm,12,12,,,,,,,1,1
2020,21,210486,Kentucky,2,2,0,0,0,2,2,111,JEFFERSON (111),2090,LOUISVILLE,17,17,9,September,2020,5,Thursday,18,6:00pm-6:59pm,16,16,1,This section IS ON the NHS,2,Urban,3,Principal Arterial - Other,1,State Highway Agency,2,U.S. Highway,US-60,BURNSDALE RD,90,90,38.24467222,38.24467222,-85.554791670,-85.554791670,0,No Special Jurisdiction,12,Motor Vehicle In-Transport,6,Angle,0,No,2,Intersection,3,T-Intersection,0,None,,,1,On Roadway,1,Daylight,,,,,1,Clear,0,No,0000000,Not Applicable,18,6:00pm-6:59pm,16,16,18,6:00pm-6:59pm,22,22,18,6:00pm-6:59pm,35,35,,,,,,,1,0
2020,21,210487,Kentucky,2,2,0,0,0,5,5,111,JEFFERSON (111),2090,LOUISVILLE,21,21,9,September,2020,2,Monday,1,1:00am-1:59am,5,5,1,This section IS ON the NHS,2,Urban,1,Interstate,1,State Highway Agency,1,Interstate,I-264,,160,160,38.21379444,38.21379444,-85.666052780,-85.666052780,0,No Special Jurisdiction,12,Motor Vehicle In-Transport,7,Sideswipe - Same Direction,0,No,1,Non-Junction,1,Not an Intersection,0,None,,,1,On Roadway,3,Dark - Lighted,,,,,1,Clear,0,No,0000000,Not Applicable,1,1:00am-1:59am,5,5,1,1:00am-1:59am,10,10,1,1:00am-1:59am,37,37,,,,,,,1,1
2020,21,210488,Kentucky,1,1,0,0,0,1,1,17,BOURBON (17),0,NOT APPLICABLE,21,21,9,September,2020,2,Monday,6,6:00am-6:59am,39,39,0,This section IS NOT on the NHS,1,Rural,4,Minor Arterial,1,State Highway Agency,2,U.S. Highway,US-460,,140,140,38.18520000,38.18520000,-84.168427780,-84.168427780,0,No Special Jurisdiction,1,Rollover/Overturn,0,The First Harmful Event was Not a Collision with a Motor Vehicle in Transport,0,No,1,Non-Junction,1,Not an Intersection,0,None,,,1,On Roadway,9,Reported as Unknown,,,,,1,Clear,0,No,0000000,Not Applicable,6,6:00am-6:59am,39,39,6,6:00am-6:59am,47,47,88,"Not Applicable (Not Transported) ",88,Not Applicable (Not Transported),,,,,,,1,0
2020,21,210489,Kentucky,1,1,0,2,2,1,1,111,JEFFERSON (111),2090,LOUISVILLE,19,19,9,September,2020,7,Saturday,22,10:00pm-10:59pm,47,47,1,This section IS ON the NHS,1,Rural,3,Principal Arterial - Other,1,State Highway Agency,2,U.S. Highway,US-31,,2,2,38.25929722,38.25929722,-85.752666670,-85.752666670,0,No Special Jurisdiction,15,Non-Motorist on Personal Conveyance,0,The First Harmful Event was Not a Collision with a Motor Vehicle in Transport,0,No,1,Non-Junction,1,Not an Intersection,0,None,,,1,On Roadway,2,Dark - Not Lighted,,,,,1,Clear,0,No,0000000,Not Applicable,22,10:00pm-10:59pm,47,47,22,10:00pm-10:59pm,48,48,88,"Not Applicable (Not Transported) ",88,Not Applicable (Not Transported),,,,,,,1,0
2020,21,210490,Kentucky,2,2,0,0,0,2,2,35,CALLOWAY (35),0,NOT APPLICABLE,22,22,9,September,2020,3,Tuesday,9,9:00am-9:59am,33,33,0,This section IS NOT on the NHS,1,Rural,5,Major Collector,1,State Highway Agency,3,State Highway,SR-94,,114,114,36.61336944,36.61336944,-88.284711110,-88.284711110,0,No Special Jurisdiction,12,Motor Vehicle In-Transport,2,Front-to-Front,0,No,1,Non-Junction,1,Not an Intersection,0,None,,,1,On Roadway,1,Daylight,,,,,1,Clear,0,No,0000000,Not Applicable,9,9:00am-9:59am,36,36,9,9:00am-9:59am,39,39,10,10:00am-10:59am,6,6,,,,,,,2,0
2020,21,210491,Kentucky,1,1,0,1,1,4,4,113,JESSAMINE (113),2410,NICHOLASVILLE,18,18,9,September,2020,6,Friday,14,2:00pm-2:59pm,4,4,0,This section IS NOT on the NHS,2,Urban,7,Local,1,State Highway Agency,5,Local Street - Township,QUINN DR,,99998,Not Reported,37.87221944,37.87221944,-84.596194440,-84.596194440,0,No Special Jurisdiction,8,Pedestrian,0,The First Harmful Event was Not a Collision with a Motor Vehicle in Transport,0,No,4,Driveway Access,1,Not an Intersection,0,None,,,1,On Roadway,1,Daylight,,,,,1,Clear,0,No,0000000,Not Applicable,14,2:00pm-2:59pm,7,7,14,2:00pm-2:59pm,10,10,14,2:00pm-2:59pm,48,48,,,,,,,1,0
2020,21,210492,Kentucky,2,2,0,0,0,2,2,81,GRANT (81),0,NOT APPLICABLE,25,25,9,September,2020,6,Friday,14,2:00pm-2:59pm,6,6,0,This section IS NOT on the NHS,1,Rural,5,Major Collector,1,State Highway Agency,2,U.S. Highway,US-25,,188,188,38.72420000,38.72420000,-84.596388890,-84.596388890,0,No Special Jurisdiction,12,Motor Vehicle In-Transport,2,Front-to-Front,0,No,1,Non-Junction,1,Not an Intersection,0,None,,,1,On Roadway,1,Daylight,,,,,10,Cloudy,0,No,0000000,Not Applicable,14,2:00pm-2:59pm,7,7,14,2:00pm-2:59pm,16,16,14,2:00pm-2:59pm,36,36,,,,,,,1,0
2020,21,210493,Kentucky,2,2,0,0,0,5,5,217,TAYLOR (217),520,CAMPBELLSVILLE,25,25,9,September,2020,6,Friday,17,5:00pm-5:59pm,23,23,1,This section IS ON the NHS,1,Rural,3,Principal Arterial - Other,1,State Highway Agency,3,State Highway,SR-55,LONE VALLEY LN,65,65,37.28671667,37.28671667,-85.367094440,-85.367094440,0,No Special Jurisdiction,12,Motor Vehicle In-Transport,6,Angle,0,No,2,Intersection,2,Four-Way Intersection,0,None,,,1,On Roadway,1,Daylight,,,,,1,Clear,0,No,0000000,Not Applicable,17,5:00pm-5:59pm,23,23,17,5:00pm-5:59pm,27,27,18,6:00pm-6:59pm,1,1,,,,,,,1,0
2020,21,210494,Kentucky,2,2,0,0,0,2,2,111,JEFFERSON (111),0,NOT APPLICABLE,25,25,9,September,2020,6,Friday,21,9:00pm-9:59pm,23,23,1,This section IS ON the NHS,2,Urban,3,Principal Arterial - Other,1,State Highway Agency,3,State Highway,SR-913,,35,35,38.32397222,38.32397222,-85.543602780,-85.543602780,0,No Special Jurisdiction,12,Motor Vehicle In-Transport,2,Front-to-Front,0,No,1,Non-Junction,1,Not an Intersection,0,None,,,1,On Roadway,3,Dark - Lighted,,,,,1,Clear,0,No,0000000,Not Applicable,21,9:00pm-9:59pm,20,20,21,9:00pm-9:59pm,25,25,22,10:00pm-10:59pm,21,21,,,,,,,1,1
2020,21,210495,Kentucky,1,1,0,0,0,2,2,57,CUMBERLAND (57),0,NOT APPLICABLE,26,26,9,September,2020,7,Saturday,19,7:00pm-7:59pm,28,28,0,This section IS NOT on the NHS,1,Rural,4,Minor Arterial,1,State Highway Agency,3,State Highway,SR-90,HWY-1880,220,220,36.76964722,36.76964722,-85.240913890,-85.240913890,0,No Special Jurisdiction,35,Embankment,0,The First Harmful Event was Not a Collision with a Motor Vehicle in Transport,0,No,3,Intersection-Related,3,T-Intersection,0,None,,,4,On Roadside,5,Dusk,,,,,1,Clear,0,No,0000000,Not Applicable,19,7:00pm-7:59pm,28,28,19,7:00pm-7:59pm,35,35,20,8:00pm-8:59pm,12,12,,,,,,,1,1
2020,21,210496,Kentucky,2,2,0,0,0,7,7,111,JEFFERSON (111),2090,LOUISVILLE,13,13,9,September,2020,1,Sunday,22,10:00pm-10:59pm,31,31,1,This section IS ON the NHS,2,Urban,1,Interstate,1,State Highway Agency,1,Interstate,I-65,,1248,1248,38.11052222,38.11052222,-85.701305560,-85.701305560,0,No Special Jurisdiction,12,Motor Vehicle In-Transport,6,Angle,1,Yes,17,Acceleration/Deceleration Lane,1,Not an Intersection,0,None,,,1,On Roadway,3,Dark - Lighted,,,,,6,Severe Crosswinds,0,No,0000000,Not Applicable,22,10:00pm-10:59pm,38,38,22,10:00pm-10:59pm,47,47,23,11:00pm-11:59pm,38,38,,,,,,,1,0
2020,21,210497,Kentucky,2,1,1,1,1,1,1,197,POWELL (197),0,NOT APPLICABLE,29,29,9,September,2020,3,Tuesday,13,1:00pm-1:59pm,57,57,1,This section IS ON the NHS,1,Rural,3,Principal Arterial - Other,1,State Highway Agency,3,State Highway,SR-9000,,322,322,37.80203889,37.80203889,-83.709747220,-83.709747220,0,No Special Jurisdiction,8,Pedestrian,0,The First Harmful Event was Not a Collision with a Motor Vehicle in Transport,0,No,1,Non-Junction,1,Not an Intersection,0,None,,,4,On Roadside,1,Daylight,,,,,1,Clear,0,No,0000000,Not Applicable,13,1:00pm-1:59pm,57,57,14,2:00pm-2:59pm,4,4,99,Unknown,99,Unknown EMS Hospital Arrival Time,,,,,,,1,0
2020,21,210498,Kentucky,1,1,0,0,0,2,2,223,TRIMBLE (223),0,NOT APPLICABLE,29,29,9,September,2020,3,Tuesday,19,7:00pm-7:59pm,4,4,0,This section IS NOT on the NHS,1,Rural,4,Minor Arterial,1,State Highway Agency,2,U.S. Highway,US-421,,14,14,38.54190278,38.54190278,-85.257722220,-85.257722220,0,No Special Jurisdiction,42,Tree (Standing Only),0,The First Harmful Event was Not a Collision with a Motor Vehicle in Transport,0,No,1,Non-Junction,1,Not an Intersection,0,None,,,4,On Roadside,1,Daylight,,,,,10,Cloudy,0,No,0000000,Not Applicable,19,7:00pm-7:59pm,9,9,19,7:00pm-7:59pm,41,41,19,7:00pm-7:59pm,56,56,,,,,,,1,0
2020,21,210499,Kentucky,2,2,0,0,0,2,2,117,KENTON (117),0,NOT APPLICABLE,28,28,9,September,2020,2,Monday,14,2:00pm-2:59pm,34,34,0,This section IS NOT on the NHS,1,Rural,5,Major Collector,1,State Highway Agency,3,State Highway,SR-14,,16,16,38.82138611,38.82138611,-84.561258330,-84.561258330,0,No Special Jurisdiction,12,Motor Vehicle In-Transport,8,Sideswipe - Opposite Direction,0,No,8,Driveway Access Related,1,Not an Intersection,0,None,,,1,On Roadway,1,Daylight,,,,,1,Clear,0,No,0000000,Not Applicable,14,2:00pm-2:59pm,35,35,14,2:00pm-2:59pm,49,49,15,3:00pm-3:59pm,13,13,,,,,,,1,0
2020,21,210500,Kentucky,1,1,0,0,0,1,1,43,CARTER (43),2480,OLIVE HILL,3,3,9,September,2020,5,Thursday,8,8:00am-8:59am,19,19,0,This section IS NOT on the NHS,1,Rural,6,Minor Collector,1,State Highway Agency,3,State Highway,SR-174,,37,37,38.26101111,38.26101111,-83.250316670,-83.250316670,0,No Special Jurisdiction,42,Tree (Standing Only),0,The First Harmful Event was Not a Collision with a Motor Vehicle in Transport,0,No,1,Non-Junction,1,Not an Intersection,0,None,,,4,On Roadside,1,Daylight,,,,,2,Rain,0,No,0000000,Not Applicable,8,8:00am-8:59am,23,23,8,8:00am-8:59am,33,33,88,"Not Applicable (Not Transported) ",88,Not Applicable (Not Transported),,,,,,,1,1
2020,21,210501,Kentucky,1,1,0,0,0,2,2,47,CHRISTIAN (47),0,NOT APPLICABLE,3,3,9,September,2020,5,Thursday,16,4:00pm-4:59pm,12,12,1,This section IS ON the NHS,2,Urban,2,Principal Arterial - Other Freeways and Expressways,1,State Highway Agency,3,State Highway,SR-9004,,79,79,36.84459167,36.84459167,-87.462427780,-87.462427780,0,No Special Jurisdiction,21,Bridge Pier or Support,0,The First Harmful Event was Not a Collision with a Motor Vehicle in Transport,0,No,1,Non-Junction,1,Not an Intersection,0,None,,,4,On Roadside,1,Daylight,,,,,10,Cloudy,0,No,0000000,Not Applicable,16,4:00pm-4:59pm,12,12,16,4:00pm-4:59pm,20,20,16,4:00pm-4:59pm,20,20,,,,,,,1,0
2020,21,210502,Kentucky,1,1,0,0,0,1,1,51,CLAY (51),0,NOT APPLICABLE,5,5,9,September,2020,7,Saturday,18,6:00pm-6:59pm,59,59,0,This section IS NOT on the NHS,1,Rural,5,Major Collector,1,State Highway Agency,3,State Highway,SR-11,,65,65,37.09617222,37.09617222,-83.755833330,-83.755833330,0,No Special Jurisdiction,24,Guardrail Face,0,The First Harmful Event was Not a Collision with a Motor Vehicle in Transport,0,No,1,Non-Junction,1,Not an Intersection,0,None,,,4,On Roadside,1,Daylight,,,,,1,Clear,0,No,0000000,Not Applicable,19,7:00pm-7:59pm,1,1,19,7:00pm-7:59pm,9,9,19,7:00pm-7:59pm,18,18,,,,,,,1,0
2020,21,210503,Kentucky,1,1,0,0,0,2,2,37,CAMPBELL (37),1550,HIGHLAND HTS,7,7,9,September,2020,2,Monday,15,3:00pm-3:59pm,32,32,1,This section IS ON the NHS,2,Urban,1,Interstate,1,State Highway Agency,1,Interstate,I-275,,759,759,39.03664167,39.03664167,-84.470169440,-84.470169440,0,No Special Jurisdiction,24,Guardrail Face,0,The First Harmful Event was Not a Collision with a Motor Vehicle in Transport,0,No,1,Non-Junction,1,Not an Intersection,0,None,,,3,On Median,1,Daylight,,,,,1,Clear,0,No,0000000,Not Applicable,15,3:00pm-3:59pm,31,31,15,3:00pm-3:59pm,38,38,16,4:00pm-4:59pm,3,3,,,,,,,1,0
2020,21,210504,Kentucky,2,2,0,0,0,2,2,191,PENDLETON (191),0,NOT APPLICABLE,9,9,9,September,2020,4,Wednesday,13,1:00pm-1:59pm,42,42,0,This section IS NOT on the NHS,1,Rural,4,Minor Arterial,1,State Highway Agency,2,U.S. Highway,US-27,,86,86,38.68564722,38.68564722,-84.349530560,-84.349530560,0,No Special Jurisdiction,12,Motor Vehicle In-Transport,2,Front-to-Front,0,No,1,Non-Junction,1,Not an Intersection,0,None,,,1,On Roadway,1,Daylight,,,,,1,Clear,0,No,0000000,Not Applicable,13,1:00pm-1:59pm,50,50,14,2:00pm-2:59pm,15,15,14,2:00pm-2:59pm,55,55,,,,,,,1,1
2020,21,210505,Kentucky,1,1,0,0,0,1,1,207,RUSSELL (207),2810,RUSSELL SPRINGS,10,10,9,September,2020,5,Thursday,0,0:00am-0:59am,29,29,1,This section IS ON the NHS,1,Rural,3,Principal Arterial - Other,1,State Highway Agency,2,U.S. Highway,US-127,,190,190,37.06825000,37.06825000,-85.071530560,-85.071530560,0,No Special Jurisdiction,58,Ground,0,The First Harmful Event was Not a Collision with a Motor Vehicle in Transport,0,No,1,Non-Junction,1,Not an Intersection,0,None,,,3,On Median,3,Dark - Lighted,,,,,1,Clear,0,No,0000000,Not Applicable,0,0:00am-0:59am,36,36,0,0:00am-0:59am,41,41,0,0:00am-0:59am,49,49,,,,,,,1,1
2020,21,210506,Kentucky,1,1,0,0,0,5,5,53,CLINTON (53),0,NOT APPLICABLE,13,13,9,September,2020,1,Sunday,4,4:00am-4:59am,2,2,1,This section IS ON the NHS,1,Rural,5,Major Collector,1,State Highway Agency,2,U.S. Highway,US-127X,,8,8,36.66875000,36.66875000,-85.114816670,-85.114816670,0,No Special Jurisdiction,5,Fell/Jumped from Vehicle,0,The First Harmful Event was Not a Collision with a Motor Vehicle in Transport,0,No,1,Non-Junction,1,Not an Intersection,0,None,,,1,On Roadway,2,Dark - Not Lighted,,,,,2,Rain,0,No,0000000,Not Applicable,4,4:00am-4:59am,3,3,4,4:00am-4:59am,5,5,4,4:00am-4:59am,22,22,,,,,,,1,1
2020,21,210507,Kentucky,2,2,0,0,0,2,2,193,PERRY (193),0,NOT APPLICABLE,13,13,9,September,2020,1,Sunday,11,11:00am-11:59am,39,39,1,This section IS ON the NHS,1,Rural,3,Principal Arterial - Other,1,State Highway Agency,3,State Highway,SR-15,,196,196,37.33715000,37.33715000,-83.254155560,-83.254155560,0,No Special Jurisdiction,12,Motor Vehicle In-Transport,1,Front-to-Rear,0,No,1,Non-Junction,1,Not an Intersection,0,None,,,1,On Roadway,1,Daylight,,,,,2,Rain,0,No,0000000,Not Applicable,11,11:00am-11:59am,41,41,11,11:00am-11:59am,52,52,12,12:00pm-12:59pm,12,12,,,,,,,1,0
2020,21,210508,Kentucky,2,2,0,0,0,2,2,179,NELSON (179),0,NOT APPLICABLE,20,20,9,September,2020,1,Sunday,17,5:00pm-5:59pm,49,49,0,This section IS NOT on the NHS,1,Rural,6,Minor Collector,1,State Highway Agency,3,State Highway,SR-162,,62,62,37.88668611,37.88668611,-85.330752780,-85.330752780,0,No Special Jurisdiction,12,Motor Vehicle In-Transport,8,Sideswipe - Opposite Direction,0,No,1,Non-Junction,1,Not an Intersection,0,None,,,1,On Roadway,1,Daylight,,,,,1,Clear,0,No,0000000,Not Applicable,17,5:00pm-5:59pm,49,49,18,6:00pm-6:59pm,3,3,0,0:00am-0:59am,0,0,,,,,,,1,0
2020,21,210509,Kentucky,2,2,0,0,0,2,2,85,GRAYSON (85),0,NOT APPLICABLE,26,26,9,September,2020,7,Saturday,15,3:00pm-3:59pm,3,3,0,This section IS NOT on the NHS,1,Rural,7,Local,2,County Highway Agency,4,County Road,CR-PLEASANT VIEW RD,,1,1,37.44610278,37.44610278,-86.394377780,-86.394377780,0,No Special Jurisdiction,12,Motor Vehicle In-Transport,2,Front-to-Front,0,No,1,Non-Junction,1,Not an Intersection,0,None,,,1,On Roadway,1,Daylight,,,,,1,Clear,0,No,0000000,Not Applicable,13,1:00pm-1:59pm,10,10,13,1:00pm-1:59pm,12,12,13,1:00pm-1:59pm,14,14,,,,,,,1,0
2020,21,210510,Kentucky,1,1,0,0,0,1,1,103,HENRY (103),0,NOT APPLICABLE,4,4,9,September,2020,6,Friday,14,2:00pm-2:59pm,48,48,0,This section IS NOT on the NHS,1,Rural,4,Minor Arterial,1,State Highway Agency,2,U.S. Highway,US-421,,48,48,38.34360833,38.34360833,-85.057377780,-85.057377780,0,No Special Jurisdiction,35,Embankment,0,The First Harmful Event was Not a Collision with a Motor Vehicle in Transport,0,No,1,Non-Junction,1,Not an Intersection,0,None,,,4,On Roadside,1,Daylight,,,,,1,Clear,0,No,0000000,Not Applicable,14,2:00pm-2:59pm,49,49,15,3:00pm-3:59pm,0,0,15,3:00pm-3:59pm,51,51,,,,,,,1,1
2020,21,210511,Kentucky,1,1,0,0,0,6,6,167,MERCER (167),0,NOT APPLICABLE,18,18,8,August,2020,3,Tuesday,21,9:00pm-9:59pm,17,17,0,This section IS NOT on the NHS,1,Rural,7,Local,2,County Highway Agency,4,County Road,CR-PARADISE CAMP RD,,15,15,37.73063333,37.73063333,-84.728622220,-84.728622220,0,No Special Jurisdiction,24,Guardrail Face,0,The First Harmful Event was Not a Collision with a Motor Vehicle in Transport,0,No,1,Non-Junction,1,Not an Intersection,0,None,,,4,On Roadside,2,Dark - Not Lighted,,,,,1,Clear,0,No,0000000,Not Applicable,21,9:00pm-9:59pm,21,21,21,9:00pm-9:59pm,32,32,22,10:00pm-10:59pm,20,20,,,,,,,1,0
2020,21,210512,Kentucky,2,2,0,0,0,3,3,35,CALLOWAY (35),0,NOT APPLICABLE,2,2,9,September,2020,4,Wednesday,9,9:00am-9:59am,12,12,1,This section IS ON the NHS,1,Rural,3,Principal Arterial - Other,1,State Highway Agency,3,State Highway,SR-80,SR-783,71,71,36.65263056,36.65263056,-88.360505560,-88.360505560,0,No Special Jurisdiction,12,Motor Vehicle In-Transport,6,Angle,0,No,2,Intersection,2,Four-Way Intersection,0,None,,,1,On Roadway,1,Daylight,,,,,2,Rain,0,No,0000000,Not Applicable,9,9:00am-9:59am,1,1,9,9:00am-9:59am,9,9,9,9:00am-9:59am,32,32,,,,,,,1,0