caseyear,state,st_case,statename,ve_total,ve_forms,pvh_invl,peds,pernotmvit,permvit,persons,county,countyname,city,cityname,day,dayname,month,monthname,year,day_week,day_weekname,hour,hourname,minute,minutename,nhs,nhsname,rur_urb,rur_urbname,func_sys,func_sysname,rd_owner,rd_ownername,route,routename,tway_id,tway_id2,milept,mileptname,latitude,latitudename,longitud,longitudname,sp_jur,sp_jurname,harm_ev,harm_evname,man_coll,man_collname,reljct1,reljct1name,reljct2,reljct2name,typ_int,typ_intname,wrk_zone,wrk_zonename,road_fnc,road_fncname,rel_road,rel_roadname,lgt_cond,lgt_condname,weather1,weather1name,weather2,weather2name,weather,weathername,sch_bus,sch_busname,rail,railname,not_hour,not_hourname,not_min,not_minname,arr_hour,arr_hourname,arr_min,arr_minname,hosp_hr,hosp_hrname,hosp_mn,hosp_mnname,cf1,cf1name,cf2,cf2name,cf3,cf3name,fatals,drunk_dr
2020,21,210551,Kentucky,5,5,0,0,0,12,12,111,JEFFERSON (111),2090,LOUISVILLE,24,24,10,October,2020,7,Saturday,20,8:00pm-8:59pm,4,4,1,This section IS ON the NHS,2,Urban,2,Principal Arterial - Other Freeways and Expressways,1,State Highway Agency,3,State Highway,SR-841,,30,30,38.09897500,38.09897500,-85.825330560,-85.825330560,0,No Special Jurisdiction,12,Motor Vehicle In-Transport,1,Front-to-Rear,0,No,1,Non-Junction,1,Not an Intersection,0,None,,,1,On Roadway,2,Dark - Not Lighted,,,,,10,Cloudy,0,No,0000000,Not Applicable,20,8:00pm-8:59pm,4,4,20,8:00pm-8:59pm,12,12,20,8:00pm-8:59pm,56,56,,,,,,,1,0
2020,21,210552,Kentucky,3,3,0,0,0,3,3,111,JEFFERSON (111),2090,LOUISVILLE,24,24,10,October,2020,7,Saturday,20,8:00pm-8:59pm,37,37,0,This section IS NOT on the NHS,2,Urban,4,Minor Arterial,1,State Highway Agency,3,State Highway,SR-864,E Indiana trl,92,92,38.17154722,38.17154722,-85.685000000,-85.685000000,0,No Special Jurisdiction,12,Motor Vehicle In-Transport,1,Front-to-Rear,0,No,3,Intersection-Related,2,Four-Way Intersection,0,None,,,1,On Roadway,2,Dark - Not Lighted,,,,,1,Clear,0,No,0000000,Not Applicable,20,8:00pm-8:59pm,39,39,20,8:00pm-8:59pm,43,43,21,9:00pm-9:59pm,21,21,,,,,,,1,1
2020,21,210553,Kentucky,1,1,0,0,0,1,1,197,POWELL (197),0,NOT APPLICABLE,12,12,10,October,2020,2,Monday,14,2:00pm-2:59pm,32,32,1,This section IS ON the NHS,1,Rural,5,Major Collector,1,State Highway Agency,3,State Highway,SR-11,,74,74,37.82321389,37.82321389,-83.751525000,-83.751525000,0,No Special Jurisdiction,1,Rollover/Overturn,0,The First Harmful Event was Not a Collision with a Motor Vehicle in Transport,0,No,1,Non-Junction,1,Not an Intersection,0,None,,,1,On Roadway,1,Daylight,,,,,1,Clear,0,No,0000000,Not Applicable,14,2:00pm-2:59pm,30,30,14,2:00pm-2:59pm,37,37,14,2:00pm-2:59pm,37,37,,,,,,,1,0
2020,21,210554,Kentucky,1,1,0,0,0,1,1,229,WASHINGTON (229),0,NOT APPLICABLE,26,26,10,October,2020,2,Monday,6,6:00am-6:59am,1,1,0,This section IS NOT on the NHS,1,Rural,7,Local,2,County Highway Agency,4,County Road,CR-MAKERS MARK RD,,8,8,37.66971111,37.66971111,-85.360477780,-85.360477780,0,No Special Jurisdiction,19,Building,0,The First Harmful Event was Not a Collision with a Motor Vehicle in Transport,0,No,1,Non-Junction,1,Not an Intersection,0,None,,,4,On Roadside,2,Dark - Not Lighted,,,,,10,Cloudy,0,No,0000000,Not Applicable,6,6:00am-6:59am,3,3,6,6:00am-6:59am,17,17,88,"Not Applicable (Not Transported) ",88,Not Applicable (Not Transported),,,,,,,1,0
2020,21,210556,Kentucky,2,2,0,0,0,2,2,147,MCCREARY (147),0,NOT APPLICABLE,29,29,10,October,2020,5,Thursday,19,7:00pm-7:59pm,51,51,0,This section IS NOT on the NHS,1,Rural,5,Major Collector,1,State Highway Agency,3,State Highway,SR-896,,26,26,36.87385556,36.87385556,-84.363300000,-84.363300000,0,No Special Jurisdiction,18,Other Object (not fixed),0,The First Harmful Event was Not a Collision with a Motor Vehicle in Transport,0,No,1,Non-Junction,1,Not an Intersection,0,None,,,1,On Roadway,2,Dark - Not Lighted,,,,,10,Cloudy,0,No,0000000,Not Applicable,19,7:00pm-7:59pm,45,45,20,8:00pm-8:59pm,6,6,88,"Not Applicable (Not Transported) ",88,Not Applicable (Not Transported),,,,,,,1,1
2020,21,210557,Kentucky,3,3,0,1,1,3,3,111,JEFFERSON (111),2090,LOUISVILLE,1,1,10,October,2020,5,Thursday,23,11:00pm-11:59pm,45,45,1,This section IS ON the NHS,2,Urban,4,Minor Arterial,1,State Highway Agency,3,State Highway,SR-864,,99,99,38.17974167,38.17974167,-85.692908330,-85.692908330,0,No Special Jurisdiction,8,Pedestrian,0,The First Harmful Event was Not a Collision with a Motor Vehicle in Transport,0,No,1,Non-Junction,1,Not an Intersection,0,None,,,1,On Roadway,2,Dark - Not Lighted,,,,,1,Clear,0,No,0000000,Not Applicable,23,11:00pm-11:59pm,45,45,23,11:00pm-11:59pm,48,48,88,"Not Applicable (Not Transported) ",88,Not Applicable (Not Transported),,,,,,,1,0
2020,21,210558,Kentucky,2,2,0,0,0,2,2,141,LOGAN (141),0,NOT APPLICABLE,5,5,10,October,2020,2,Monday,16,4:00pm-4:59pm,49,49,1,This section IS ON the NHS,1,Rural,6,Minor Collector,1,State Highway Agency,3,State Highway,SR-107,,17,17,37.01730833,37.01730833,-87.025488890,-87.025488890,0,No Special Jurisdiction,12,Motor Vehicle In-Transport,6,Angle,0,No,1,Non-Junction,1,Not an Intersection,0,None,,,1,On Roadway,1,Daylight,,,,,1,Clear,0,No,0000000,Not Applicable,16,4:00pm-4:59pm,49,49,17,5:00pm-5:59pm,11,11,17,5:00pm-5:59pm,57,57,,,,,,,1,1
2020,21,210559,Kentucky,1,1,0,0,0,1,1,25,BREATHITT (25),1720,JACKSON,8,8,10,October,2020,5,Thursday,13,1:00pm-1:59pm,38,38,1,This section IS ON the NHS,1,Rural,3,Principal Arterial - Other,1,State Highway Agency,3,State Highway,SR-15,,136,136,37.52478333,37.52478333,-83.345891670,-83.345891670,0,No Special Jurisdiction,53,Mail Box,0,The First Harmful Event was Not a Collision with a Motor Vehicle in Transport,0,No,1,Non-Junction,1,Not an Intersection,0,None,,,4,On Roadside,1,Daylight,,,,,1,Clear,0,No,0000000,Not Applicable,13,1:00pm-1:59pm,40,40,13,1:00pm-1:59pm,43,43,88,"Not Applicable (Not Transported) ",88,Not Applicable (Not Transported),,,,,,,1,0
2020,21,210560,Kentucky,3,3,0,0,0,4,4,75,FULTON (75),0,NOT APPLICABLE,9,9,10,October,2020,6,Friday,15,3:00pm-3:59pm,22,22,0,This section IS NOT on the NHS,1,Rural,5,Major Collector,1,State Highway Agency,3,State Highway,SR-166,EAST WOOD DR,128,128,36.51519722,36.51519722,-88.897883330,-88.897883330,0,No Special Jurisdiction,12,Motor Vehicle In-Transport,6,Angle,0,No,2,Intersection,2,Four-Way Intersection,0,None,,,1,On Roadway,1,Daylight,,,,,2,Rain,0,No,0000000,Not Applicable,15,3:00pm-3:59pm,22,22,15,3:00pm-3:59pm,42,42,16,4:00pm-4:59pm,26,26,,,,,,,1,0
2020,21,210561,Kentucky,2,2,0,0,0,7,7,29,BULLITT (29),2990,SHEPHERDSVILLE,10,10,10,October,2020,7,Saturday,6,6:00am-6:59am,25,25,1,This section IS ON the NHS,2,Urban,1,Interstate,1,State Highway Agency,1,Interstate,I-65,,1167,1167,37.99478611,37.99478611,-85.705294440,-85.705294440,0,No Special Jurisdiction,12,Motor Vehicle In-Transport,7,Sideswipe - Same Direction,0,No,1,Non-Junction,1,Not an Intersection,0,None,,,1,On Roadway,3,Dark - Lighted,,,,,10,Cloudy,0,No,0000000,Not Applicable,6,6:00am-6:59am,30,30,6,6:00am-6:59am,37,37,6,6:00am-6:59am,46,46,,,,,,,1,0
2020,21,210562,Kentucky,1,1,0,0,0,1,1,37,CAMPBELL (37),730,COLD SPRING,13,13,10,October,2020,3,Tuesday,14,2:00pm-2:59pm,32,32,0,This section IS NOT on the NHS,2,Urban,3,Principal Arterial - Other,1,State Highway Agency,3,State Highway,SR-009 RAMP,,135,135,39.00215556,39.00215556,-84.415958330,-84.415958330,0,No Special Jurisdiction,52,Guardrail End,0,The First Harmful Event was Not a Collision with a Motor Vehicle in Transport,1,Yes,5,Entrance/Exit Ramp Related,1,Not an Intersection,0,None,,,4,On Roadside,1,Daylight,,,,,1,Clear,0,No,0000000,Not Applicable,14,2:00pm-2:59pm,21,21,14,2:00pm-2:59pm,39,39,15,3:00pm-3:59pm,10,10,,,,,,,1,0
2020,21,210563,Kentucky,1,1,0,0,0,1,1,183,OHIO (183),0,NOT APPLICABLE,21,21,10,October,2020,4,Wednesday,23,11:00pm-11:59pm,34,34,0,This section IS NOT on the NHS,1,Rural,5,Major Collector,1,State Highway Agency,2,U.S. Highway,US-62,,240,240,37.46398056,37.46398056,-86.655197220,-86.655197220,0,No Special Jurisdiction,23,Bridge Rail (Includes parapet),0,The First Harmful Event was Not a Collision with a Motor Vehicle in Transport,0,No,1,Non-Junction,1,Not an Intersection,0,None,,,4,On Roadside,2,Dark - Not Lighted,,,,,10,Cloudy,0,No,0000000,Not Applicable,23,11:00pm-11:59pm,37,37,23,11:00pm-11:59pm,49,49,88,"Not Applicable (Not Transported) ",88,Not Applicable (Not Transported),,,,,,,1,0
2020,21,210564,Kentucky,2,2,0,1,1,3,3,37,CAMPBELL (37),2400,NEWPORT,23,23,10,October,2020,6,Friday,15,3:00pm-3:59pm,56,56,1,This section IS ON the NHS,2,Urban,1,Interstate,1,State Highway Agency,1,Interstate,I-471,,48,48,39.09972500,39.09972500,-84.492952780,-84.492952780,0,No Special Jurisdiction,8,Pedestrian,0,The First Harmful Event was Not a Collision with a Motor Vehicle in Transport,0,No,1,Non-Junction,1,Not an Intersection,0,None,,,1,On Roadway,1,Daylight,,,,,1,Clear,0,No,0000000,Not Applicable,15,3:00pm-3:59pm,56,56,16,4:00pm-4:59pm,1,1,16,4:00pm-4:59pm,14,14,,,,,,,1,0
2020,21,210565,Kentucky,2,2,0,0,0,2,2,195,PIKE (195),0,NOT APPLICABLE,30,30,10,October,2020,6,Friday,13,1:00pm-1:59pm,10,10,1,This section IS ON the NHS,1,Rural,3,Principal Arterial - Other,1,State Highway Agency,2,U.S. Highway,US-23,CANEY DR,91,91,37.32847500,37.32847500,-82.559122220,-82.559122220,0,No Special Jurisdiction,12,Motor Vehicle In-Transport,2,Front-to-Front,0,No,2,Intersection,3,T-Intersection,0,None,,,1,On Roadway,1,Daylight,,,,,1,Clear,0,No,0000000,Not Applicable,13,1:00pm-1:59pm,17,17,13,1:00pm-1:59pm,34,34,14,2:00pm-2:59pm,26,26,,,,,,,1,0
2020,21,210566,Kentucky,4,3,1,1,1,2,2,81,GRANT (81),0,NOT APPLICABLE,30,30,10,October,2020,6,Friday,21,9:00pm-9:59pm,44,44,1,This section IS ON the NHS,1,Rural,1,Interstate,1,State Highway Agency,1,Interstate,I-75,,1559,1559,38.64833611,38.64833611,-84.587705560,-84.587705560,0,No Special Jurisdiction,12,Motor Vehicle In-Transport,7,Sideswipe - Same Direction,0,No,1,Non-Junction,1,Not an Intersection,0,None,,,1,On Roadway,3,Dark - Lighted,,,,,1,Clear,0,No,0000000,Not Applicable,21,9:00pm-9:59pm,54,54,21,9:00pm-9:59pm,59,59,88,"Not Applicable (Not Transported) ",88,Not Applicable (Not Transported),,,,,,,1,0
2020,21,210567,Kentucky,3,3,0,0,0,4,4,111,JEFFERSON (111),2090,LOUISVILLE,30,30,10,October,2020,6,Friday,23,11:00pm-11:59pm,15,15,1,This section IS ON the NHS,2,Urban,1,Interstate,1,State Highway Agency,1,Interstate,I-264,,102,102,38.19005278,38.19005278,-85.764858330,-85.764858330,0,No Special Jurisdiction,12,Motor Vehicle In-Transport,1,Front-to-Rear,0,No,1,Non-Junction,1,Not an Intersection,0,None,,,1,On Roadway,3,Dark - Lighted,,,,,1,Clear,0,No,0000000,Not Applicable,23,11:00pm-11:59pm,15,15,23,11:00pm-11:59pm,20,20,88,"Not Applicable (Not Transported) ",88,Not Applicable (Not Transported),,,,,,,1,0
2020,21,210568,Kentucky,1,1,0,0,0,1,1,185,OLDHAM (185),0,NOT APPLICABLE,30,30,10,October,2020,6,Friday,0,0:00am-0:59am,58,58,0,This section IS NOT on the NHS,1,Rural,4,Minor Arterial,1,State Highway Agency,2,U.S. Highway,US-42,,128,128,38.45428889,38.45428889,-85.420411110,-85.420411110,0,No Special Jurisdiction,30,Utility Pole/Light Support,0,The First Harmful Event was Not a Collision with a Motor Vehicle in Transport,0,No,1,Non-Junction,1,Not an Intersection,0,None,,,4,On Roadside,2,Dark - Not Lighted,,,,,1,Clear,0,No,0000000,Not Applicable,99,Unknown,99,Unknown,99,Unknown EMS Scene Arrival Hour,99,Unknown EMS Scene Arrival Minutes,88,"Not Applicable (Not Transported) ",88,Not Applicable (Not Transported),,,,,,,1,1
2020,21,210569,Kentucky,2,2,0,0,0,3,3,9,BARREN (9),0,NOT APPLICABLE,31,31,10,October,2020,7,Saturday,6,6:00am-6:59am,23,23,1,This section IS ON the NHS,1,Rural,3,Principal Arterial - Other,1,State Highway Agency,3,State Highway,SR-9008,,10,10,37.05111667,37.05111667,-86.096652780,-86.096652780,0,No Special Jurisdiction,12,Motor Vehicle In-Transport,1,Front-to-Rear,0,No,1,Non-Junction,1,Not an Intersection,0,None,,,1,On Roadway,4,Dawn,,,,,1,Clear,0,No,0000000,Not Applicable,6,6:00am-6:59am,24,24,6,6:00am-6:59am,37,37,8,8:00am-8:59am,15,15,,,,,,,1,0
2020,21,210570,Kentucky,1,1,0,0,0,2,2,175,MORGAN (175),0,NOT APPLICABLE,31,31,10,October,2020,7,Saturday,13,1:00pm-1:59pm,57,57,0,This section IS NOT on the NHS,1,Rural,5,Major Collector,1,State Highway Agency,3,State Highway,SR-203,,0,None,37.81523056,37.81523056,-83.405591670,-83.405591670,0,No Special Jurisdiction,42,Tree (Standing Only),0,The First Harmful Event was Not a Collision with a Motor Vehicle in Transport,0,No,1,Non-Junction,1,Not an Intersection,0,None,,,4,On Roadside,1,Daylight,,,,,1,Clear,0,No,0000000,Not Applicable,13,1:00pm-1:59pm,55,55,14,2:00pm-2:59pm,6,6,15,3:00pm-3:59pm,1,1,,,,,,,1,0
2020,21,210571,Kentucky,1,1,0,0,0,1,1,95,HARLAN (95),0,NOT APPLICABLE,31,31,10,October,2020,7,Saturday,23,11:00pm-11:59pm,5,5,0,This section IS NOT on the NHS,2,Urban,6,Minor Collector,1,State Highway Agency,3,State Highway,SR-840,,55,55,36.85665000,36.85665000,-83.332263890,-83.332263890,0,No Special Jurisdiction,1,Rollover/Overturn,0,The First Harmful Event was Not a Collision with a Motor Vehicle in Transport,0,No,1,Non-Junction,1,Not an Intersection,0,None,,,4,On Roadside,2,Dark - Not Lighted,,,,,10,Cloudy,0,No,0000000,Not Applicable,23,11:00pm-11:59pm,11,11,23,11:00pm-11:59pm,18,18,23,11:00pm-11:59pm,40,40,,,,,,,1,1
2020,21,210572,Kentucky,3,3,0,0,0,5,5,61,EDMONSON (61),0,NOT APPLICABLE,13,13,10,October,2020,3,Tuesday,15,3:00pm-3:59pm,20,20,1,This section IS ON the NHS,1,Rural,4,Minor Arterial,1,State Highway Agency,3,State Highway,SR-259,ARTHUR RD,91,91,37.16051111,37.16051111,-86.222550000,-86.222550000,0,No Special Jurisdiction,12,Motor Vehicle In-Transport,1,Front-to-Rear,0,No,2,Intersection,2,Four-Way Intersection,0,None,,,1,On Roadway,1,Daylight,,,,,1,Clear,0,No,0000000,Not Applicable,15,3:00pm-3:59pm,22,22,15,3:00pm-3:59pm,28,28,16,4:00pm-4:59pm,9,9,,,,,,,1,1
2020,21,210573,Kentucky,2,2,0,0,0,3,3,211,SHELBY (211),0,NOT APPLICABLE,15,15,10,October,2020,5,Thursday,10,10:00am-10:59am,29,29,0,This section IS NOT on the NHS,1,Rural,4,Minor Arterial,1,State Highway Agency,2,U.S. Highway,US-60,,150,150,38.19909722,38.19909722,-85.140097220,-85.140097220,0,No Special Jurisdiction,12,Motor Vehicle In-Transport,2,Front-to-Front,0,No,1,Non-Junction,1,Not an Intersection,0,None,,,1,On Roadway,1,Daylight,,,,,10,Cloudy,0,No,0000000,Not Applicable,10,10:00am-10:59am,32,32,10,10:00am-10:59am,37,37,11,11:00am-11:59am,14,14,,,,,,,1,0
2020,21,210574,Kentucky,4,4,0,0,0,4,4,19,BOYD (19),120,ASHLAND,30,30,10,October,2020,6,Friday,7,7:00am-7:59am,30,30,1,This section IS ON the NHS,2,Urban,3,Principal Arterial - Other,1,State Highway Agency,2,U.S. Highway,US-23,,163,163,38.46573889,38.46573889,-82.618180560,-82.618180560,0,No Special Jurisdiction,12,Motor Vehicle In-Transport,8,Sideswipe - Opposite Direction,0,No,1,Non-Junction,1,Not an Intersection,0,None,,,1,On Roadway,4,Dawn,,,,,1,Clear,0,No,0000000,Not Applicable,7,7:00am-7:59am,32,32,7,7:00am-7:59am,36,36,8,8:00am-8:59am,6,6,,,,,,,1,0
2020,21,210575,Kentucky,1,1,0,0,0,1,1,179,NELSON (179),0,NOT APPLICABLE,31,31,10,October,2020,7,Saturday,4,4:00am-4:59am,40,40,0,This section IS NOT on the NHS,1,Rural,6,Minor Collector,1,State Highway Agency,3,State Highway,SR-509,,40,40,37.89878611,37.89878611,-85.482269440,-85.482269440,0,No Special Jurisdiction,32,Culvert,0,The First Harmful Event was Not a Collision with a Motor Vehicle in Transport,0,No,1,Non-Junction,1,Not an Intersection,0,None,,,4,On Roadside,2,Dark - Not Lighted,,,,,1,Clear,0,No,0000000,Not Applicable,0,0:00am-0:59am,0,0,0,0:00am-0:59am,0,0,88,"Not Applicable (Not Transported) ",88,Not Applicable (Not Transported),,,,,,,1,1
2020,21,210576,Kentucky,2,2,0,0,0,4,4,93,HARDIN (93),0,NOT APPLICABLE,25,25,10,October,2020,1,Sunday,20,8:00pm-8:59pm,32,32,0,This section IS NOT on the NHS,1,Rural,6,Minor Collector,1,State Highway Agency,3,State Highway,SR-434,SR-251,31,31,37.78144444,37.78144444,-85.856558330,-85.856558330,0,No Special Jurisdiction,12,Motor Vehicle In-Transport,2,Front-to-Front,0,No,2,Intersection,2,Four-Way Intersection,0,None,,,1,On Roadway,2,Dark - Not Lighted,,,,,10,Cloudy,0,No,0000000,Not Applicable,20,8:00pm-8:59pm,31,31,20,8:00pm-8:59pm,33,33,21,9:00pm-9:59pm,2,2,,,,,,,1,0
2020,21,210577,Kentucky,2,2,0,0,0,2,2,29,BULLITT (29),2990,SHEPHERDSVILLE,3,3,10,October,2020,7,Saturday,14,2:00pm-2:59pm,50,50,1,This section IS ON the NHS,2,Urban,4,Minor Arterial,1,State Highway Agency,3,State Highway,SR-44,,111,111,37.99865556,37.99865556,-85.732116670,-85.732116670,0,No Special Jurisdiction,12,Motor Vehicle In-Transport,2,Front-to-Front,0,No,1,Non-Junction,1,Not an Intersection,0,None,,,1,On Roadway,1,Daylight,,,,,1,Clear,0,No,0000000,Not Applicable,14,2:00pm-2:59pm,51,51,14,2:00pm-2:59pm,55,55,15,3:00pm-3:59pm,11,11,,,,,,,1,0
2020,21,210578,Kentucky,2,2,0,0,0,2,2,115,JOHNSON (115),0,NOT APPLICABLE,14,14,10,October,2020,4,Wednesday,17,5:00pm-5:59pm,35,35,0,This section IS NOT on the NHS,2,Urban,4,Minor Arterial,1,State Highway Agency,3,State Highway,SR-321,,49,49,37.78681111,37.78681111,-82.803538890,-82.803538890,0,No Special Jurisdiction,12,Motor Vehicle In-Transport,1,Front-to-Rear,0,No,1,Non-Junction,1,Not an Intersection,0,None,,,1,On Roadway,1,Daylight,,,,,1,Clear,0,No,0000000,Not Applicable,17,5:00pm-5:59pm,49,49,17,5:00pm-5:59pm,54,54,18,6:00pm-6:59pm,30,30,,,,,,,1,0
2020,21,210579,Kentucky,3,3,0,0,0,5,5,117,KENTON (117),817,CRESTVIEW HILLS,29,29,10,October,2020,5,Thursday,10,10:00am-10:59am,49,49,1,This section IS ON the NHS,2,Urban,1,Interstate,1,State Highway Agency,1,Interstate,I-275,,815,815,39.02540278,39.02540278,-84.559580560,-84.559580560,0,No Special Jurisdiction,25,Concrete Traffic Barrier,0,The First Harmful Event was Not a Collision with a Motor Vehicle in Transport,0,No,1,Non-Junction,1,Not an Intersection,0,None,,,3,On Median,1,Daylight,,,,,2,Rain,0,No,0000000,Not Applicable,10,10:00am-10:59am,54,54,11,11:00am-11:59am,0,0,11,11:00am-11:59am,43,43,,,,,,,1,0
2020,21,210580,Kentucky,2,2,0,0,0,2,2,229,WASHINGTON (229),0,NOT APPLICABLE,5,5,10,October,2020,2,Monday,16,4:00pm-4:59pm,0,0,0,This section IS NOT on the NHS,1,Rural,5,Major Collector,1,State Highway Agency,3,State Highway,SR-55,,88,88,37.74801944,37.74801944,-85.262666670,-85.262666670,0,No Special Jurisdiction,12,Motor Vehicle In-Transport,8,Sideswipe - Opposite Direction,0,No,1,Non-Junction,1,Not an Intersection,0,None,,,1,On Roadway,1,Daylight,,,,,1,Clear,0,No,0000000,Not Applicable,99,Unknown,99,Unknown,99,Unknown EMS Scene Arrival Hour,99,Unknown EMS Scene Arrival Minutes,99,Unknown,99,Unknown EMS Hospital Arrival Time,,,,,,,1,0
2020,21,210581,Kentucky,2,2,0,0,0,2,2,209,SCOTT (209),0,NOT APPLICABLE,24,24,1,January,2020,6,Friday,17,5:00pm-5:59pm,5,5,0,This section IS NOT on the NHS,1,Rural,4,Minor Arterial,1,State Highway Agency,2,U.S. Highway,US-460,,174,174,38.22347500,38.22347500,-84.420358330,-84.420358330,0,No Special Jurisdiction,12,Motor Vehicle In-Transport,2,Front-to-Front,0,No,1,Non-Junction,1,Not an Intersection,0,None,,,1,On Roadway,1,Daylight,,,,,10,Cloudy,0,No,0000000,Not Applicable,17,5:00pm-5:59pm,6,6,17,5:00pm-5:59pm,16,16,88,"Not Applicable (Not Transported) ",88,Not Applicable (Not Transported),,,,,,,1,0
2020,21,210582,Kentucky,2,2,0,0,0,3,3,199,PULASKI (199),0,NOT APPLICABLE,28,28,3,March,2020,7,Saturday,15,3:00pm-3:59pm,12,12,0,This section IS NOT on the NHS,1,Rural,5,Major Collector,1,State Highway Agency,3,State Highway,SR-192,,73,73,37.07284722,37.07284722,-84.471400000,-84.471400000,0,No Special Jurisdiction,12,Motor Vehicle In-Transport,6,Angle,0,No,1,Non-Junction,1,Not an Intersection,0,None,,,1,On Roadway,1,Daylight,,,,,10,Cloudy,0,No,0000000,Not Applicable,15,3:00pm-3:59pm,14,14,15,3:00pm-3:59pm,26,26,16,4:00pm-4:59pm,19,19,,,,,,,1,0
2020,21,210583,Kentucky,1,1,0,0,0,4,4,89,GREENUP (89),0,NOT APPLICABLE,8,8,7,July,2020,4,Wednesday,1,1:00am-1:59am,5,5,0,This section IS NOT on the NHS,1,Rural,7,Local,2,County Highway Agency,4,County Road,CR-BLK TURKEY LICK RD,,2,2,88.88880000,88.88880000,888.888800000,888.888800000,0,No Special Jurisdiction,5,Fell/Jumped from Vehicle,0,The First Harmful Event was Not a Collision with a Motor Vehicle in Transport,0,No,1,Non-Junction,1,Not an Intersection,0,None,,,1,On Roadway,2,Dark - Not Lighted,,,,,1,Clear,0,No,0000000,Not Applicable,1,1:00am-1:59am,7,7,1,1:00am-1:59am,27,27,88,"Not Applicable (Not Transported) ",88,Not Applicable (Not Transported),,,,,,,1,1
2020,21,210584,Kentucky,1,1,0,0,0,2,2,193,PERRY (193),115,ARY,24,24,9,September,2020,5,Thursday,14,2:00pm-2:59pm,5,5,0,This section IS NOT on the NHS,1,Rural,6,Minor Collector,1,State Highway Agency,3,State Highway,SR-1087,,14,14,37.38601111,37.38601111,-83.127833330,-83.127833330,0,No Special Jurisdiction,42,Tree (Standing Only),0,The First Harmful Event was Not a Collision with a Motor Vehicle in Transport,0,No,1,Non-Junction,1,Not an Intersection,0,None,,,4,On Roadside,1,Daylight,,,,,1,Clear,0,No,0000000,Not Applicable,14,2:00pm-2:59pm,7,7,14,2:00pm-2:59pm,34,34,15,3:00pm-3:59pm,15,15,,,,,,,1,0
2020,21,210585,Kentucky,1,1,0,0,0,2,2,131,LESLIE (131),0,NOT APPLICABLE,28,28,3,March,2020,7,Saturday,17,5:00pm-5:59pm,18,18,0,This section IS NOT on the NHS,1,Rural,7,Local,1,State Highway Agency,3,State Highway,SR-3427,,9,9,37.04706667,37.04706667,-83.225480560,-83.225480560,0,No Special Jurisdiction,1,Rollover/Overturn,0,The First Harmful Event was Not a Collision with a Motor Vehicle in Transport,0,No,1,Non-Junction,1,Not an Intersection,0,None,,,1,On Roadway,1,Daylight,,,,,1,Clear,0,No,0000000,Not Applicable,17,5:00pm-5:59pm,25,25,17,5:00pm-5:59pm,52,52,88,"Not Applicable (Not Transported) ",88,Not Applicable (Not Transported),,,,,,,2,1
2020,21,210586,Kentucky,2,2,0,0,0,2,2,21,BOYLE (21),1760,JUNCTION CITY,2,2,5,May,2020,7,Saturday,16,4:00pm-4:59pm,10,10,1,This section IS ON the NHS,2,Urban,3,Principal Arterial - Other,1,State Highway Agency,2,U.S. Highway,US-127,HENRY STREET,6,6,37.57966667,37.57966667,-84.789033330,-84.789033330,0,No Special Jurisdiction,12,Motor Vehicle In-Transport,9,Rear-to-Side,0,No,3,Intersection-Related,2,Four-Way Intersection,0,None,,,1,On Roadway,1,Daylight,,,,,1,Clear,0,No,0000000,Not Applicable,16,4:00pm-4:59pm,12,12,16,4:00pm-4:59pm,18,18,16,4:00pm-4:59pm,30,30,,,,,,,1,0
2020,21,210587,Kentucky,1,1,0,0,0,1,1,235,WHITLEY (235),0,NOT APPLICABLE,7,7,7,July,2020,3,Tuesday,20,8:00pm-8:59pm,28,28,0,This section IS NOT on the NHS,1,Rural,5,Major Collector,1,State Highway Agency,2,U.S. Highway,US-25W,,25,25,36.62360833,36.62360833,-84.114088890,-84.114088890,0,No Special Jurisdiction,30,Utility Pole/Light Support,0,The First Harmful Event was Not a Collision with a Motor Vehicle in Transport,0,No,1,Non-Junction,1,Not an Intersection,0,None,,,4,On Roadside,1,Daylight,,,,,10,Cloudy,0,No,0000000,Not Applicable,88,Not Applicable (Not Notified),88,Not Applicable (Not Notified),88,Not Applicable,88,Not Applicable,88,"Not Applicable (Not Transported) ",88,Not Applicable (Not Transported),,,,,,,1,0
2020,21,210588,Kentucky,1,1,0,0,0,1,1,59,DAVIESS (59),0,NOT APPLICABLE,19,19,7,July,2020,1,Sunday,12,12:00pm-12:59pm,54,54,0,This section IS NOT on the NHS,1,Rural,3,Principal Arterial - Other,1,State Highway Agency,3,State Highway,SR-1554 RAMP,,1,1,37.75752500,37.75752500,-87.257233330,-87.257233330,0,No Special Jurisdiction,34,Ditch,0,The First Harmful Event was Not a Collision with a Motor Vehicle in Transport,1,Yes,5,Entrance/Exit Ramp Related,1,Not an Intersection,0,None,,,4,On Roadside,1,Daylight,,,,,1,Clear,0,No,0000000,Not Applicable,12,12:00pm-12:59pm,54,54,13,1:00pm-1:59pm,7,7,13,1:00pm-1:59pm,49,49,,,,,,,1,0