caseyear,state,st_case,statename,ve_total,ve_forms,pvh_invl,peds,pernotmvit,permvit,persons,county,countyname,city,cityname,day,dayname,month,monthname,year,day_week,day_weekname,hour,hourname,minute,minutename,nhs,nhsname,rur_urb,rur_urbname,func_sys,func_sysname,rd_owner,rd_ownername,route,routename,tway_id,tway_id2,milept,mileptname,latitude,latitudename,longitud,longitudname,sp_jur,sp_jurname,harm_ev,harm_evname,man_coll,man_collname,reljct1,reljct1name,reljct2,reljct2name,typ_int,typ_intname,wrk_zone,wrk_zonename,road_fnc,road_fncname,rel_road,rel_roadname,lgt_cond,lgt_condname,weather1,weather1name,weather2,weather2name,weather,weathername,sch_bus,sch_busname,rail,railname,not_hour,not_hourname,not_min,not_minname,arr_hour,arr_hourname,arr_min,arr_minname,hosp_hr,hosp_hrname,hosp_mn,hosp_mnname,cf1,cf1name,cf2,cf2name,cf3,cf3name,fatals,drunk_dr
2020,21,210663,Kentucky,1,1,0,0,0,1,1,41,CARROLL (41),0,NOT APPLICABLE,9,9,12,December,2020,4,Wednesday,15,3:00pm-3:59pm,10,10,1,This section IS ON the NHS,1,Rural,1,Interstate,1,State Highway Agency,1,Interstate,I-71,,469,469,38.65496111,38.65496111,-85.077944440,-85.077944440,0,No Special Jurisdiction,24,Guardrail Face,0,The First Harmful Event was Not a Collision with a Motor Vehicle in Transport,0,No,1,Non-Junction,1,Not an Intersection,0,None,,,3,On Median,1,Daylight,,,,,1,Clear,0,No,0000000,Not Applicable,15,3:00pm-3:59pm,7,7,15,3:00pm-3:59pm,34,34,88,"Not Applicable (Not Transported) ",88,Not Applicable (Not Transported),,,,,,,1,0
2020,21,210664,Kentucky,3,2,1,0,1,5,6,117,KENTON (117),1767,KENTON,10,10,12,December,2020,5,Thursday,0,0:00am-0:59am,4,4,1,This section IS ON the NHS,2,Urban,1,Interstate,1,State Highway Agency,1,Interstate,I-75,,1854,1854,39.03993333,39.03993333,-84.587938890,-84.587938890,0,No Special Jurisdiction,14,Parked Motor Vehicle,0,The First Harmful Event was Not a Collision with a Motor Vehicle in Transport,0,No,1,Non-Junction,1,Not an Intersection,2,Maintenance,,,2,On Shoulder,3,Dark - Lighted,,,,,1,Clear,0,No,0000000,Not Applicable,0,0:00am-0:59am,6,6,0,0:00am-0:59am,15,15,0,0:00am-0:59am,42,42,,,,,,,2,0
2020,21,210665,Kentucky,1,1,0,0,0,1,1,199,PULASKI (199),0,NOT APPLICABLE,10,10,12,December,2020,5,Thursday,15,3:00pm-3:59pm,45,45,0,This section IS NOT on the NHS,1,Rural,6,Minor Collector,1,State Highway Agency,3,State Highway,SR-692,,7,7,37.10507222,37.10507222,-84.553966670,-84.553966670,0,No Special Jurisdiction,24,Guardrail Face,0,The First Harmful Event was Not a Collision with a Motor Vehicle in Transport,0,No,1,Non-Junction,1,Not an Intersection,0,None,,,4,On Roadside,1,Daylight,,,,,1,Clear,0,No,0000000,Not Applicable,15,3:00pm-3:59pm,47,47,15,3:00pm-3:59pm,54,54,88,"Not Applicable (Not Transported) ",88,Not Applicable (Not Transported),,,,,,,1,0
2020,21,210666,Kentucky,2,2,0,0,0,2,2,3,ALLEN (3),0,NOT APPLICABLE,10,10,12,December,2020,5,Thursday,16,4:00pm-4:59pm,34,34,1,This section IS ON the NHS,1,Rural,3,Principal Arterial - Other,1,State Highway Agency,2,U.S. Highway,US-31E,,11,11,36.65894167,36.65894167,-86.246161110,-86.246161110,0,No Special Jurisdiction,12,Motor Vehicle In-Transport,6,Angle,0,No,1,Non-Junction,1,Not an Intersection,0,None,,,1,On Roadway,2,Dark - Not Lighted,,,,,1,Clear,0,No,0000000,Not Applicable,16,4:00pm-4:59pm,36,36,16,4:00pm-4:59pm,44,44,17,5:00pm-5:59pm,24,24,,,,,,,1,0
2020,21,210667,Kentucky,3,3,0,0,0,3,3,101,HENDERSON (101),0,NOT APPLICABLE,10,10,12,December,2020,5,Thursday,18,6:00pm-6:59pm,14,14,1,This section IS ON the NHS,1,Rural,4,Minor Arterial,1,State Highway Agency,2,U.S. Highway,US-60,,82,82,37.79717500,37.79717500,-87.654988890,-87.654988890,0,No Special Jurisdiction,24,Guardrail Face,0,The First Harmful Event was Not a Collision with a Motor Vehicle in Transport,0,No,1,Non-Junction,1,Not an Intersection,0,None,,,4,On Roadside,2,Dark - Not Lighted,,,,,1,Clear,0,No,0000000,Not Applicable,18,6:00pm-6:59pm,11,11,18,6:00pm-6:59pm,18,18,18,6:00pm-6:59pm,39,39,,,,,,,1,0
2020,21,210668,Kentucky,1,1,0,0,0,2,2,225,UNION (225),0,NOT APPLICABLE,11,11,12,December,2020,6,Friday,1,1:00am-1:59am,56,56,0,This section IS NOT on the NHS,1,Rural,5,Major Collector,1,State Highway Agency,3,State Highway,SR-360,,120,120,37.77366389,37.77366389,-87.857891670,-87.857891670,0,No Special Jurisdiction,38,Fence,0,The First Harmful Event was Not a Collision with a Motor Vehicle in Transport,0,No,1,Non-Junction,1,Not an Intersection,0,None,,,4,On Roadside,2,Dark - Not Lighted,,,,,1,Clear,0,No,0000000,Not Applicable,2,2:00am-2:59am,0,0,2,2:00am-2:59am,20,20,3,3:00am-3:59am,34,34,,,,,,,1,0
2020,21,210669,Kentucky,1,1,0,0,0,1,1,163,MEADE (163),360,BRANDENBURG,11,11,12,December,2020,6,Friday,15,3:00pm-3:59pm,1,1,0,This section IS NOT on the NHS,2,Urban,7,Local,3,Town or Township Highway Agency,5,Local Street - Township,DOE VALLEY PKWY,,5,5,37.96154167,37.96154167,-86.119905560,-86.119905560,0,No Special Jurisdiction,24,Guardrail Face,0,The First Harmful Event was Not a Collision with a Motor Vehicle in Transport,0,No,1,Non-Junction,1,Not an Intersection,0,None,,,4,On Roadside,1,Daylight,,,,,1,Clear,0,No,0000000,Not Applicable,14,2:00pm-2:59pm,55,55,15,3:00pm-3:59pm,6,6,88,"Not Applicable (Not Transported) ",88,Not Applicable (Not Transported),,,,,,,1,0
2020,21,210670,Kentucky,1,1,0,0,0,2,2,95,HARLAN (95),2711,PUTNEY,11,11,12,December,2020,6,Friday,20,8:00pm-8:59pm,16,16,0,This section IS NOT on the NHS,1,Rural,7,Local,1,State Highway Agency,3,State Highway,SR-522,,60,60,36.91519444,36.91519444,-83.196638890,-83.196638890,0,No Special Jurisdiction,35,Embankment,0,The First Harmful Event was Not a Collision with a Motor Vehicle in Transport,0,No,1,Non-Junction,1,Not an Intersection,0,None,,,4,On Roadside,2,Dark - Not Lighted,,,,,10,Cloudy,0,No,0000000,Not Applicable,20,8:00pm-8:59pm,16,16,20,8:00pm-8:59pm,30,30,88,"Not Applicable (Not Transported) ",88,Not Applicable (Not Transported),,,,,,,2,0
2020,21,210671,Kentucky,1,1,0,1,1,1,1,47,CHRISTIAN (47),0,NOT APPLICABLE,12,12,12,December,2020,7,Saturday,22,10:00pm-10:59pm,3,3,1,This section IS ON the NHS,1,Rural,3,Principal Arterial - Other,1,State Highway Agency,3,State Highway,SR-9004,,171,171,36.97252222,36.97252222,-87.465066670,-87.465066670,0,No Special Jurisdiction,8,Pedestrian,0,The First Harmful Event was Not a Collision with a Motor Vehicle in Transport,0,No,1,Non-Junction,1,Not an Intersection,0,None,,,1,On Roadway,2,Dark - Not Lighted,,,,,10,Cloudy,0,No,0000000,Not Applicable,22,10:00pm-10:59pm,4,4,22,10:00pm-10:59pm,15,15,88,"Not Applicable (Not Transported) ",88,Not Applicable (Not Transported),,,,,,,1,0
2020,21,210672,Kentucky,2,2,0,0,0,3,3,103,HENRY (103),517,CAMPBELLSBURG,13,13,12,December,2020,1,Sunday,16,4:00pm-4:59pm,30,30,0,This section IS NOT on the NHS,1,Rural,4,Minor Arterial,1,State Highway Agency,2,U.S. Highway,US-421,I-75 EXIT RAMP,241,241,38.52113611,38.52113611,-85.235100000,-85.235100000,0,No Special Jurisdiction,12,Motor Vehicle In-Transport,6,Angle,0,No,2,Intersection,3,T-Intersection,0,None,,,1,On Roadway,1,Daylight,,,,,10,Cloudy,0,No,0000000,Not Applicable,16,4:00pm-4:59pm,36,36,16,4:00pm-4:59pm,48,48,17,5:00pm-5:59pm,8,8,,,,,,,1,0
2020,21,210673,Kentucky,1,1,0,0,0,1,1,183,OHIO (183),0,NOT APPLICABLE,13,13,12,December,2020,1,Sunday,19,7:00pm-7:59pm,40,40,0,This section IS NOT on the NHS,1,Rural,5,Major Collector,1,State Highway Agency,3,State Highway,SR-69,,219,219,37.52698056,37.52698056,-86.801780560,-86.801780560,0,No Special Jurisdiction,1,Rollover/Overturn,0,The First Harmful Event was Not a Collision with a Motor Vehicle in Transport,0,No,1,Non-Junction,1,Not an Intersection,0,None,,,4,On Roadside,2,Dark - Not Lighted,,,,,2,Rain,0,No,0000000,Not Applicable,19,7:00pm-7:59pm,45,45,19,7:00pm-7:59pm,55,55,88,"Not Applicable (Not Transported) ",88,Not Applicable (Not Transported),,,,,,,1,0
2020,21,210674,Kentucky,2,2,0,0,0,3,3,93,HARDIN (93),0,NOT APPLICABLE,14,14,12,December,2020,2,Monday,15,3:00pm-3:59pm,12,12,0,This section IS NOT on the NHS,1,Rural,4,Minor Arterial,1,State Highway Agency,3,State Highway,SR-1600,,52,52,37.77995833,37.77995833,-86.004077780,-86.004077780,0,No Special Jurisdiction,12,Motor Vehicle In-Transport,2,Front-to-Front,0,No,1,Non-Junction,1,Not an Intersection,0,None,,,1,On Roadway,1,Daylight,,,,,1,Clear,0,No,0000000,Not Applicable,15,3:00pm-3:59pm,15,15,15,3:00pm-3:59pm,29,29,15,3:00pm-3:59pm,56,56,,,,,,,1,0
2020,21,210675,Kentucky,1,1,0,0,0,1,1,27,BRECKINRIDGE (27),0,NOT APPLICABLE,11,11,12,December,2020,6,Friday,21,9:00pm-9:59pm,36,36,0,This section IS NOT on the NHS,1,Rural,4,Minor Arterial,1,State Highway Agency,3,State Highway,SR-79,,141,141,37.73974167,37.73974167,-86.412875000,-86.412875000,0,No Special Jurisdiction,32,Culvert,0,The First Harmful Event was Not a Collision with a Motor Vehicle in Transport,0,No,1,Non-Junction,1,Not an Intersection,0,None,,,4,On Roadside,2,Dark - Not Lighted,,,,,1,Clear,0,No,0000000,Not Applicable,21,9:00pm-9:59pm,37,37,21,9:00pm-9:59pm,43,43,22,10:00pm-10:59pm,36,36,,,,,,,1,1
2020,21,210676,Kentucky,2,2,0,0,0,3,3,179,NELSON (179),170,BARDSTOWN,12,12,12,December,2020,7,Saturday,18,6:00pm-6:59pm,52,52,0,This section IS NOT on the NHS,2,Urban,4,Minor Arterial,1,State Highway Agency,2,U.S. Highway,US-31E,FLAMINGO Dr,161,161,37.83713611,37.83713611,-85.460583330,-85.460583330,0,No Special Jurisdiction,12,Motor Vehicle In-Transport,6,Angle,0,No,2,Intersection,3,T-Intersection,0,None,,,1,On Roadway,3,Dark - Lighted,,,,,1,Clear,0,No,0000000,Not Applicable,18,6:00pm-6:59pm,56,56,18,6:00pm-6:59pm,58,58,19,7:00pm-7:59pm,25,25,,,,,,,1,1
2020,21,210677,Kentucky,1,1,0,0,0,2,2,83,GRAVES (83),0,NOT APPLICABLE,15,15,12,December,2020,3,Tuesday,5,5:00am-5:59am,45,45,0,This section IS NOT on the NHS,1,Rural,5,Major Collector,1,State Highway Agency,3,State Highway,SR-80,,28,28,36.78664444,36.78664444,-88.769844440,-88.769844440,0,No Special Jurisdiction,32,Culvert,0,The First Harmful Event was Not a Collision with a Motor Vehicle in Transport,0,No,1,Non-Junction,1,Not an Intersection,0,None,,,4,On Roadside,2,Dark - Not Lighted,,,,,1,Clear,0,No,0000000,Not Applicable,6,6:00am-6:59am,7,7,6,6:00am-6:59am,22,22,6,6:00am-6:59am,51,51,,,,,,,1,0
2020,21,210678,Kentucky,1,1,0,1,1,1,1,145,MCCRACKEN (145),0,NOT APPLICABLE,15,15,12,December,2020,3,Tuesday,5,5:00am-5:59am,45,45,0,This section IS NOT on the NHS,2,Urban,3,Principal Arterial - Other,1,State Highway Agency,3,State Highway,SR-1286,E KIMBERLY RD,41,41,37.04324444,37.04324444,-88.664675000,-88.664675000,0,No Special Jurisdiction,8,Pedestrian,0,The First Harmful Event was Not a Collision with a Motor Vehicle in Transport,0,No,3,Intersection-Related,3,T-Intersection,0,None,,,1,On Roadway,2,Dark - Not Lighted,,,,,1,Clear,0,No,0000000,Not Applicable,5,5:00am-5:59am,49,49,5,5:00am-5:59am,51,51,88,"Not Applicable (Not Transported) ",88,Not Applicable (Not Transported),,,,,,,1,0
2020,21,210679,Kentucky,1,1,0,0,0,1,1,111,JEFFERSON (111),2090,LOUISVILLE,1,1,12,December,2020,3,Tuesday,2,2:00am-2:59am,26,26,1,This section IS ON the NHS,2,Urban,1,Interstate,1,State Highway Agency,1,Interstate,I-265,,200,200,38.15289167,38.15289167,-85.535994440,-85.535994440,0,No Special Jurisdiction,24,Guardrail Face,0,The First Harmful Event was Not a Collision with a Motor Vehicle in Transport,0,No,1,Non-Junction,1,Not an Intersection,0,None,,,3,On Median,2,Dark - Not Lighted,,,,,10,Cloudy,0,No,0000000,Not Applicable,2,2:00am-2:59am,26,26,2,2:00am-2:59am,37,37,3,3:00am-3:59am,31,31,,,,,,,1,0
2020,21,210680,Kentucky,1,1,0,1,1,3,3,67,FAYETTE (67),1980,LEXINGTON-FAYETTE,16,16,12,December,2020,4,Wednesday,21,9:00pm-9:59pm,17,17,1,This section IS ON the NHS,2,Urban,3,Principal Arterial - Other,1,State Highway Agency,2,U.S. Highway,US-25,FONTAINE RD,113,113,38.01808611,38.01808611,-84.464791670,-84.464791670,0,No Special Jurisdiction,8,Pedestrian,0,The First Harmful Event was Not a Collision with a Motor Vehicle in Transport,0,No,3,Intersection-Related,2,Four-Way Intersection,0,None,,,1,On Roadway,3,Dark - Lighted,,,,,10,Cloudy,0,No,0000000,Not Applicable,21,9:00pm-9:59pm,17,17,21,9:00pm-9:59pm,18,18,21,9:00pm-9:59pm,30,30,,,,,,,1,0
2020,21,210681,Kentucky,1,1,0,0,0,2,2,215,SPENCER (215),0,NOT APPLICABLE,16,16,12,December,2020,4,Wednesday,21,9:00pm-9:59pm,59,59,0,This section IS NOT on the NHS,1,Rural,4,Minor Arterial,1,State Highway Agency,3,State Highway,SR-44,,3,3,38.06148056,38.06148056,-85.481341670,-85.481341670,0,No Special Jurisdiction,42,Tree (Standing Only),0,The First Harmful Event was Not a Collision with a Motor Vehicle in Transport,0,No,1,Non-Junction,1,Not an Intersection,0,None,,,4,On Roadside,2,Dark - Not Lighted,,,,,2,Rain,0,No,0000000,Not Applicable,22,10:00pm-10:59pm,0,0,22,10:00pm-10:59pm,16,16,88,"Not Applicable (Not Transported) ",88,Not Applicable (Not Transported),,,,,,,1,1
2020,21,210682,Kentucky,1,1,0,0,0,2,2,65,ESTILL (65),0,NOT APPLICABLE,19,19,12,December,2020,7,Saturday,11,11:00am-11:59am,22,22,0,This section IS NOT on the NHS,1,Rural,6,Minor Collector,1,State Highway Agency,3,State Highway,SR-594,,85,85,37.62688333,37.62688333,-83.991297220,-83.991297220,0,No Special Jurisdiction,35,Embankment,0,The First Harmful Event was Not a Collision with a Motor Vehicle in Transport,0,No,1,Non-Junction,1,Not an Intersection,0,None,,,4,On Roadside,1,Daylight,,,,,10,Cloudy,0,No,0000000,Not Applicable,11,11:00am-11:59am,27,27,11,11:00am-11:59am,34,34,12,12:00pm-12:59pm,13,13,,,,,,,1,1
2020,21,210683,Kentucky,1,1,0,0,0,1,1,111,JEFFERSON (111),2090,LOUISVILLE,19,19,12,December,2020,7,Saturday,23,11:00pm-11:59pm,42,42,1,This section IS ON the NHS,2,Urban,4,Minor Arterial,1,State Highway Agency,2,U.S. Highway,US-60A,,63,63,38.22826667,38.22826667,-85.717005560,-85.717005560,0,No Special Jurisdiction,42,Tree (Standing Only),0,The First Harmful Event was Not a Collision with a Motor Vehicle in Transport,0,No,1,Non-Junction,1,Not an Intersection,0,None,,,4,On Roadside,3,Dark - Lighted,,,,,2,Rain,0,No,0000000,Not Applicable,23,11:00pm-11:59pm,43,43,23,11:00pm-11:59pm,48,48,0,0:00am-0:59am,26,26,,,,,,,1,1
2020,21,210684,Kentucky,1,1,0,0,0,1,1,13,BELL (13),0,NOT APPLICABLE,20,20,12,December,2020,1,Sunday,18,6:00pm-6:59pm,26,26,1,This section IS ON the NHS,1,Rural,3,Principal Arterial - Other,1,State Highway Agency,2,U.S. Highway,US-25,,69,69,36.67656944,36.67656944,-83.684227780,-83.684227780,0,No Special Jurisdiction,35,Embankment,0,The First Harmful Event was Not a Collision with a Motor Vehicle in Transport,0,No,1,Non-Junction,1,Not an Intersection,0,None,,,4,On Roadside,2,Dark - Not Lighted,,,,,10,Cloudy,0,No,0000000,Not Applicable,18,6:00pm-6:59pm,42,42,18,6:00pm-6:59pm,47,47,88,"Not Applicable (Not Transported) ",88,Not Applicable (Not Transported),,,,,,,1,1
2020,21,210685,Kentucky,2,2,0,0,0,2,2,235,WHITLEY (235),0,NOT APPLICABLE,1,1,12,December,2020,3,Tuesday,7,7:00am-7:59am,12,12,1,This section IS ON the NHS,1,Rural,1,Interstate,1,State Highway Agency,1,Interstate,I-75,,144,144,36.77892500,36.77892500,-84.170077780,-84.170077780,0,No Special Jurisdiction,23,Bridge Rail (Includes parapet),0,The First Harmful Event was Not a Collision with a Motor Vehicle in Transport,0,No,1,Non-Junction,1,Not an Intersection,0,None,,,3,On Median,2,Dark - Not Lighted,,,,,10,Cloudy,0,No,0000000,Not Applicable,6,6:00am-6:59am,21,21,6,6:00am-6:59am,44,44,88,"Not Applicable (Not Transported) ",88,Not Applicable (Not Transported),,,,,,,1,0
2020,21,210686,Kentucky,1,1,0,1,1,3,3,121,KNOX (121),770,CORBIN,4,4,12,December,2020,6,Friday,21,9:00pm-9:59pm,20,20,1,This section IS ON the NHS,2,Urban,3,Principal Arterial - Other,1,State Highway Agency,2,U.S. Highway,US-25E,,260,260,36.96280833,36.96280833,-84.078302780,-84.078302780,0,No Special Jurisdiction,8,Pedestrian,0,The First Harmful Event was Not a Collision with a Motor Vehicle in Transport,0,No,1,Non-Junction,1,Not an Intersection,0,None,,,1,On Roadway,2,Dark - Not Lighted,,,,,2,Rain,0,No,0000000,Not Applicable,21,9:00pm-9:59pm,20,20,21,9:00pm-9:59pm,24,24,88,"Not Applicable (Not Transported) ",88,Not Applicable (Not Transported),,,,,,,1,0
2020,21,210687,Kentucky,1,1,0,0,0,1,1,135,LEWIS (135),0,NOT APPLICABLE,6,6,12,December,2020,1,Sunday,2,2:00am-2:59am,2,2,0,This section IS NOT on the NHS,1,Rural,6,Minor Collector,1,State Highway Agency,3,State Highway,SR-8,,0,None,38.60696944,38.60696944,-83.190047220,-83.190047220,0,No Special Jurisdiction,30,Utility Pole/Light Support,0,The First Harmful Event was Not a Collision with a Motor Vehicle in Transport,0,No,1,Non-Junction,1,Not an Intersection,0,None,,,4,On Roadside,2,Dark - Not Lighted,,,,,1,Clear,0,No,0000000,Not Applicable,2,2:00am-2:59am,2,2,2,2:00am-2:59am,3,3,88,"Not Applicable (Not Transported) ",88,Not Applicable (Not Transported),,,,,,,1,0
2020,21,210688,Kentucky,1,1,0,0,0,1,1,235,WHITLEY (235),0,NOT APPLICABLE,7,7,12,December,2020,2,Monday,13,1:00pm-1:59pm,56,56,0,This section IS NOT on the NHS,1,Rural,7,Local,2,County Highway Agency,4,County Road,CR-WHIPPORWILL RD,,3,3,36.91995833,36.91995833,-84.255063890,-84.255063890,0,No Special Jurisdiction,30,Utility Pole/Light Support,0,The First Harmful Event was Not a Collision with a Motor Vehicle in Transport,0,No,1,Non-Junction,1,Not an Intersection,0,None,,,4,On Roadside,1,Daylight,,,,,10,Cloudy,0,No,0000000,Not Applicable,13,1:00pm-1:59pm,59,59,14,2:00pm-2:59pm,11,11,14,2:00pm-2:59pm,45,45,,,,,,,1,0
2020,21,210689,Kentucky,2,2,0,1,1,2,2,111,JEFFERSON (111),2090,LOUISVILLE,20,20,12,December,2020,1,Sunday,23,11:00pm-11:59pm,8,8,1,This section IS ON the NHS,2,Urban,1,Interstate,1,State Highway Agency,1,Interstate,I-64 RAMP,,1,1,38.27537222,38.27537222,-85.808388890,-85.808388890,0,No Special Jurisdiction,8,Pedestrian,0,The First Harmful Event was Not a Collision with a Motor Vehicle in Transport,1,Yes,20,Entrance/Exit Ramp,1,Not an Intersection,0,None,,,1,On Roadway,2,Dark - Not Lighted,,,,,1,Clear,0,No,0000000,Not Applicable,23,11:00pm-11:59pm,9,9,23,11:00pm-11:59pm,14,14,0,0:00am-0:59am,5,5,,,,,,,1,0
2020,21,210690,Kentucky,1,1,0,0,0,1,1,99,HART (99),0,NOT APPLICABLE,22,22,12,December,2020,3,Tuesday,20,8:00pm-8:59pm,12,12,0,This section IS NOT on the NHS,1,Rural,5,Major Collector,1,State Highway Agency,2,U.S. Highway,US-31W,,81,81,37.24262778,37.24262778,-85.892511110,-85.892511110,0,No Special Jurisdiction,35,Embankment,0,The First Harmful Event was Not a Collision with a Motor Vehicle in Transport,0,No,1,Non-Junction,1,Not an Intersection,0,None,,,4,On Roadside,2,Dark - Not Lighted,,,,,1,Clear,0,No,0000000,Not Applicable,0,0:00am-0:59am,0,0,0,0:00am-0:59am,0,0,88,"Not Applicable (Not Transported) ",88,Not Applicable (Not Transported),,,,,,,1,0
2020,21,210691,Kentucky,2,2,0,0,0,5,5,11,BATH (11),0,NOT APPLICABLE,24,24,12,December,2020,5,Thursday,14,2:00pm-2:59pm,38,38,0,This section IS NOT on the NHS,1,Rural,4,Minor Arterial,1,State Highway Agency,3,State Highway,SR-11,,6,6,38.17128333,38.17128333,-83.953102780,-83.953102780,0,No Special Jurisdiction,12,Motor Vehicle In-Transport,2,Front-to-Front,0,No,1,Non-Junction,1,Not an Intersection,0,None,,,1,On Roadway,1,Daylight,,,,,98,Not Reported,0,No,0000000,Not Applicable,14,2:00pm-2:59pm,35,35,14,2:00pm-2:59pm,57,57,16,4:00pm-4:59pm,22,22,,,,,,,2,1
2020,21,210692,Kentucky,1,1,0,0,0,1,1,157,MARSHALL (157),0,NOT APPLICABLE,26,26,12,December,2020,7,Saturday,20,8:00pm-8:59pm,12,12,0,This section IS NOT on the NHS,1,Rural,7,Local,2,County Highway Agency,4,County Road,CR-BURGE ISLAND RD,,19,19,36.86475278,36.86475278,-88.213663890,-88.213663890,0,No Special Jurisdiction,42,Tree (Standing Only),0,The First Harmful Event was Not a Collision with a Motor Vehicle in Transport,0,No,1,Non-Junction,1,Not an Intersection,0,None,,,4,On Roadside,2,Dark - Not Lighted,,,,,1,Clear,0,No,0000000,Not Applicable,20,8:00pm-8:59pm,26,26,20,8:00pm-8:59pm,40,40,88,"Not Applicable (Not Transported) ",88,Not Applicable (Not Transported),,,,,,,1,1
2020,21,210693,Kentucky,1,1,0,0,0,2,2,103,HENRY (103),0,NOT APPLICABLE,27,27,12,December,2020,1,Sunday,3,3:00am-3:59am,8,8,0,This section IS NOT on the NHS,1,Rural,5,Major Collector,1,State Highway Agency,3,State Highway,SR-153,,76,76,38.47746389,38.47746389,-85.313505560,-85.313505560,0,No Special Jurisdiction,1,Rollover/Overturn,0,The First Harmful Event was Not a Collision with a Motor Vehicle in Transport,0,No,1,Non-Junction,1,Not an Intersection,0,None,,,4,On Roadside,2,Dark - Not Lighted,,,,,1,Clear,0,No,0000000,Not Applicable,3,3:00am-3:59am,10,10,3,3:00am-3:59am,25,25,4,4:00am-4:59am,26,26,,,,,,,1,0
2020,21,210694,Kentucky,1,1,0,1,1,1,1,111,JEFFERSON (111),2090,LOUISVILLE,27,27,12,December,2020,1,Sunday,19,7:00pm-7:59pm,31,31,0,This section IS NOT on the NHS,2,Urban,4,Minor Arterial,1,State Highway Agency,3,State Highway,SR-61,,46,46,38.14776389,38.14776389,-85.691891670,-85.691891670,0,No Special Jurisdiction,8,Pedestrian,0,The First Harmful Event was Not a Collision with a Motor Vehicle in Transport,0,No,1,Non-Junction,1,Not an Intersection,0,None,,,1,On Roadway,2,Dark - Not Lighted,,,,,10,Cloudy,0,No,0000000,Not Applicable,19,7:00pm-7:59pm,33,33,19,7:00pm-7:59pm,38,38,20,8:00pm-8:59pm,10,10,,,,,,,1,0
2020,21,210695,Kentucky,1,1,0,0,0,1,1,67,FAYETTE (67),1980,LEXINGTON-FAYETTE,21,21,12,December,2020,2,Monday,9,9:00am-9:59am,9,9,0,This section IS NOT on the NHS,2,Urban,7,Local,1,State Highway Agency,5,Local Street - Township,TATES CREEK CENTRE DR,,0,None,37.96873056,37.96873056,-84.501786110,-84.501786110,0,No Special Jurisdiction,19,Building,0,The First Harmful Event was Not a Collision with a Motor Vehicle in Transport,0,No,1,Non-Junction,1,Not an Intersection,0,None,,,5,Outside Trafficway,1,Daylight,,,,,10,Cloudy,0,No,0000000,Not Applicable,9,9:00am-9:59am,11,11,9,9:00am-9:59am,15,15,10,10:00am-10:59am,2,2,,,,,,,1,0
2020,21,210696,Kentucky,1,1,0,2,2,1,1,15,BOONE (15),1150,FLORENCE,28,28,12,December,2020,2,Monday,18,6:00pm-6:59pm,51,51,1,This section IS ON the NHS,2,Urban,3,Principal Arterial - Other,1,State Highway Agency,3,State Highway,SR-18,,148,148,39.00264444,39.00264444,-84.650991670,-84.650991670,0,No Special Jurisdiction,8,Pedestrian,0,The First Harmful Event was Not a Collision with a Motor Vehicle in Transport,0,No,1,Non-Junction,1,Not an Intersection,0,None,,,1,On Roadway,3,Dark - Lighted,,,,,1,Clear,0,No,0000000,Not Applicable,18,6:00pm-6:59pm,51,51,18,6:00pm-6:59pm,55,55,19,7:00pm-7:59pm,12,12,,,,,,,1,0
2020,21,210697,Kentucky,1,1,0,0,0,1,1,111,JEFFERSON (111),2090,LOUISVILLE,27,27,12,December,2020,1,Sunday,3,3:00am-3:59am,50,50,1,This section IS ON the NHS,2,Urban,3,Principal Arterial - Other,1,State Highway Agency,2,U.S. Highway,US-60,,15,15,38.22740556,38.22740556,-85.790852780,-85.790852780,0,No Special Jurisdiction,30,Utility Pole/Light Support,0,The First Harmful Event was Not a Collision with a Motor Vehicle in Transport,0,No,1,Non-Junction,1,Not an Intersection,0,None,,,4,On Roadside,3,Dark - Lighted,,,,,1,Clear,0,No,0000000,Not Applicable,3,3:00am-3:59am,51,51,3,3:00am-3:59am,57,57,88,"Not Applicable (Not Transported) ",88,Not Applicable (Not Transported),,,,,,,1,1
2020,21,210698,Kentucky,2,2,0,1,1,3,3,111,JEFFERSON (111),2090,LOUISVILLE,29,29,12,December,2020,3,Tuesday,18,6:00pm-6:59pm,20,20,1,This section IS ON the NHS,2,Urban,1,Interstate,1,State Highway Agency,1,Interstate,I-265,,330,330,38.30210556,38.30210556,-85.556005560,-85.556005560,0,No Special Jurisdiction,8,Pedestrian,0,The First Harmful Event was Not a Collision with a Motor Vehicle in Transport,0,No,1,Non-Junction,1,Not an Intersection,0,None,,,1,On Roadway,3,Dark - Lighted,,,,,1,Clear,0,No,0000000,Not Applicable,18,6:00pm-6:59pm,21,21,18,6:00pm-6:59pm,28,28,88,"Not Applicable (Not Transported) ",88,Not Applicable (Not Transported),,,,,,,1,0