caseyear,state,st_case,statename,ve_total,ve_forms,pvh_invl,peds,pernotmvit,permvit,persons,county,countyname,city,cityname,day,dayname,month,monthname,year,day_week,day_weekname,hour,hourname,minute,minutename,nhs,nhsname,rur_urb,rur_urbname,func_sys,func_sysname,rd_owner,rd_ownername,route,routename,tway_id,tway_id2,milept,mileptname,latitude,latitudename,longitud,longitudname,sp_jur,sp_jurname,harm_ev,harm_evname,man_coll,man_collname,reljct1,reljct1name,reljct2,reljct2name,typ_int,typ_intname,wrk_zone,wrk_zonename,road_fnc,road_fncname,rel_road,rel_roadname,lgt_cond,lgt_condname,weather1,weather1name,weather2,weather2name,weather,weathername,sch_bus,sch_busname,rail,railname,not_hour,not_hourname,not_min,not_minname,arr_hour,arr_hourname,arr_min,arr_minname,hosp_hr,hosp_hrname,hosp_mn,hosp_mnname,cf1,cf1name,cf2,cf2name,cf3,cf3name,fatals,drunk_dr
2021,21,210051,Kentucky,2,2,0,0,0,3,3,119,KNOTT (119),0,NOT APPLICABLE,4,4,2,February,2021,5,Thursday,18,6:00pm-6:59pm,50,50,0,This section IS NOT on the NHS,1,Rural,4,Minor Arterial,1,State Highway Agency,3,State Highway,SR-160,,53,53,37.28056944,37.28056944,-82.938788890,-82.938788890,0,No Special Jurisdiction,12,Motor Vehicle In-Transport,6,Angle,0,No,1,Non-Junction,1,Not an Intersection,0,None,,,1,On Roadway,2,Dark - Not Lighted,,,,,1,Clear,0,No,0000000,Not Applicable,11,11:00am-11:59am,11,11,11,11:00am-11:59am,11,11,11,11:00am-11:59am,11,11,,,,,,,1,
2021,21,210052,Kentucky,2,2,0,0,0,3,3,227,WARREN (227),0,NOT APPLICABLE,6,6,2,February,2021,7,Saturday,4,4:00am-4:59am,56,56,1,This section IS ON the NHS,1,Rural,1,Interstate,1,State Highway Agency,1,Interstate,I-65,,322,322,37.01278333,37.01278333,-86.294041670,-86.294041670,0,No Special Jurisdiction,12,Motor Vehicle In-Transport,1,Front-to-Rear,0,No,1,Non-Junction,1,Not an Intersection,0,None,,,1,On Roadway,2,Dark - Not Lighted,,,,,1,Clear,0,No,0000000,Not Applicable,4,4:00am-4:59am,57,57,5,5:00am-5:59am,14,14,88,"Not Applicable (Not Transported) ",88,Not Applicable (Not Transported),,,,,,,1,
2021,21,210053,Kentucky,1,1,0,0,0,1,1,29,BULLITT (29),1572,HILLVIEW,6,6,2,February,2021,7,Saturday,15,3:00pm-3:59pm,32,32,1,This section IS ON the NHS,2,Urban,4,Minor Arterial,1,State Highway Agency,3,State Highway,SR-1526,,137,137,38.03803333,38.03803333,-85.668902780,-85.668902780,0,No Special Jurisdiction,34,Ditch,0,The First Harmful Event was Not a Collision with a Motor Vehicle in Transport,0,No,1,Non-Junction,1,Not an Intersection,0,None,,,4,On Roadside,1,Daylight,,,,,10,Cloudy,0,No,0000000,Not Applicable,14,2:00pm-2:59pm,58,58,15,3:00pm-3:59pm,8,8,88,"Not Applicable (Not Transported) ",88,Not Applicable (Not Transported),,,,,,,1,
2021,21,210054,Kentucky,1,1,0,0,0,2,2,111,JEFFERSON (111),2090,LOUISVILLE,7,7,2,February,2021,1,Sunday,2,2:00am-2:59am,15,15,1,This section IS ON the NHS,2,Urban,4,Minor Arterial,1,State Highway Agency,3,State Highway,SR-1747,,114,114,38.21838889,38.21838889,-85.584847220,-85.584847220,0,No Special Jurisdiction,30,Utility Pole/Light Support,0,The First Harmful Event was Not a Collision with a Motor Vehicle in Transport,0,No,1,Non-Junction,1,Not an Intersection,0,None,,,4,On Roadside,3,Dark - Lighted,,,,,10,Cloudy,0,No,0000000,Not Applicable,2,2:00am-2:59am,15,15,2,2:00am-2:59am,21,21,3,3:00am-3:59am,6,6,,,,,,,1,
2021,21,210055,Kentucky,2,2,0,0,0,2,2,111,JEFFERSON (111),2090,LOUISVILLE,7,7,2,February,2021,1,Sunday,17,5:00pm-5:59pm,50,50,1,This section IS ON the NHS,2,Urban,4,Minor Arterial,1,State Highway Agency,2,U.S. Highway,US-60A,,60,60,38.22604167,38.22604167,-85.722172220,-85.722172220,0,No Special Jurisdiction,12,Motor Vehicle In-Transport,8,Sideswipe - Opposite Direction,0,No,1,Non-Junction,1,Not an Intersection,0,None,,,1,On Roadway,3,Dark - Lighted,,,,,1,Clear,0,No,0000000,Not Applicable,17,5:00pm-5:59pm,51,51,18,6:00pm-6:59pm,0,0,18,6:00pm-6:59pm,25,25,,,,,,,1,
2021,21,210056,Kentucky,3,3,0,0,0,3,3,101,HENDERSON (101),0,NOT APPLICABLE,9,9,2,February,2021,3,Tuesday,7,7:00am-7:59am,33,33,0,This section IS NOT on the NHS,1,Rural,4,Minor Arterial,1,State Highway Agency,2,U.S. Highway,US-60,,0,None,37.72885278,37.72885278,-87.755002780,-87.755002780,0,No Special Jurisdiction,30,Utility Pole/Light Support,0,The First Harmful Event was Not a Collision with a Motor Vehicle in Transport,0,No,1,Non-Junction,1,Not an Intersection,0,None,,,4,On Roadside,1,Daylight,,,,,10,Cloudy,0,No,0000000,Not Applicable,7,7:00am-7:59am,30,30,8,8:00am-8:59am,0,0,9,9:00am-9:59am,0,0,,,,,,,1,
2021,21,210057,Kentucky,1,1,0,0,0,1,1,185,OLDHAM (185),0,NOT APPLICABLE,9,9,2,February,2021,3,Tuesday,17,5:00pm-5:59pm,28,28,0,This section IS NOT on the NHS,2,Urban,6,Minor Collector,1,State Highway Agency,3,State Highway,SR-1818,,3,3,38.30910278,38.30910278,-85.439600000,-85.439600000,0,No Special Jurisdiction,42,Tree (Standing Only),0,The First Harmful Event was Not a Collision with a Motor Vehicle in Transport,0,No,1,Non-Junction,1,Not an Intersection,0,None,,,4,On Roadside,1,Daylight,,,,,10,Cloudy,0,No,0000000,Not Applicable,17,5:00pm-5:59pm,31,31,17,5:00pm-5:59pm,38,38,88,"Not Applicable (Not Transported) ",88,Not Applicable (Not Transported),,,,,,,1,
2021,21,210058,Kentucky,1,1,0,0,0,2,2,223,TRIMBLE (223),0,NOT APPLICABLE,14,14,2,February,2021,1,Sunday,8,8:00am-8:59am,36,36,0,This section IS NOT on the NHS,1,Rural,7,Local,1,State Highway Agency,5,Local Street - Township,SPRINGS CREEK LN,,0,None,38.66790278,38.66790278,-85.432222220,-85.432222220,0,No Special Jurisdiction,1,Rollover/Overturn,0,The First Harmful Event was Not a Collision with a Motor Vehicle in Transport,0,No,1,Non-Junction,1,Not an Intersection,0,None,,,4,On Roadside,2,Dark - Not Lighted,,,,,1,Clear,0,No,0000000,Not Applicable,8,8:00am-8:59am,36,36,9,9:00am-9:59am,2,2,88,"Not Applicable (Not Transported) ",88,Not Applicable (Not Transported),,,,,,,2,
2021,21,210059,Kentucky,2,2,0,0,0,2,2,21,BOYLE (21),0,NOT APPLICABLE,9,9,2,February,2021,3,Tuesday,13,1:00pm-1:59pm,12,12,1,This section IS ON the NHS,1,Rural,3,Principal Arterial - Other,1,State Highway Agency,2,U.S. Highway,US-127,,88,88,37.68589444,37.68589444,-84.796608330,-84.796608330,0,No Special Jurisdiction,12,Motor Vehicle In-Transport,1,Front-to-Rear,0,No,1,Non-Junction,1,Not an Intersection,0,None,,,1,On Roadway,1,Daylight,,,,,10,Cloudy,0,No,0000000,Not Applicable,13,1:00pm-1:59pm,13,13,13,1:00pm-1:59pm,19,19,13,1:00pm-1:59pm,41,41,,,,,,,1,
2021,21,210060,Kentucky,2,2,0,0,0,2,2,157,MARSHALL (157),0,NOT APPLICABLE,15,15,2,February,2021,2,Monday,13,1:00pm-1:59pm,56,56,1,This section IS ON the NHS,1,Rural,1,Interstate,1,State Highway Agency,1,Interstate,I-24,,265,265,37.00321667,37.00321667,-88.324727780,-88.324727780,0,No Special Jurisdiction,12,Motor Vehicle In-Transport,1,Front-to-Rear,0,No,1,Non-Junction,1,Not an Intersection,0,None,,,1,On Roadway,1,Daylight,,,,,4,Snow,0,No,0000000,Not Applicable,13,1:00pm-1:59pm,57,57,13,1:00pm-1:59pm,59,59,14,2:00pm-2:59pm,31,31,,,,,,,1,
2021,21,210061,Kentucky,2,2,0,0,0,2,2,203,ROCKCASTLE (203),0,NOT APPLICABLE,15,15,2,February,2021,2,Monday,15,3:00pm-3:59pm,0,0,1,This section IS ON the NHS,1,Rural,1,Interstate,1,State Highway Agency,1,Interstate,I-75,,563,563,37.30808056,37.30808056,-84.289158330,-84.289158330,0,No Special Jurisdiction,25,Concrete Traffic Barrier,0,The First Harmful Event was Not a Collision with a Motor Vehicle in Transport,0,No,1,Non-Junction,1,Not an Intersection,0,None,,,3,On Median,1,Daylight,,,,,98,Not Reported,0,No,0000000,Not Applicable,15,3:00pm-3:59pm,3,3,15,3:00pm-3:59pm,15,15,88,"Not Applicable (Not Transported) ",88,Not Applicable (Not Transported),,,,,,,1,
2021,21,210062,Kentucky,5,3,2,2,4,2,4,99,HART (99),0,NOT APPLICABLE,16,16,2,February,2021,3,Tuesday,7,7:00am-7:59am,51,51,1,This section IS ON the NHS,1,Rural,1,Interstate,1,State Highway Agency,1,Interstate,I-65,,592,592,37.22418056,37.22418056,-85.932477780,-85.932477780,0,No Special Jurisdiction,45,"Working Motor Vehicle ",0,The First Harmful Event was Not a Collision with a Motor Vehicle in Transport,0,No,1,Non-Junction,1,Not an Intersection,0,None,,,2,On Shoulder,1,Daylight,,,,,1,Clear,0,No,0000000,Not Applicable,7,7:00am-7:59am,59,59,8,8:00am-8:59am,7,7,9,9:00am-9:59am,3,3,,,,,,,1,
2021,21,210063,Kentucky,2,2,0,0,0,3,3,111,JEFFERSON (111),2090,LOUISVILLE,12,12,2,February,2021,6,Friday,19,7:00pm-7:59pm,15,15,1,This section IS ON the NHS,2,Urban,3,Principal Arterial - Other,1,State Highway Agency,2,U.S. Highway,"US-31 RAMP ",DIXIE HWY,0,None,38.09086944,38.09086944,-85.876738890,-85.876738890,0,No Special Jurisdiction,12,Motor Vehicle In-Transport,6,Angle,1,Yes,2,Intersection,3,T-Intersection,0,None,,,1,On Roadway,3,Dark - Lighted,,,,,1,Clear,0,No,0000000,Not Applicable,19,7:00pm-7:59pm,16,16,19,7:00pm-7:59pm,42,42,20,8:00pm-8:59pm,2,2,,,,,,,1,
2021,21,210064,Kentucky,1,1,0,0,0,1,1,227,WARREN (227),0,NOT APPLICABLE,17,17,2,February,2021,4,Wednesday,15,3:00pm-3:59pm,14,14,0,This section IS NOT on the NHS,1,Rural,6,Minor Collector,1,State Highway Agency,3,State Highway,SR-242,,22,22,36.90197778,36.90197778,-86.539483330,-86.539483330,0,No Special Jurisdiction,35,Embankment,0,The First Harmful Event was Not a Collision with a Motor Vehicle in Transport,0,No,1,Non-Junction,1,Not an Intersection,0,None,,,4,On Roadside,1,Daylight,,,,,4,Snow,0,No,0000000,Not Applicable,15,3:00pm-3:59pm,14,14,15,3:00pm-3:59pm,30,30,88,"Not Applicable (Not Transported) ",88,Not Applicable (Not Transported),,,,,,,1,
2021,21,210065,Kentucky,1,1,0,0,0,1,1,3,ALLEN (3),0,NOT APPLICABLE,24,24,2,February,2021,4,Wednesday,0,0:00am-0:59am,26,26,0,This section IS NOT on the NHS,1,Rural,6,Minor Collector,1,State Highway Agency,3,State Highway,SR-15,,2,2,36.85499722,36.85499722,-86.107800000,-86.107800000,0,No Special Jurisdiction,30,Utility Pole/Light Support,0,The First Harmful Event was Not a Collision with a Motor Vehicle in Transport,0,No,1,Non-Junction,1,Not an Intersection,0,None,,,4,On Roadside,2,Dark - Not Lighted,,,,,1,Clear,0,No,0000000,Not Applicable,0,0:00am-0:59am,0,0,0,0:00am-0:59am,0,0,88,"Not Applicable (Not Transported) ",88,Not Applicable (Not Transported),,,,,,,1,
2021,21,210066,Kentucky,1,1,0,1,1,1,1,111,JEFFERSON (111),2090,LOUISVILLE,24,24,2,February,2021,4,Wednesday,22,10:00pm-10:59pm,3,3,0,This section IS NOT on the NHS,2,Urban,4,Minor Arterial,1,State Highway Agency,3,State Highway,SR-1932,LANDSIDE DR,13,13,38.20038333,38.20038333,-85.623580560,-85.623580560,0,No Special Jurisdiction,8,Pedestrian,0,The First Harmful Event was Not a Collision with a Motor Vehicle in Transport,0,No,3,Intersection-Related,2,Four-Way Intersection,0,None,,,1,On Roadway,3,Dark - Lighted,,,,,10,Cloudy,0,No,0000000,Not Applicable,22,10:00pm-10:59pm,4,4,22,10:00pm-10:59pm,5,5,88,"Not Applicable (Not Transported) ",88,Not Applicable (Not Transported),,,,,,,1,
2021,21,210067,Kentucky,2,2,0,0,0,2,2,41,CARROLL (41),0,NOT APPLICABLE,22,22,2,February,2021,2,Monday,12,12:00pm-12:59pm,27,27,0,This section IS NOT on the NHS,1,Rural,5,Major Collector,1,State Highway Agency,2,U.S. Highway,US-42,,143,143,38.74221667,38.74221667,-85.053616670,-85.053616670,0,No Special Jurisdiction,12,Motor Vehicle In-Transport,8,Sideswipe - Opposite Direction,0,No,1,Non-Junction,1,Not an Intersection,0,None,,,1,On Roadway,1,Daylight,,,,,1,Clear,0,No,0000000,Not Applicable,12,12:00pm-12:59pm,31,31,12,12:00pm-12:59pm,53,53,88,"Not Applicable (Not Transported) ",88,Not Applicable (Not Transported),,,,,,,1,
2021,21,210068,Kentucky,2,2,0,0,0,2,2,127,LAWRENCE (127),2080,LOUISA,26,26,2,February,2021,6,Friday,19,7:00pm-7:59pm,27,27,1,This section IS ON the NHS,1,Rural,3,Principal Arterial - Other,1,State Highway Agency,2,U.S. Highway,US-23,SR-3,183,183,38.12679722,38.12679722,-82.628819440,-82.628819440,0,No Special Jurisdiction,12,Motor Vehicle In-Transport,6,Angle,0,No,2,Intersection,2,Four-Way Intersection,0,None,,,1,On Roadway,6,Dark - Unknown Lighting,,,,,2,Rain,0,No,0000000,Not Applicable,19,7:00pm-7:59pm,34,34,19,7:00pm-7:59pm,42,42,20,8:00pm-8:59pm,45,45,,,,,,,1,
2021,21,210069,Kentucky,1,1,0,1,1,1,1,67,FAYETTE (67),1980,LEXINGTON-FAYETTE,27,27,2,February,2021,7,Saturday,16,4:00pm-4:59pm,31,31,1,This section IS ON the NHS,2,Urban,3,Principal Arterial - Other,1,State Highway Agency,2,U.S. Highway,US-27,US-60,63,63,38.04770278,38.04770278,-84.501655560,-84.501655560,0,No Special Jurisdiction,8,Pedestrian,0,The First Harmful Event was Not a Collision with a Motor Vehicle in Transport,0,No,3,Intersection-Related,2,Four-Way Intersection,0,None,,,1,On Roadway,1,Daylight,,,,,10,Cloudy,0,No,0000000,Not Applicable,16,4:00pm-4:59pm,33,33,16,4:00pm-4:59pm,36,36,88,"Not Applicable (Not Transported) ",88,Not Applicable (Not Transported),,,,,,,1,
2021,21,210070,Kentucky,1,1,0,0,0,1,1,67,FAYETTE (67),1980,LEXINGTON-FAYETTE,23,23,2,February,2021,3,Tuesday,15,3:00pm-3:59pm,28,28,0,This section IS NOT on the NHS,2,Urban,6,Minor Collector,3,Town or Township Highway Agency,5,Local Street - Township,OLD PARIS RD,,3,3,38.06825833,38.06825833,-84.465752780,-84.465752780,0,No Special Jurisdiction,42,Tree (Standing Only),0,The First Harmful Event was Not a Collision with a Motor Vehicle in Transport,0,No,1,Non-Junction,1,Not an Intersection,0,None,,,4,On Roadside,1,Daylight,,,,,1,Clear,0,No,0000000,Not Applicable,15,3:00pm-3:59pm,29,29,15,3:00pm-3:59pm,34,34,15,3:00pm-3:59pm,50,50,,,,,,,1,
2021,21,210071,Kentucky,1,1,0,0,0,1,1,221,TRIGG (221),0,NOT APPLICABLE,10,10,2,February,2021,4,Wednesday,6,6:00am-6:59am,20,20,1,This section IS ON the NHS,1,Rural,3,Principal Arterial - Other,1,State Highway Agency,2,U.S. Highway,US-68,,30,30,36.77940278,36.77940278,-88.067283330,-88.067283330,0,No Special Jurisdiction,24,Guardrail Face,0,The First Harmful Event was Not a Collision with a Motor Vehicle in Transport,0,No,1,Non-Junction,1,Not an Intersection,0,None,,,3,On Median,1,Daylight,,,,,98,Not Reported,0,No,0000000,Not Applicable,6,6:00am-6:59am,25,25,6,6:00am-6:59am,51,51,88,"Not Applicable (Not Transported) ",88,Not Applicable (Not Transported),,,,,,,1,
2021,21,210072,Kentucky,1,1,0,0,0,1,1,227,WARREN (227),350,BOWLING GREEN,10,10,2,February,2021,4,Wednesday,13,1:00pm-1:59pm,58,58,0,This section IS NOT on the NHS,2,Urban,7,Local,1,State Highway Agency,5,Local Street - Township,SMALL HOUSE RD,,4,4,36.94006667,36.94006667,-86.451736110,-86.451736110,0,No Special Jurisdiction,53,Mail Box,0,The First Harmful Event was Not a Collision with a Motor Vehicle in Transport,0,No,1,Non-Junction,1,Not an Intersection,0,None,,,4,On Roadside,1,Daylight,,,,,10,Cloudy,0,No,0000000,Not Applicable,13,1:00pm-1:59pm,58,58,14,2:00pm-2:59pm,8,8,14,2:00pm-2:59pm,37,37,,,,,,,1,
2021,21,210073,Kentucky,1,1,0,0,0,1,1,93,HARDIN (93),1000,ELIZABETHTOWN,11,11,2,February,2021,5,Thursday,10,10:00am-10:59am,59,59,1,This section IS ON the NHS,1,Rural,1,Interstate,1,State Highway Agency,1,Interstate,I-65,,907,907,37.66952222,37.66952222,-85.852616670,-85.852616670,0,No Special Jurisdiction,25,Concrete Traffic Barrier,0,The First Harmful Event was Not a Collision with a Motor Vehicle in Transport,0,No,1,Non-Junction,1,Not an Intersection,0,None,,,3,On Median,1,Daylight,,,,,98,Not Reported,0,No,0000000,Not Applicable,10,10:00am-10:59am,59,59,11,11:00am-11:59am,11,11,88,"Not Applicable (Not Transported) ",88,Not Applicable (Not Transported),,,,,,,1,
2021,21,210074,Kentucky,1,1,0,0,0,1,1,7,BALLARD (7),0,NOT APPLICABLE,14,14,2,February,2021,1,Sunday,12,12:00pm-12:59pm,0,0,0,This section IS NOT on the NHS,1,Rural,7,Local,2,County Highway Agency,4,County Road,CR-STEWART RD,,2,2,37.02823889,37.02823889,-88.982041670,-88.982041670,0,No Special Jurisdiction,1,Rollover/Overturn,0,The First Harmful Event was Not a Collision with a Motor Vehicle in Transport,0,No,1,Non-Junction,1,Not an Intersection,0,None,,,1,On Roadway,1,Daylight,,,,,10,Cloudy,0,No,0000000,Not Applicable,12,12:00pm-12:59pm,26,26,12,12:00pm-12:59pm,33,33,88,"Not Applicable (Not Transported) ",88,Not Applicable (Not Transported),,,,,,,1,
2021,21,210075,Kentucky,1,1,0,0,0,2,2,107,HOPKINS (107),870,DAWSON SPRINGS,16,16,2,February,2021,3,Tuesday,18,6:00pm-6:59pm,36,36,1,This section IS ON the NHS,1,Rural,1,Interstate,1,State Highway Agency,1,Interstate,I-69,,1007,1007,37.19989444,37.19989444,-87.542369440,-87.542369440,0,No Special Jurisdiction,39,Wall,0,The First Harmful Event was Not a Collision with a Motor Vehicle in Transport,0,No,1,Non-Junction,1,Not an Intersection,0,None,,,4,On Roadside,2,Dark - Not Lighted,,,,,1,Clear,0,No,0000000,Not Applicable,18,6:00pm-6:59pm,39,39,19,7:00pm-7:59pm,0,0,88,"Not Applicable (Not Transported) ",88,Not Applicable (Not Transported),,,,,,,1,
2021,21,210076,Kentucky,1,1,0,0,0,1,1,193,PERRY (193),3372,VIPER,17,17,2,February,2021,4,Wednesday,8,8:00am-8:59am,13,13,0,This section IS NOT on the NHS,1,Rural,7,Local,2,County Highway Agency,4,County Road,CR-DYKES BRANCH RD,,99998,Not Reported,37.15609444,37.15609444,-83.091913890,-83.091913890,0,No Special Jurisdiction,35,Embankment,0,The First Harmful Event was Not a Collision with a Motor Vehicle in Transport,0,No,1,Non-Junction,1,Not an Intersection,0,None,,,4,On Roadside,9,Reported as Unknown,,,,,1,Clear,0,No,0000000,Not Applicable,0,0:00am-0:59am,0,0,0,0:00am-0:59am,0,0,88,"Not Applicable (Not Transported) ",88,Not Applicable (Not Transported),,,,,,,1,
2021,21,210077,Kentucky,1,1,0,0,0,2,2,19,BOYD (19),120,ASHLAND,21,21,2,February,2021,1,Sunday,22,10:00pm-10:59pm,20,20,1,This section IS ON the NHS,2,Urban,3,Principal Arterial - Other,2,County Highway Agency,2,U.S. Highway,US-23,,166,166,38.46296667,38.46296667,-82.615827780,-82.615827780,0,No Special Jurisdiction,33,Curb,0,The First Harmful Event was Not a Collision with a Motor Vehicle in Transport,0,No,1,Non-Junction,1,Not an Intersection,0,None,,,4,On Roadside,3,Dark - Lighted,,,,,1,Clear,0,No,0000000,Not Applicable,22,10:00pm-10:59pm,20,20,22,10:00pm-10:59pm,23,23,23,11:00pm-11:59pm,17,17,,,,,,,2,
2021,21,210079,Kentucky,2,2,0,0,0,4,4,43,CARTER (43),2480,OLIVE HILL,15,15,2,February,2021,2,Monday,1,1:00am-1:59am,0,0,1,This section IS ON the NHS,1,Rural,1,Interstate,1,State Highway Agency,1,Interstate,I-64,,1587,1587,38.32217778,38.32217778,-83.166622220,-83.166622220,0,No Special Jurisdiction,24,Guardrail Face,0,The First Harmful Event was Not a Collision with a Motor Vehicle in Transport,0,No,1,Non-Junction,1,Not an Intersection,0,None,,,3,On Median,3,Dark - Lighted,,,,,98,Not Reported,0,No,0000000,Not Applicable,0,0:00am-0:59am,59,59,1,1:00am-1:59am,17,17,2,2:00am-2:59am,22,22,,,,,,,1,
2021,21,210080,Kentucky,1,1,0,0,0,1,1,153,MAGOFFIN (153),2786,ROYALTON,25,25,2,February,2021,5,Thursday,12,12:00pm-12:59pm,57,57,0,This section IS NOT on the NHS,1,Rural,7,Local,1,State Highway Agency,3,State Highway,SR-1766,,17,17,37.65605278,37.65605278,-82.979375000,-82.979375000,0,No Special Jurisdiction,42,Tree (Standing Only),0,The First Harmful Event was Not a Collision with a Motor Vehicle in Transport,0,No,1,Non-Junction,1,Not an Intersection,0,None,,,4,On Roadside,9,Reported as Unknown,,,,,10,Cloudy,0,No,0000000,Not Applicable,12,12:00pm-12:59pm,57,57,13,1:00pm-1:59pm,10,10,88,"Not Applicable (Not Transported) ",88,Not Applicable (Not Transported),,,,,,,1,
2021,21,210081,Kentucky,2,2,0,0,0,3,3,199,PULASKI (199),0,NOT APPLICABLE,23,23,2,February,2021,3,Tuesday,19,7:00pm-7:59pm,48,48,1,This section IS ON the NHS,1,Rural,3,Principal Arterial - Other,1,State Highway Agency,3,State Highway,SR-80,,266,266,37.15404444,37.15404444,-84.512861110,-84.512861110,0,No Special Jurisdiction,12,Motor Vehicle In-Transport,2,Front-to-Front,0,No,1,Non-Junction,1,Not an Intersection,0,None,,,1,On Roadway,2,Dark - Not Lighted,,,,,1,Clear,0,No,0000000,Not Applicable,19,7:00pm-7:59pm,56,56,20,8:00pm-8:59pm,3,3,20,8:00pm-8:59pm,49,49,,,,,,,1,
2021,21,210082,Kentucky,1,1,0,0,0,1,1,155,MARION (155),0,NOT APPLICABLE,10,10,2,February,2021,4,Wednesday,22,10:00pm-10:59pm,50,50,0,This section IS NOT on the NHS,1,Rural,4,Minor Arterial,2,County Highway Agency,2,U.S. Highway,US-68,,208,208,37.58531667,37.58531667,-85.083761110,-85.083761110,0,No Special Jurisdiction,35,Embankment,0,The First Harmful Event was Not a Collision with a Motor Vehicle in Transport,0,No,1,Non-Junction,1,Not an Intersection,0,None,,,4,On Roadside,2,Dark - Not Lighted,,,,,4,Snow,0,No,0000000,Not Applicable,8,8:00am-8:59am,34,34,8,8:00am-8:59am,47,47,88,"Not Applicable (Not Transported) ",88,Not Applicable (Not Transported),,,,,,,1,
2021,21,210083,Kentucky,1,1,0,1,1,1,1,107,HOPKINS (107),0,NOT APPLICABLE,4,4,2,February,2021,5,Thursday,1,1:00am-1:59am,0,0,1,This section IS ON the NHS,1,Rural,1,Interstate,1,State Highway Agency,1,Interstate,I-69,,1028,1028,37.20621944,37.20621944,-87.504408330,-87.504408330,0,No Special Jurisdiction,8,Pedestrian,0,The First Harmful Event was Not a Collision with a Motor Vehicle in Transport,0,No,1,Non-Junction,1,Not an Intersection,0,None,,,1,On Roadway,2,Dark - Not Lighted,,,,,10,Cloudy,0,No,0000000,Not Applicable,0,0:00am-0:59am,52,52,1,1:00am-1:59am,18,18,88,"Not Applicable (Not Transported) ",88,Not Applicable (Not Transported),,,,,,,1,
2021,21,210084,Kentucky,1,1,0,0,0,2,2,233,WEBSTER (233),0,NOT APPLICABLE,19,19,2,February,2021,6,Friday,15,3:00pm-3:59pm,28,28,0,This section IS NOT on the NHS,1,Rural,5,Major Collector,1,State Highway Agency,2,U.S. Highway,US-41,,63,63,37.56530000,37.56530000,-87.519855560,-87.519855560,0,No Special Jurisdiction,52,Guardrail End,0,The First Harmful Event was Not a Collision with a Motor Vehicle in Transport,0,No,1,Non-Junction,1,Not an Intersection,0,None,,,4,On Roadside,1,Daylight,,,,,4,Snow,0,No,0000000,Not Applicable,15,3:00pm-3:59pm,30,30,16,4:00pm-4:59pm,9,9,16,4:00pm-4:59pm,32,32,,,,,,,1,
2021,21,210085,Kentucky,2,2,0,0,0,2,2,195,PIKE (195),2640,PIKEVILLE,27,27,2,February,2021,7,Saturday,15,3:00pm-3:59pm,13,13,1,This section IS ON the NHS,2,Urban,3,Principal Arterial - Other,1,State Highway Agency,2,U.S. Highway,US-23,,99998,Not Reported,37.44373056,37.44373056,-82.518522220,-82.518522220,0,No Special Jurisdiction,12,Motor Vehicle In-Transport,6,Angle,0,No,4,Driveway Access,1,Not an Intersection,0,None,,,1,On Roadway,1,Daylight,,,,,10,Cloudy,0,No,0000000,Not Applicable,15,3:00pm-3:59pm,13,13,15,3:00pm-3:59pm,22,22,15,3:00pm-3:59pm,46,46,,,,,,,1,
2021,21,210086,Kentucky,1,1,0,1,1,1,1,59,DAVIESS (59),2490,OWENSBORO,27,27,2,February,2021,7,Saturday,20,8:00pm-8:59pm,47,47,0,This section IS NOT on the NHS,2,Urban,7,Local,1,State Highway Agency,5,Local Street - Township,FAIRVIEW DR,STIRRUP LOOP,2,2,37.75656667,37.75656667,-87.057394440,-87.057394440,0,No Special Jurisdiction,8,Pedestrian,0,The First Harmful Event was Not a Collision with a Motor Vehicle in Transport,0,No,3,Intersection-Related,2,Four-Way Intersection,0,None,,,1,On Roadway,3,Dark - Lighted,,,,,2,Rain,0,No,0000000,Not Applicable,20,8:00pm-8:59pm,50,50,20,8:00pm-8:59pm,57,57,88,"Not Applicable (Not Transported) ",88,Not Applicable (Not Transported),,,,,,,1,
2021,21,210088,Kentucky,2,2,0,0,0,3,3,169,METCALFE (169),0,NOT APPLICABLE,24,24,2,February,2021,4,Wednesday,11,11:00am-11:59am,48,48,0,This section IS NOT on the NHS,1,Rural,5,Major Collector,1,State Highway Agency,3,State Highway,SR-163,,18,18,36.86222778,36.86222778,-85.671969440,-85.671969440,0,No Special Jurisdiction,12,Motor Vehicle In-Transport,6,Angle,0,No,8,Driveway Access Related,1,Not an Intersection,0,None,,,1,On Roadway,1,Daylight,,,,,1,Clear,0,No,0000000,Not Applicable,11,11:00am-11:59am,11,11,11,11:00am-11:59am,11,11,11,11:00am-11:59am,11,11,,,,,,,2,