caseyear,state,st_case,statename,ve_total,ve_forms,pvh_invl,peds,pernotmvit,permvit,persons,county,countyname,city,cityname,day,dayname,month,monthname,year,day_week,day_weekname,hour,hourname,minute,minutename,nhs,nhsname,rur_urb,rur_urbname,func_sys,func_sysname,rd_owner,rd_ownername,route,routename,tway_id,tway_id2,milept,mileptname,latitude,latitudename,longitud,longitudname,sp_jur,sp_jurname,harm_ev,harm_evname,man_coll,man_collname,reljct1,reljct1name,reljct2,reljct2name,typ_int,typ_intname,wrk_zone,wrk_zonename,road_fnc,road_fncname,rel_road,rel_roadname,lgt_cond,lgt_condname,weather1,weather1name,weather2,weather2name,weather,weathername,sch_bus,sch_busname,rail,railname,not_hour,not_hourname,not_min,not_minname,arr_hour,arr_hourname,arr_min,arr_minname,hosp_hr,hosp_hrname,hosp_mn,hosp_mnname,cf1,cf1name,cf2,cf2name,cf3,cf3name,fatals,drunk_dr
2021,21,210128,Kentucky,2,2,0,0,0,2,2,231,WAYNE (231),2260,MONTICELLO,12,12,3,March,2021,6,Friday,11,11:00am-11:59am,35,35,0,This section IS NOT on the NHS,2,Urban,4,Minor Arterial,1,State Highway Agency,3,State Highway,SR-90X N MAIN ST,,25,25,36.84497778,36.84497778,-84.838044440,-84.838044440,0,No Special Jurisdiction,12,Motor Vehicle In-Transport,6,Angle,0,No,8,Driveway Access Related,1,Not an Intersection,0,None,,,1,On Roadway,1,Daylight,,,,,10,Cloudy,0,No,0000000,Not Applicable,11,11:00am-11:59am,38,38,11,11:00am-11:59am,41,41,12,12:00pm-12:59pm,28,28,,,,,,,1,
2021,21,210129,Kentucky,1,1,0,0,0,1,1,137,LINCOLN (137),0,NOT APPLICABLE,16,16,3,March,2021,3,Tuesday,23,11:00pm-11:59pm,21,21,1,This section IS ON the NHS,1,Rural,3,Principal Arterial - Other,1,State Highway Agency,2,U.S. Highway,US-27,,110,110,37.44506667,37.44506667,-84.636163890,-84.636163890,0,No Special Jurisdiction,1,Rollover/Overturn,0,The First Harmful Event was Not a Collision with a Motor Vehicle in Transport,0,No,1,Non-Junction,1,Not an Intersection,0,None,,,1,On Roadway,2,Dark - Not Lighted,,,,,1,Clear,0,No,0000000,Not Applicable,23,11:00pm-11:59pm,21,21,23,11:00pm-11:59pm,27,27,88,"Not Applicable (Not Transported) ",88,Not Applicable (Not Transported),,,,,,,1,
2021,21,210130,Kentucky,3,3,0,0,0,3,3,125,LAUREL (125),0,NOT APPLICABLE,19,19,3,March,2021,6,Friday,18,6:00pm-6:59pm,30,30,1,This section IS ON the NHS,1,Rural,1,Interstate,1,State Highway Agency,1,Interstate,I-75,,351,351,37.06643333,37.06643333,-84.098758330,-84.098758330,0,No Special Jurisdiction,12,Motor Vehicle In-Transport,1,Front-to-Rear,0,No,1,Non-Junction,1,Not an Intersection,0,None,,,1,On Roadway,1,Daylight,,,,,1,Clear,0,No,0000000,Not Applicable,18,6:00pm-6:59pm,30,30,18,6:00pm-6:59pm,35,35,18,6:00pm-6:59pm,53,53,,,,,,,1,
2021,21,210131,Kentucky,1,1,0,1,1,1,1,67,FAYETTE (67),1980,LEXINGTON-FAYETTE,31,31,3,March,2021,4,Wednesday,1,1:00am-1:59am,5,5,0,This section IS NOT on the NHS,2,Urban,4,Minor Arterial,1,State Highway Agency,3,State Highway,SR-57 BRYAN STATION ROAD,ROOKWOOD PARKWAY,2,2,38.06131389,38.06131389,-84.460938890,-84.460938890,0,No Special Jurisdiction,8,Pedestrian,0,The First Harmful Event was Not a Collision with a Motor Vehicle in Transport,0,No,3,Intersection-Related,2,Four-Way Intersection,0,None,,,1,On Roadway,3,Dark - Lighted,,,,,2,Rain,0,No,0000000,Not Applicable,1,1:00am-1:59am,8,8,1,1:00am-1:59am,11,11,88,"Not Applicable (Not Transported) ",88,Not Applicable (Not Transported),,,,,,,1,
2021,21,210132,Kentucky,1,1,0,0,0,1,1,53,CLINTON (53),0,NOT APPLICABLE,3,3,3,March,2021,4,Wednesday,16,4:00pm-4:59pm,5,5,0,This section IS NOT on the NHS,1,Rural,4,Minor Arterial,1,State Highway Agency,3,State Highway,SR-90,,96,96,36.75629444,36.75629444,-85.063305560,-85.063305560,0,No Special Jurisdiction,53,Mail Box,0,The First Harmful Event was Not a Collision with a Motor Vehicle in Transport,0,No,1,Non-Junction,1,Not an Intersection,0,None,,,4,On Roadside,1,Daylight,,,,,1,Clear,0,No,0000000,Not Applicable,16,4:00pm-4:59pm,21,21,16,4:00pm-4:59pm,29,29,16,4:00pm-4:59pm,48,48,,,,,,,1,
2021,21,210133,Kentucky,2,2,0,0,0,2,2,115,JOHNSON (115),2530,PAINTSVILLE,22,22,3,March,2021,2,Monday,14,2:00pm-2:59pm,51,51,0,This section IS NOT on the NHS,2,Urban,7,Local,1,State Highway Agency,5,Local Street - Township,EUCLID AVE,RICHMOND ST,99998,Not Reported,37.81275278,37.81275278,-82.780250000,-82.780250000,0,No Special Jurisdiction,12,Motor Vehicle In-Transport,8,Sideswipe - Opposite Direction,0,No,2,Intersection,3,T-Intersection,0,None,,,1,On Roadway,1,Daylight,,,,,1,Clear,0,No,0000000,Not Applicable,14,2:00pm-2:59pm,58,58,15,3:00pm-3:59pm,6,6,15,3:00pm-3:59pm,11,11,,,,,,,1,
2021,21,210134,Kentucky,2,2,0,0,0,2,2,57,CUMBERLAND (57),0,NOT APPLICABLE,19,19,3,March,2021,6,Friday,9,9:00am-9:59am,25,25,0,This section IS NOT on the NHS,1,Rural,6,Minor Collector,1,State Highway Agency,3,State Highway,SR-704,,7,7,36.84049722,36.84049722,-85.358044440,-85.358044440,0,No Special Jurisdiction,12,Motor Vehicle In-Transport,6,Angle,0,No,1,Non-Junction,1,Not an Intersection,0,None,,,1,On Roadway,1,Daylight,,,,,1,Clear,0,No,0000000,Not Applicable,9,9:00am-9:59am,0,0,9,9:00am-9:59am,15,15,9,9:00am-9:59am,30,30,,,,,,,1,
2021,21,210135,Kentucky,1,1,0,0,0,1,1,209,SCOTT (209),0,NOT APPLICABLE,25,25,3,March,2021,5,Thursday,9,9:00am-9:59am,8,8,1,This section IS ON the NHS,1,Rural,1,Interstate,1,State Highway Agency,1,Interstate,I-75,,1402,1402,38.43248611,38.43248611,-84.571983330,-84.571983330,0,No Special Jurisdiction,21,Bridge Pier or Support,0,The First Harmful Event was Not a Collision with a Motor Vehicle in Transport,0,No,1,Non-Junction,1,Not an Intersection,0,None,,,4,On Roadside,1,Daylight,,,,,10,Cloudy,0,No,0000000,Not Applicable,9,9:00am-9:59am,13,13,9,9:00am-9:59am,23,23,88,"Not Applicable (Not Transported) ",88,Not Applicable (Not Transported),,,,,,,1,
2021,21,210136,Kentucky,1,1,0,0,0,1,1,111,JEFFERSON (111),2090,LOUISVILLE,31,31,3,March,2021,4,Wednesday,1,1:00am-1:59am,57,57,0,This section IS NOT on the NHS,2,Urban,4,Minor Arterial,1,State Highway Agency,3,State Highway,SR-2054 ALGONQUIN PARKWAY,,30,30,38.21362778,38.21362778,-85.772555560,-85.772555560,0,No Special Jurisdiction,42,Tree (Standing Only),0,The First Harmful Event was Not a Collision with a Motor Vehicle in Transport,0,No,1,Non-Junction,1,Not an Intersection,0,None,,,4,On Roadside,3,Dark - Lighted,,,,,2,Rain,0,No,0000000,Not Applicable,1,1:00am-1:59am,57,57,2,2:00am-2:59am,0,0,88,"Not Applicable (Not Transported) ",88,Not Applicable (Not Transported),,,,,,,1,
2021,21,210137,Kentucky,1,1,0,0,0,1,1,27,BRECKINRIDGE (27),0,NOT APPLICABLE,21,21,3,March,2021,1,Sunday,4,4:00am-4:59am,56,56,0,This section IS NOT on the NHS,1,Rural,7,Local,1,State Highway Agency,3,State Highway,SR-2202 LUNEY RD,,4,4,37.84215833,37.84215833,-86.290636110,-86.290636110,0,No Special Jurisdiction,33,Curb,0,The First Harmful Event was Not a Collision with a Motor Vehicle in Transport,0,No,1,Non-Junction,1,Not an Intersection,0,None,,,4,On Roadside,2,Dark - Not Lighted,,,,,1,Clear,0,No,0000000,Not Applicable,4,4:00am-4:59am,57,57,4,4:00am-4:59am,58,58,88,"Not Applicable (Not Transported) ",88,Not Applicable (Not Transported),,,,,,,1,
2021,21,210138,Kentucky,1,1,0,0,0,1,1,99,HART (99),0,NOT APPLICABLE,26,26,3,March,2021,6,Friday,7,7:00am-7:59am,28,28,0,This section IS NOT on the NHS,1,Rural,6,Minor Collector,1,State Highway Agency,3,State Highway,SR-677 THREE SPRINGS HIGHWAY,,33,33,37.21296389,37.21296389,-85.710400000,-85.710400000,0,No Special Jurisdiction,42,Tree (Standing Only),0,The First Harmful Event was Not a Collision with a Motor Vehicle in Transport,0,No,1,Non-Junction,1,Not an Intersection,0,None,,,4,On Roadside,1,Daylight,,,,,10,Cloudy,0,No,0000000,Not Applicable,7,7:00am-7:59am,32,32,7,7:00am-7:59am,46,46,88,"Not Applicable (Not Transported) ",88,Not Applicable (Not Transported),,,,,,,1,
2021,21,210139,Kentucky,1,1,0,0,0,4,4,129,LEE (129),0,NOT APPLICABLE,12,12,2,February,2021,6,Friday,19,7:00pm-7:59pm,9,9,0,This section IS NOT on the NHS,1,Rural,7,Local,2,County Highway Agency,4,County Road,CR-MILL BRANCH,,99998,Not Reported,37.56991111,37.56991111,-83.617519440,-83.617519440,0,No Special Jurisdiction,3,Immersion or Partial Immersion,0,The First Harmful Event was Not a Collision with a Motor Vehicle in Transport,0,No,1,Non-Junction,1,Not an Intersection,0,None,,,4,On Roadside,2,Dark - Not Lighted,,,,,98,Not Reported,0,No,0000000,Not Applicable,19,7:00pm-7:59pm,9,9,19,7:00pm-7:59pm,27,27,20,8:00pm-8:59pm,46,46,,,,,,,1,
2021,21,210140,Kentucky,1,1,0,0,0,1,1,39,CARLISLE (39),180,BARDWELL,1,1,3,March,2021,2,Monday,4,4:00am-4:59am,38,38,0,This section IS NOT on the NHS,1,Rural,7,Local,3,Town or Township Highway Agency,5,Local Street - Township,FRONT STREET,,0,None,36.87542222,36.87542222,-89.013302780,-89.013302780,0,No Special Jurisdiction,34,Ditch,0,The First Harmful Event was Not a Collision with a Motor Vehicle in Transport,0,No,1,Non-Junction,1,Not an Intersection,0,None,,,4,On Roadside,2,Dark - Not Lighted,,,,,1,Clear,0,No,0000000,Not Applicable,4,4:00am-4:59am,43,43,4,4:00am-4:59am,48,48,88,"Not Applicable (Not Transported) ",88,Not Applicable (Not Transported),,,,,,,1,
2021,21,210141,Kentucky,1,1,0,1,1,1,1,95,HARLAN (95),195,BAXTER,19,19,3,March,2021,6,Friday,18,6:00pm-6:59pm,51,51,0,This section IS NOT on the NHS,1,Rural,7,Local,2,County Highway Agency,4,County Road,CR- CEDAR PARK DR,,1,1,36.90461389,36.90461389,-83.233116670,-83.233116670,0,No Special Jurisdiction,8,Pedestrian,0,The First Harmful Event was Not a Collision with a Motor Vehicle in Transport,0,No,1,Non-Junction,1,Not an Intersection,0,None,,,1,On Roadway,1,Daylight,,,,,1,Clear,0,No,0000000,Not Applicable,18,6:00pm-6:59pm,51,51,19,7:00pm-7:59pm,1,1,88,"Not Applicable (Not Transported) ",88,Not Applicable (Not Transported),,,,,,,1,
2021,21,210142,Kentucky,1,1,0,1,1,1,1,47,CHRISTIAN (47),1620,HOPKINSVILLE,6,6,2,February,2021,7,Saturday,17,5:00pm-5:59pm,49,49,1,This section IS ON the NHS,2,Urban,3,Principal Arterial - Other,1,State Highway Agency,2,U.S. Highway,"US-68B DR MARTIN LUTHER KING ",,84,84,36.82899444,36.82899444,-87.453219440,-87.453219440,0,No Special Jurisdiction,8,Pedestrian,0,The First Harmful Event was Not a Collision with a Motor Vehicle in Transport,0,No,1,Non-Junction,1,Not an Intersection,0,None,,,1,On Roadway,2,Dark - Not Lighted,,,,,1,Clear,0,No,0000000,Not Applicable,17,5:00pm-5:59pm,49,49,17,5:00pm-5:59pm,55,55,18,6:00pm-6:59pm,4,4,,,,,,,1,
2021,21,210143,Kentucky,2,2,0,0,0,2,2,29,BULLITT (29),2990,SHEPHERDSVILLE,22,22,3,March,2021,2,Monday,23,11:00pm-11:59pm,49,49,1,This section IS ON the NHS,2,Urban,1,Interstate,1,State Highway Agency,1,Interstate,I-65,,1160,1160,37.98585833,37.98585833,-85.701191670,-85.701191670,0,No Special Jurisdiction,12,Motor Vehicle In-Transport,1,Front-to-Rear,0,No,1,Non-Junction,1,Not an Intersection,0,None,,,1,On Roadway,3,Dark - Lighted,,,,,1,Clear,0,No,0000000,Not Applicable,23,11:00pm-11:59pm,49,49,23,11:00pm-11:59pm,52,52,0,0:00am-0:59am,30,30,,,,,,,1,
2021,21,210144,Kentucky,1,1,0,0,0,1,1,95,HARLAN (95),312,BLEDSOE,1,1,4,April,2021,5,Thursday,14,2:00pm-2:59pm,57,57,0,This section IS NOT on the NHS,1,Rural,4,Minor Arterial,1,State Highway Agency,2,U.S. Highway,US-421,,187,187,36.87721667,36.87721667,-83.313841670,-83.313841670,0,No Special Jurisdiction,42,Tree (Standing Only),0,The First Harmful Event was Not a Collision with a Motor Vehicle in Transport,0,No,1,Non-Junction,1,Not an Intersection,0,None,,,4,On Roadside,1,Daylight,,,,,10,Cloudy,0,No,0000000,Not Applicable,15,3:00pm-3:59pm,6,6,15,3:00pm-3:59pm,22,22,88,"Not Applicable (Not Transported) ",88,Not Applicable (Not Transported),,,,,,,1,
2021,21,210145,Kentucky,1,1,0,0,0,2,2,61,EDMONSON (61),0,NOT APPLICABLE,3,3,4,April,2021,7,Saturday,11,11:00am-11:59am,19,19,0,This section IS NOT on the NHS,1,Rural,7,Local,2,County Highway Agency,4,County Road,CR-DENHAM RD,,12,12,37.10337222,37.10337222,-86.246730560,-86.246730560,0,No Special Jurisdiction,42,Tree (Standing Only),0,The First Harmful Event was Not a Collision with a Motor Vehicle in Transport,0,No,1,Non-Junction,1,Not an Intersection,0,None,,,4,On Roadside,1,Daylight,,,,,1,Clear,0,No,0000000,Not Applicable,11,11:00am-11:59am,21,21,11,11:00am-11:59am,33,33,11,11:00am-11:59am,52,52,,,,,,,1,
2021,21,210146,Kentucky,1,1,0,0,0,1,1,175,MORGAN (175),0,NOT APPLICABLE,3,3,4,April,2021,7,Saturday,16,4:00pm-4:59pm,40,40,0,This section IS NOT on the NHS,1,Rural,4,Minor Arterial,1,State Highway Agency,2,U.S. Highway,US-460,,93,93,37.86617222,37.86617222,-83.368133330,-83.368133330,0,No Special Jurisdiction,35,Embankment,0,The First Harmful Event was Not a Collision with a Motor Vehicle in Transport,0,No,1,Non-Junction,1,Not an Intersection,0,None,,,4,On Roadside,1,Daylight,,,,,1,Clear,0,No,0000000,Not Applicable,16,4:00pm-4:59pm,35,35,16,4:00pm-4:59pm,45,45,88,"Not Applicable (Not Transported) ",88,Not Applicable (Not Transported),,,,,,,1,
2021,21,210147,Kentucky,1,1,0,0,0,3,3,227,WARREN (227),0,NOT APPLICABLE,4,4,4,April,2021,1,Sunday,16,4:00pm-4:59pm,12,12,0,This section IS NOT on the NHS,2,Urban,7,Local,2,County Highway Agency,4,County Road,CR-MEMPHIS JUNCTION ROAD,,8,8,36.94674722,36.94674722,-86.501455560,-86.501455560,0,No Special Jurisdiction,53,Mail Box,0,The First Harmful Event was Not a Collision with a Motor Vehicle in Transport,0,No,1,Non-Junction,1,Not an Intersection,0,None,,,4,On Roadside,1,Daylight,,,,,1,Clear,0,No,0000000,Not Applicable,16,4:00pm-4:59pm,12,12,16,4:00pm-4:59pm,20,20,16,4:00pm-4:59pm,41,41,,,,,,,1,
2021,21,210148,Kentucky,1,1,0,0,0,1,1,211,SHELBY (211),0,NOT APPLICABLE,4,4,4,April,2021,1,Sunday,21,9:00pm-9:59pm,0,0,0,This section IS NOT on the NHS,2,Urban,4,Minor Arterial,1,State Highway Agency,2,U.S. Highway,US-60 FRANKFORT ROAD,,141,141,38.20506944,38.20506944,-85.155930560,-85.155930560,0,No Special Jurisdiction,35,Embankment,0,The First Harmful Event was Not a Collision with a Motor Vehicle in Transport,0,No,1,Non-Junction,1,Not an Intersection,0,None,,,4,On Roadside,2,Dark - Not Lighted,,,,,1,Clear,0,No,0000000,Not Applicable,21,9:00pm-9:59pm,18,18,21,9:00pm-9:59pm,13,13,88,"Not Applicable (Not Transported) ",88,Not Applicable (Not Transported),,,,,,,1,
2021,21,210149,Kentucky,2,2,0,0,0,6,6,211,SHELBY (211),2980,SHELBYVILLE,3,3,4,April,2021,7,Saturday,21,9:00pm-9:59pm,50,50,0,This section IS NOT on the NHS,2,Urban,4,Minor Arterial,1,State Highway Agency,3,State Highway,"SR-55 TAYLORSVILLE ROAD ",I-64 EXIT 32 B,61,61,38.19153333,38.19153333,-85.272866670,-85.272866670,0,No Special Jurisdiction,12,Motor Vehicle In-Transport,6,Angle,0,No,2,Intersection,2,Four-Way Intersection,0,None,,,1,On Roadway,2,Dark - Not Lighted,,,,,1,Clear,0,No,0000000,Not Applicable,21,9:00pm-9:59pm,54,54,21,9:00pm-9:59pm,59,59,21,9:00pm-9:59pm,59,59,,,,,,,1,
2021,21,210150,Kentucky,1,1,0,1,1,1,1,211,SHELBY (211),0,NOT APPLICABLE,1,1,4,April,2021,5,Thursday,21,9:00pm-9:59pm,9,9,1,This section IS ON the NHS,2,Urban,4,Minor Arterial,1,State Highway Agency,3,State Highway,SR-55 TAYLORSVILLE ROAD,BREIGHT BLVD,58,58,38.18872778,38.18872778,-85.276572220,-85.276572220,0,No Special Jurisdiction,8,Pedestrian,0,The First Harmful Event was Not a Collision with a Motor Vehicle in Transport,0,No,3,Intersection-Related,3,T-Intersection,0,None,,,1,On Roadway,2,Dark - Not Lighted,,,,,1,Clear,0,No,0000000,Not Applicable,21,9:00pm-9:59pm,14,14,21,9:00pm-9:59pm,18,18,88,"Not Applicable (Not Transported) ",88,Not Applicable (Not Transported),,,,,,,1,
2021,21,210151,Kentucky,3,3,0,0,0,4,4,227,WARREN (227),350,BOWLING GREEN,5,5,4,April,2021,2,Monday,21,9:00pm-9:59pm,23,23,1,This section IS ON the NHS,2,Urban,1,Interstate,1,State Highway Agency,1,Interstate,I-65,,256,256,36.97701111,36.97701111,-86.391491670,-86.391491670,0,No Special Jurisdiction,12,Motor Vehicle In-Transport,1,Front-to-Rear,0,No,1,Non-Junction,1,Not an Intersection,1,Construction,,,1,On Roadway,3,Dark - Lighted,,,,,1,Clear,0,No,0000000,Not Applicable,21,9:00pm-9:59pm,26,26,21,9:00pm-9:59pm,35,35,88,"Not Applicable (Not Transported) ",88,Not Applicable (Not Transported),,,,,,,3,
2021,21,210152,Kentucky,2,2,0,0,0,3,3,133,LETCHER (133),3530,WHITESBURG,3,3,4,April,2021,7,Saturday,12,12:00pm-12:59pm,59,59,1,This section IS ON the NHS,1,Rural,3,Principal Arterial - Other,1,State Highway Agency,3,State Highway,SR-15,"Isom Drive ",92,92,37.18913056,37.18913056,-82.894900000,-82.894900000,0,No Special Jurisdiction,12,Motor Vehicle In-Transport,6,Angle,0,No,2,Intersection,2,Four-Way Intersection,0,None,,,1,On Roadway,1,Daylight,,,,,1,Clear,0,No,346248U,346248U,13,1:00pm-1:59pm,1,1,13,1:00pm-1:59pm,5,5,13,1:00pm-1:59pm,41,41,,,,,,,1,
2021,21,210154,Kentucky,1,1,0,0,0,1,1,111,JEFFERSON (111),2090,LOUISVILLE,6,6,4,April,2021,3,Tuesday,20,8:00pm-8:59pm,49,49,0,This section IS NOT on the NHS,2,Urban,7,Local,3,Town or Township Highway Agency,5,Local Street - Township,S PARK ROAD,,13,13,38.11925278,38.11925278,-85.701025000,-85.701025000,0,No Special Jurisdiction,24,Guardrail Face,0,The First Harmful Event was Not a Collision with a Motor Vehicle in Transport,0,No,1,Non-Junction,1,Not an Intersection,0,None,,,4,On Roadside,2,Dark - Not Lighted,,,,,1,Clear,0,No,0000000,Not Applicable,20,8:00pm-8:59pm,49,49,21,9:00pm-9:59pm,3,3,88,"Not Applicable (Not Transported) ",88,Not Applicable (Not Transported),,,,,,,1,
2021,21,210155,Kentucky,1,1,0,0,0,1,1,183,OHIO (183),0,NOT APPLICABLE,5,5,4,April,2021,2,Monday,12,12:00pm-12:59pm,28,28,1,This section IS ON the NHS,1,Rural,3,Principal Arterial - Other,1,State Highway Agency,3,State Highway,SR-9001 WENDELL H FORD KY PRKW,,788,788,37.39360556,37.39360556,-86.772947220,-86.772947220,0,No Special Jurisdiction,42,Tree (Standing Only),0,The First Harmful Event was Not a Collision with a Motor Vehicle in Transport,0,No,1,Non-Junction,1,Not an Intersection,0,None,,,4,On Roadside,1,Daylight,,,,,1,Clear,0,No,0000000,Not Applicable,12,12:00pm-12:59pm,35,35,12,12:00pm-12:59pm,44,44,88,"Not Applicable (Not Transported) ",88,Not Applicable (Not Transported),,,,,,,1,
2021,21,210156,Kentucky,2,2,0,0,0,2,2,111,JEFFERSON (111),2090,LOUISVILLE,7,7,4,April,2021,4,Wednesday,8,8:00am-8:59am,37,37,1,This section IS ON the NHS,2,Urban,1,Interstate,1,State Highway Agency,1,Interstate,"I-265 GENE SNYDER FREEWAY ",,23,23,38.19360000,38.19360000,-85.508469440,-85.508469440,0,No Special Jurisdiction,25,Concrete Traffic Barrier,0,The First Harmful Event was Not a Collision with a Motor Vehicle in Transport,0,No,1,Non-Junction,1,Not an Intersection,1,Construction,,,3,On Median,1,Daylight,,,,,1,Clear,0,No,0000000,Not Applicable,8,8:00am-8:59am,37,37,8,8:00am-8:59am,44,44,9,9:00am-9:59am,30,30,,,,,,,1,
2021,21,210157,Kentucky,2,2,0,0,0,2,2,29,BULLITT (29),0,NOT APPLICABLE,7,7,4,April,2021,4,Wednesday,15,3:00pm-3:59pm,0,0,0,This section IS NOT on the NHS,2,Urban,4,Minor Arterial,1,State Highway Agency,3,State Highway,SR-1020 CORAL RIDGE ROAD,,46,46,38.07994167,38.07994167,-85.716372220,-85.716372220,0,No Special Jurisdiction,12,Motor Vehicle In-Transport,2,Front-to-Front,0,No,1,Non-Junction,1,Not an Intersection,0,None,,,1,On Roadway,1,Daylight,,,,,1,Clear,0,No,0000000,Not Applicable,15,3:00pm-3:59pm,2,2,15,3:00pm-3:59pm,6,6,16,4:00pm-4:59pm,2,2,,,,,,,1,
2021,21,210158,Kentucky,2,2,0,0,0,2,2,157,MARSHALL (157),1400,HARDIN,7,7,4,April,2021,4,Wednesday,18,6:00pm-6:59pm,31,31,0,This section IS NOT on the NHS,1,Rural,3,Principal Arterial - Other,1,State Highway Agency,2,U.S. Highway,US-641,SR-402 BREWERS HWY,12,12,36.76524167,36.76524167,-88.310744440,-88.310744440,0,No Special Jurisdiction,12,Motor Vehicle In-Transport,2,Front-to-Front,0,No,2,Intersection,2,Four-Way Intersection,0,None,,,1,On Roadway,1,Daylight,,,,,10,Cloudy,0,No,0000000,Not Applicable,18,6:00pm-6:59pm,31,31,18,6:00pm-6:59pm,42,42,19,7:00pm-7:59pm,0,0,,,,,,,1,
2021,21,210159,Kentucky,2,2,0,0,0,4,4,237,WOLFE (237),0,NOT APPLICABLE,8,8,4,April,2021,5,Thursday,7,7:00am-7:59am,5,5,1,This section IS ON the NHS,1,Rural,3,Principal Arterial - Other,1,State Highway Agency,3,State Highway,SR-15,,76,76,37.71312222,37.71312222,-83.530061110,-83.530061110,0,No Special Jurisdiction,12,Motor Vehicle In-Transport,2,Front-to-Front,0,No,1,Non-Junction,1,Not an Intersection,0,None,,,1,On Roadway,4,Dawn,,,,,10,Cloudy,0,No,0000000,Not Applicable,6,6:00am-6:59am,55,55,6,6:00am-6:59am,58,58,7,7:00am-7:59am,44,44,,,,,,,2,
2021,21,210160,Kentucky,1,1,0,0,0,1,1,111,JEFFERSON (111),2090,LOUISVILLE,11,11,4,April,2021,1,Sunday,2,2:00am-2:59am,30,30,1,This section IS ON the NHS,2,Urban,3,Principal Arterial - Other,1,State Highway Agency,2,U.S. Highway,US-60 SHELBYVILLE RD,,76,76,38.24666667,38.24666667,-85.580213890,-85.580213890,0,No Special Jurisdiction,35,Embankment,0,The First Harmful Event was Not a Collision with a Motor Vehicle in Transport,0,No,1,Non-Junction,1,Not an Intersection,0,None,,,4,On Roadside,2,Dark - Not Lighted,,,,,1,Clear,0,No,0000000,Not Applicable,2,2:00am-2:59am,30,30,2,2:00am-2:59am,35,35,88,"Not Applicable (Not Transported) ",88,Not Applicable (Not Transported),,,,,,,1,
2021,21,210161,Kentucky,2,2,0,0,0,2,2,111,JEFFERSON (111),2090,LOUISVILLE,10,10,4,April,2021,7,Saturday,12,12:00pm-12:59pm,15,15,0,This section IS NOT on the NHS,2,Urban,4,Minor Arterial,1,State Highway Agency,3,State Highway,SR-1703 NEWBURG ROAD,BISHOP LANE,19,19,38.20065556,38.20065556,-85.685597220,-85.685597220,0,No Special Jurisdiction,12,Motor Vehicle In-Transport,6,Angle,0,No,2,Intersection,2,Four-Way Intersection,0,None,,,1,On Roadway,1,Daylight,,,,,2,Rain,0,No,0000000,Not Applicable,11,11:00am-11:59am,45,45,11,11:00am-11:59am,58,58,12,12:00pm-12:59pm,30,30,,,,,,,1,
2021,21,210162,Kentucky,2,2,0,0,0,2,2,67,FAYETTE (67),1980,LEXINGTON-FAYETTE,12,12,4,April,2021,2,Monday,1,1:00am-1:59am,36,36,1,This section IS ON the NHS,2,Urban,2,Principal Arterial - Other Freeways and Expressways,1,State Highway Agency,3,State Highway,SR-4 W NEW CIRCLE ROAD,,12,12,38.00321389,38.00321389,-84.541863890,-84.541863890,0,No Special Jurisdiction,12,Motor Vehicle In-Transport,2,Front-to-Front,0,No,1,Non-Junction,1,Not an Intersection,0,None,,,1,On Roadway,2,Dark - Not Lighted,,,,,1,Clear,0,No,0000000,Not Applicable,1,1:00am-1:59am,42,42,1,1:00am-1:59am,49,49,2,2:00am-2:59am,20,20,,,,,,,1,
2021,21,210163,Kentucky,2,2,0,0,0,3,3,151,MADISON (151),2750,RICHMOND,13,13,4,April,2021,3,Tuesday,16,4:00pm-4:59pm,40,40,1,This section IS ON the NHS,2,Urban,3,Principal Arterial - Other,1,State Highway Agency,2,U.S. Highway,US-25 ROBERT R MARTIN BYPASS,TRANSPORT CT,186,186,37.77232778,37.77232778,-84.287880560,-84.287880560,0,No Special Jurisdiction,12,Motor Vehicle In-Transport,6,Angle,0,No,2,Intersection,2,Four-Way Intersection,0,None,,,1,On Roadway,1,Daylight,,,,,1,Clear,0,No,0000000,Not Applicable,16,4:00pm-4:59pm,42,42,16,4:00pm-4:59pm,51,51,18,6:00pm-6:59pm,13,13,,,,,,,1,
2021,21,210164,Kentucky,3,3,0,0,0,6,6,45,CASEY (45),1990,LIBERTY,16,16,4,April,2021,6,Friday,5,5:00am-5:59am,50,50,0,This section IS NOT on the NHS,1,Rural,5,Major Collector,1,State Highway Agency,3,State Highway,SR-70,,94,94,37.27779167,37.27779167,-85.027697220,-85.027697220,0,No Special Jurisdiction,12,Motor Vehicle In-Transport,8,Sideswipe - Opposite Direction,0,No,1,Non-Junction,1,Not an Intersection,0,None,,,1,On Roadway,1,Daylight,,,,,1,Clear,0,No,0000000,Not Applicable,6,6:00am-6:59am,27,27,6,6:00am-6:59am,33,33,7,7:00am-7:59am,22,22,,,,,,,2,