caseyear,state,st_case,statename,ve_total,ve_forms,pvh_invl,peds,pernotmvit,permvit,persons,county,countyname,city,cityname,day,dayname,month,monthname,year,day_week,day_weekname,hour,hourname,minute,minutename,nhs,nhsname,rur_urb,rur_urbname,func_sys,func_sysname,rd_owner,rd_ownername,route,routename,tway_id,tway_id2,milept,mileptname,latitude,latitudename,longitud,longitudname,sp_jur,sp_jurname,harm_ev,harm_evname,man_coll,man_collname,reljct1,reljct1name,reljct2,reljct2name,typ_int,typ_intname,wrk_zone,wrk_zonename,road_fnc,road_fncname,rel_road,rel_roadname,lgt_cond,lgt_condname,weather1,weather1name,weather2,weather2name,weather,weathername,sch_bus,sch_busname,rail,railname,not_hour,not_hourname,not_min,not_minname,arr_hour,arr_hourname,arr_min,arr_minname,hosp_hr,hosp_hrname,hosp_mn,hosp_mnname,cf1,cf1name,cf2,cf2name,cf3,cf3name,fatals,drunk_dr
2021,21,210202,Kentucky,2,2,0,0,0,3,3,49,CLARK (49),0,NOT APPLICABLE,26,26,3,March,2021,6,Friday,16,4:00pm-4:59pm,13,13,1,This section IS ON the NHS,1,Rural,3,Principal Arterial - Other,1,State Highway Agency,3,State Highway,SR-627 BOONESBORO RD,OLD BOONESBORO RD CONNECTOR,11,11,37.91840556,37.91840556,-84.257422220,-84.257422220,0,No Special Jurisdiction,12,Motor Vehicle In-Transport,6,Angle,0,No,2,Intersection,2,Four-Way Intersection,0,None,,,1,On Roadway,1,Daylight,,,,,1,Clear,0,No,0000000,Not Applicable,16,4:00pm-4:59pm,7,7,16,4:00pm-4:59pm,15,15,88,"Not Applicable (Not Transported) ",88,Not Applicable (Not Transported),,,,,,,1,
2021,21,210203,Kentucky,1,1,0,0,0,2,2,91,HANCOCK (91),0,NOT APPLICABLE,11,11,4,April,2021,1,Sunday,16,4:00pm-4:59pm,45,45,0,This section IS NOT on the NHS,1,Rural,6,Minor Collector,1,State Highway Agency,3,State Highway,SR-1389,,41,41,37.87541111,37.87541111,-86.808108330,-86.808108330,0,No Special Jurisdiction,32,Culvert,0,The First Harmful Event was Not a Collision with a Motor Vehicle in Transport,0,No,1,Non-Junction,1,Not an Intersection,0,None,,,4,On Roadside,1,Daylight,,,,,1,Clear,0,No,0000000,Not Applicable,16,4:00pm-4:59pm,50,50,16,4:00pm-4:59pm,54,54,17,5:00pm-5:59pm,40,40,,,,,,,1,
2021,21,210204,Kentucky,1,1,0,0,0,1,1,151,MADISON (151),270,BEREA,29,29,4,April,2021,5,Thursday,18,6:00pm-6:59pm,46,46,0,This section IS NOT on the NHS,1,Rural,4,Minor Arterial,1,State Highway Agency,3,State Highway,SR-21 BIG HILL RD,,129,129,37.55240556,37.55240556,-84.237483330,-84.237483330,0,No Special Jurisdiction,42,Tree (Standing Only),0,The First Harmful Event was Not a Collision with a Motor Vehicle in Transport,0,No,1,Non-Junction,1,Not an Intersection,0,None,,,4,On Roadside,1,Daylight,,,,,2,Rain,0,No,0000000,Not Applicable,18,6:00pm-6:59pm,46,46,18,6:00pm-6:59pm,54,54,19,7:00pm-7:59pm,51,51,,,,,,,1,
2021,21,210205,Kentucky,2,2,0,0,0,3,3,85,GRAYSON (85),680,CLARKSON,29,29,4,April,2021,5,Thursday,7,7:00am-7:59am,45,45,0,This section IS NOT on the NHS,2,Urban,6,Minor Collector,1,State Highway Agency,2,U.S. Highway,US-62 ELIZABETHTOWN RD,,241,241,37.49104444,37.49104444,-86.243997220,-86.243997220,0,No Special Jurisdiction,12,Motor Vehicle In-Transport,8,Sideswipe - Opposite Direction,0,No,1,Non-Junction,1,Not an Intersection,0,None,,,1,On Roadway,1,Daylight,,,,,1,Clear,0,No,0000000,Not Applicable,7,7:00am-7:59am,24,24,7,7:00am-7:59am,25,25,7,7:00am-7:59am,28,28,,,,,,,1,
2021,21,210206,Kentucky,2,2,0,0,0,3,3,145,MCCRACKEN (145),0,NOT APPLICABLE,1,1,5,May,2021,7,Saturday,16,4:00pm-4:59pm,2,2,0,This section IS NOT on the NHS,1,Rural,4,Minor Arterial,1,State Highway Agency,3,State Highway,SR-286 GAGE RD,,17,17,37.01374722,37.01374722,-88.808477780,-88.808477780,0,No Special Jurisdiction,12,Motor Vehicle In-Transport,2,Front-to-Front,0,No,1,Non-Junction,1,Not an Intersection,0,None,,,1,On Roadway,1,Daylight,,,,,1,Clear,0,No,0000000,Not Applicable,15,3:00pm-3:59pm,44,44,16,4:00pm-4:59pm,0,0,16,4:00pm-4:59pm,11,11,,,,,,,1,
2021,21,210207,Kentucky,4,4,0,0,0,6,6,125,LAUREL (125),2040,LONDON,2,2,5,May,2021,1,Sunday,14,2:00pm-2:59pm,2,2,1,This section IS ON the NHS,2,Urban,3,Principal Arterial - Other,1,State Highway Agency,3,State Highway,SR-192,COUGAR ALY,199,199,37.10624722,37.10624722,-84.074736110,-84.074736110,0,No Special Jurisdiction,12,Motor Vehicle In-Transport,8,Sideswipe - Opposite Direction,0,No,2,Intersection,3,T-Intersection,0,None,,,1,On Roadway,1,Daylight,,,,,1,Clear,0,No,0000000,Not Applicable,14,2:00pm-2:59pm,2,2,14,2:00pm-2:59pm,16,16,14,2:00pm-2:59pm,32,32,,,,,,,1,
2021,21,210208,Kentucky,1,1,0,0,0,4,4,111,JEFFERSON (111),2090,LOUISVILLE,4,4,5,May,2021,3,Tuesday,1,1:00am-1:59am,16,16,0,This section IS NOT on the NHS,2,Urban,4,Minor Arterial,1,State Highway Agency,3,State Highway,SR-1932 BRECKENRIDGE LN,,8,8,38.19425833,38.19425833,-85.625422220,-85.625422220,0,No Special Jurisdiction,30,Utility Pole/Light Support,0,The First Harmful Event was Not a Collision with a Motor Vehicle in Transport,0,No,1,Non-Junction,1,Not an Intersection,0,None,,,4,On Roadside,3,Dark - Lighted,,,,,10,Cloudy,0,No,0000000,Not Applicable,1,1:00am-1:59am,17,17,1,1:00am-1:59am,23,23,1,1:00am-1:59am,57,57,,,,,,,2,
2021,21,210209,Kentucky,2,2,0,0,0,2,2,179,NELSON (179),170,BARDSTOWN,4,4,5,May,2021,3,Tuesday,3,3:00am-3:59am,59,59,0,This section IS NOT on the NHS,2,Urban,4,Minor Arterial,1,State Highway Agency,3,State Highway,SR-245 NEW SHEPHERDSVILLE RD,,10,10,37.81178889,37.81178889,-85.427563890,-85.427563890,0,No Special Jurisdiction,30,Utility Pole/Light Support,0,The First Harmful Event was Not a Collision with a Motor Vehicle in Transport,0,No,1,Non-Junction,1,Not an Intersection,0,None,,,4,On Roadside,2,Dark - Not Lighted,,,,,1,Clear,0,No,0000000,Not Applicable,3,3:00am-3:59am,54,54,4,4:00am-4:59am,0,0,88,"Not Applicable (Not Transported) ",88,Not Applicable (Not Transported),,,,,,,1,
2021,21,210210,Kentucky,2,2,0,0,0,2,2,111,JEFFERSON (111),2090,LOUISVILLE,4,4,5,May,2021,3,Tuesday,3,3:00am-3:59am,52,52,1,This section IS ON the NHS,2,Urban,3,Principal Arterial - Other,1,State Highway Agency,3,State Highway,SR-1747 BLK  FERN VALLEY RD,,15,15,38.15696111,38.15696111,-85.704419440,-85.704419440,0,No Special Jurisdiction,12,Motor Vehicle In-Transport,1,Front-to-Rear,0,No,4,Driveway Access,1,Not an Intersection,0,None,,,1,On Roadway,3,Dark - Lighted,,,,,1,Clear,0,No,0000000,Not Applicable,3,3:00am-3:59am,53,53,3,3:00am-3:59am,56,56,4,4:00am-4:59am,26,26,,,,,,,1,
2021,21,210211,Kentucky,1,1,0,0,0,1,1,43,CARTER (43),0,NOT APPLICABLE,6,6,5,May,2021,5,Thursday,20,8:00pm-8:59pm,6,6,0,This section IS NOT on the NHS,1,Rural,5,Major Collector,1,State Highway Agency,3,State Highway,SR-2,,192,192,38.46373611,38.46373611,-83.052972220,-83.052972220,0,No Special Jurisdiction,35,Embankment,0,The First Harmful Event was Not a Collision with a Motor Vehicle in Transport,0,No,1,Non-Junction,1,Not an Intersection,0,None,,,4,On Roadside,1,Daylight,,,,,10,Cloudy,0,No,0000000,Not Applicable,19,7:00pm-7:59pm,55,55,20,8:00pm-8:59pm,17,17,88,"Not Applicable (Not Transported) ",88,Not Applicable (Not Transported),,,,,,,1,
2021,21,210212,Kentucky,1,1,0,0,0,2,2,67,FAYETTE (67),1980,LEXINGTON-FAYETTE,7,7,5,May,2021,6,Friday,2,2:00am-2:59am,42,42,1,This section IS ON the NHS,2,Urban,3,Principal Arterial - Other,1,State Highway Agency,2,U.S. Highway,US-60 W HIGH ST,,78,78,38.05071111,38.05071111,-84.507525000,-84.507525000,0,No Special Jurisdiction,30,Utility Pole/Light Support,0,The First Harmful Event was Not a Collision with a Motor Vehicle in Transport,0,No,1,Non-Junction,1,Not an Intersection,0,None,,,4,On Roadside,3,Dark - Lighted,,,,,10,Cloudy,0,No,0000000,Not Applicable,2,2:00am-2:59am,45,45,2,2:00am-2:59am,47,47,3,3:00am-3:59am,11,11,,,,,,,1,
2021,21,210213,Kentucky,1,1,0,0,0,1,1,111,JEFFERSON (111),2090,LOUISVILLE,7,7,5,May,2021,6,Friday,19,7:00pm-7:59pm,0,0,0,This section IS NOT on the NHS,2,Urban,7,Local,3,Town or Township Highway Agency,5,Local Street - Township,CHEROKEE RD,,12,12,38.23700556,38.23700556,-85.707447220,-85.707447220,0,No Special Jurisdiction,42,Tree (Standing Only),0,The First Harmful Event was Not a Collision with a Motor Vehicle in Transport,0,No,1,Non-Junction,1,Not an Intersection,0,None,,,4,On Roadside,1,Daylight,,,,,10,Cloudy,0,No,0000000,Not Applicable,19,7:00pm-7:59pm,1,1,19,7:00pm-7:59pm,9,9,88,"Not Applicable (Not Transported) ",88,Not Applicable (Not Transported),,,,,,,1,
2021,21,210214,Kentucky,2,2,0,0,0,5,5,121,KNOX (121),0,NOT APPLICABLE,9,9,5,May,2021,1,Sunday,16,4:00pm-4:59pm,8,8,0,This section IS NOT on the NHS,1,Rural,5,Major Collector,1,State Highway Agency,3,State Highway,SR-11,,74,74,36.84294444,36.84294444,-83.900819440,-83.900819440,0,No Special Jurisdiction,12,Motor Vehicle In-Transport,2,Front-to-Front,0,No,1,Non-Junction,1,Not an Intersection,0,None,,,1,On Roadway,1,Daylight,,,,,2,Rain,0,No,0000000,Not Applicable,16,4:00pm-4:59pm,8,8,16,4:00pm-4:59pm,20,20,17,5:00pm-5:59pm,19,19,,,,,,,1,
2021,21,210215,Kentucky,3,3,0,0,0,4,4,111,JEFFERSON (111),2090,LOUISVILLE,6,6,5,May,2021,5,Thursday,22,10:00pm-10:59pm,52,52,1,This section IS ON the NHS,2,Urban,3,Principal Arterial - Other,1,State Highway Agency,2,U.S. Highway,US-150 W BROADWAY,s 18th street,11,11,38.24895556,38.24895556,-85.781500000,-85.781500000,0,No Special Jurisdiction,12,Motor Vehicle In-Transport,6,Angle,0,No,2,Intersection,2,Four-Way Intersection,0,None,,,1,On Roadway,3,Dark - Lighted,,,,,10,Cloudy,0,No,0000000,Not Applicable,22,10:00pm-10:59pm,52,52,23,11:00pm-11:59pm,3,3,23,11:00pm-11:59pm,21,21,,,,,,,1,
2021,21,210216,Kentucky,1,1,0,0,0,1,1,33,CALDWELL (33),0,NOT APPLICABLE,9,9,5,May,2021,1,Sunday,20,8:00pm-8:59pm,30,30,0,This section IS NOT on the NHS,1,Rural,5,Major Collector,1,State Highway Agency,3,State Highway,SR-293,,178,178,37.27959444,37.27959444,-87.810236110,-87.810236110,0,No Special Jurisdiction,35,Embankment,0,The First Harmful Event was Not a Collision with a Motor Vehicle in Transport,0,No,1,Non-Junction,1,Not an Intersection,0,None,,,4,On Roadside,2,Dark - Not Lighted,,,,,1,Clear,0,No,0000000,Not Applicable,12,12:00pm-12:59pm,17,17,12,12:00pm-12:59pm,29,29,88,"Not Applicable (Not Transported) ",88,Not Applicable (Not Transported),,,,,,,1,
2021,21,210217,Kentucky,3,3,0,0,0,6,6,135,LEWIS (135),0,NOT APPLICABLE,11,11,5,May,2021,3,Tuesday,5,5:00am-5:59am,22,22,1,This section IS ON the NHS,1,Rural,3,Principal Arterial - Other,1,State Highway Agency,3,State Highway,SR-9 AA HWY,,182,182,38.57636389,38.57636389,-83.429552780,-83.429552780,0,No Special Jurisdiction,12,Motor Vehicle In-Transport,2,Front-to-Front,0,No,1,Non-Junction,1,Not an Intersection,0,None,,,1,On Roadway,1,Daylight,,,,,5,"Fog, Smog, Smoke",0,No,0000000,Not Applicable,5,5:00am-5:59am,22,22,5,5:00am-5:59am,37,37,6,6:00am-6:59am,5,5,,,,,,,1,
2021,21,210218,Kentucky,2,2,0,0,0,2,2,73,FRANKLIN (73),0,NOT APPLICABLE,11,11,5,May,2021,3,Tuesday,14,2:00pm-2:59pm,7,7,1,This section IS ON the NHS,1,Rural,1,Interstate,1,State Highway Agency,1,Interstate,I-64,,553,553,38.16035000,38.16035000,-84.853494440,-84.853494440,0,No Special Jurisdiction,24,Guardrail Face,0,The First Harmful Event was Not a Collision with a Motor Vehicle in Transport,0,No,1,Non-Junction,1,Not an Intersection,0,None,,,4,On Roadside,1,Daylight,,,,,7,"Blowing Sand, Soil, Dirt",0,No,0000000,Not Applicable,14,2:00pm-2:59pm,2,2,14,2:00pm-2:59pm,14,14,88,"Not Applicable (Not Transported) ",88,Not Applicable (Not Transported),,,,,,,1,
2021,21,210219,Kentucky,1,1,0,1,1,3,3,95,HARLAN (95),0,NOT APPLICABLE,12,12,5,May,2021,4,Wednesday,17,5:00pm-5:59pm,52,52,0,This section IS NOT on the NHS,1,Rural,7,Local,1,State Highway Agency,3,State Highway,SR-3457 SALS BRANCH ROAD,,99998,Not Reported,36.86510000,36.86510000,-83.203736110,-83.203736110,0,No Special Jurisdiction,72,"Cargo/Equipment Loss, Shift, or Damage [harmful]",0,The First Harmful Event was Not a Collision with a Motor Vehicle in Transport,0,No,1,Non-Junction,1,Not an Intersection,0,None,,,1,On Roadway,1,Daylight,,,,,1,Clear,0,No,0000000,Not Applicable,17,5:00pm-5:59pm,51,51,18,6:00pm-6:59pm,15,15,19,7:00pm-7:59pm,0,0,,,,,,,1,
2021,21,210220,Kentucky,2,2,0,0,0,2,2,1,ADAIR (1),0,NOT APPLICABLE,13,13,5,May,2021,5,Thursday,10,10:00am-10:59am,16,16,0,This section IS NOT on the NHS,1,Rural,6,Minor Collector,1,State Highway Agency,3,State Highway,SR-92 MONTPELIER RD,,49,49,37.02018611,37.02018611,-85.192366670,-85.192366670,0,No Special Jurisdiction,12,Motor Vehicle In-Transport,8,Sideswipe - Opposite Direction,0,No,1,Non-Junction,1,Not an Intersection,0,None,,,1,On Roadway,1,Daylight,,,,,1,Clear,0,No,0000000,Not Applicable,9,9:00am-9:59am,58,58,10,10:00am-10:59am,10,10,10,10:00am-10:59am,40,40,,,,,,,1,
2021,21,210221,Kentucky,1,1,0,0,0,1,1,117,KENTON (117),3239,TAYLOR MILL,14,14,5,May,2021,6,Friday,16,4:00pm-4:59pm,20,20,0,This section IS NOT on the NHS,2,Urban,5,Major Collector,1,State Highway Agency,3,State Highway,SR-177 DECOURSEY PIKE,,184,184,39.02254167,39.02254167,-84.491861110,-84.491861110,0,No Special Jurisdiction,35,Embankment,0,The First Harmful Event was Not a Collision with a Motor Vehicle in Transport,0,No,1,Non-Junction,1,Not an Intersection,0,None,,,4,On Roadside,1,Daylight,,,,,1,Clear,0,No,0000000,Not Applicable,16,4:00pm-4:59pm,21,21,16,4:00pm-4:59pm,28,28,88,"Not Applicable (Not Transported) ",88,Not Applicable (Not Transported),,,,,,,1,
2021,21,210222,Kentucky,2,2,0,0,0,2,2,173,MONTGOMERY (173),2320,MOUNT STERLING,14,14,5,May,2021,6,Friday,16,4:00pm-4:59pm,24,24,0,This section IS NOT on the NHS,2,Urban,4,Minor Arterial,1,State Highway Agency,3,State Highway,SR-686 INDIAN MOUND DR,SR-713 SPENCER PIKE,48,48,38.05454444,38.05454444,-83.916805560,-83.916805560,0,No Special Jurisdiction,12,Motor Vehicle In-Transport,6,Angle,0,No,2,Intersection,2,Four-Way Intersection,0,None,,,1,On Roadway,1,Daylight,,,,,1,Clear,1,Yes,0000000,Not Applicable,16,4:00pm-4:59pm,24,24,16,4:00pm-4:59pm,34,34,88,"Not Applicable (Not Transported) ",88,Not Applicable (Not Transported),,,,,,,1,
2021,21,210223,Kentucky,2,2,0,0,0,3,3,11,BATH (11),0,NOT APPLICABLE,16,16,5,May,2021,1,Sunday,16,4:00pm-4:59pm,59,59,0,This section IS NOT on the NHS,1,Rural,4,Minor Arterial,1,State Highway Agency,3,State Highway,SR-11 VETERANS MEMORIAL HWY,,12,12,38.17820278,38.17820278,-83.946825000,-83.946825000,0,No Special Jurisdiction,12,Motor Vehicle In-Transport,6,Angle,0,No,1,Non-Junction,1,Not an Intersection,0,None,,,1,On Roadway,1,Daylight,,,,,10,Cloudy,0,No,0000000,Not Applicable,16,4:00pm-4:59pm,55,55,17,5:00pm-5:59pm,13,13,0,0:00am-0:59am,0,0,,,,,,,2,
2021,21,210224,Kentucky,1,1,0,0,0,2,2,111,JEFFERSON (111),2090,LOUISVILLE,10,10,5,May,2021,2,Monday,0,0:00am-0:59am,56,56,0,This section IS NOT on the NHS,2,Urban,4,Minor Arterial,1,State Highway Agency,2,U.S. Highway,US-60 BLOCK EASTERN PKWAY,,46,46,38.21545278,38.21545278,-85.741638890,-85.741638890,0,No Special Jurisdiction,42,Tree (Standing Only),0,The First Harmful Event was Not a Collision with a Motor Vehicle in Transport,0,No,1,Non-Junction,1,Not an Intersection,0,None,,,4,On Roadside,3,Dark - Lighted,,,,,1,Clear,0,No,0000000,Not Applicable,0,0:00am-0:59am,57,57,1,1:00am-1:59am,3,3,1,1:00am-1:59am,27,27,,,,,,,1,
2021,21,210225,Kentucky,1,1,0,0,0,1,1,219,TODD (219),0,NOT APPLICABLE,14,14,5,May,2021,6,Friday,16,4:00pm-4:59pm,57,57,0,This section IS NOT on the NHS,1,Rural,5,Major Collector,1,State Highway Agency,3,State Highway,SR-106 SHARON GROVE RD,,41,41,36.87678056,36.87678056,-87.112825000,-87.112825000,0,No Special Jurisdiction,35,Embankment,0,The First Harmful Event was Not a Collision with a Motor Vehicle in Transport,0,No,1,Non-Junction,1,Not an Intersection,0,None,,,4,On Roadside,1,Daylight,,,,,1,Clear,0,No,0000000,Not Applicable,16,4:00pm-4:59pm,50,50,17,5:00pm-5:59pm,0,0,17,5:00pm-5:59pm,25,25,,,,,,,1,
2021,21,210227,Kentucky,1,1,0,1,1,1,1,193,PERRY (193),0,NOT APPLICABLE,10,10,5,May,2021,2,Monday,0,0:00am-0:59am,42,42,1,This section IS ON the NHS,1,Rural,3,Principal Arterial - Other,1,State Highway Agency,3,State Highway,SR-15,,13,13,37.20661389,37.20661389,-83.072997220,-83.072997220,0,No Special Jurisdiction,8,Pedestrian,0,The First Harmful Event was Not a Collision with a Motor Vehicle in Transport,0,No,1,Non-Junction,1,Not an Intersection,0,None,,,1,On Roadway,2,Dark - Not Lighted,,,,,2,Rain,0,No,0000000,Not Applicable,0,0:00am-0:59am,40,40,0,0:00am-0:59am,52,52,88,"Not Applicable (Not Transported) ",88,Not Applicable (Not Transported),,,,,,,1,
2021,21,210228,Kentucky,1,1,0,0,0,2,2,7,BALLARD (7),0,NOT APPLICABLE,11,11,5,May,2021,3,Tuesday,16,4:00pm-4:59pm,10,10,0,This section IS NOT on the NHS,1,Rural,6,Minor Collector,1,State Highway Agency,3,State Highway,SR-1837 BLANDVILLE RD,,55,55,36.96120278,36.96120278,-88.874525000,-88.874525000,0,No Special Jurisdiction,32,Culvert,0,The First Harmful Event was Not a Collision with a Motor Vehicle in Transport,0,No,1,Non-Junction,1,Not an Intersection,0,None,,,4,On Roadside,1,Daylight,,,,,1,Clear,0,No,0000000,Not Applicable,16,4:00pm-4:59pm,11,11,16,4:00pm-4:59pm,32,32,16,4:00pm-4:59pm,59,59,,,,,,,1,
2021,21,210229,Kentucky,2,2,0,0,0,3,3,111,JEFFERSON (111),2090,LOUISVILLE,19,19,5,May,2021,4,Wednesday,20,8:00pm-8:59pm,30,30,0,This section IS NOT on the NHS,2,Urban,7,Local,3,Town or Township Highway Agency,5,Local Street - Township,WINDING STREAM DR,WINDING STREAM WAY,0,None,38.08355000,38.08355000,-85.877491670,-85.877491670,0,No Special Jurisdiction,12,Motor Vehicle In-Transport,6,Angle,0,No,2,Intersection,2,Four-Way Intersection,0,None,,,1,On Roadway,1,Daylight,,,,,1,Clear,0,No,0000000,Not Applicable,20,8:00pm-8:59pm,31,31,20,8:00pm-8:59pm,40,40,21,9:00pm-9:59pm,18,18,,,,,,,1,
2021,21,210230,Kentucky,2,1,1,0,0,1,1,67,FAYETTE (67),1980,LEXINGTON-FAYETTE,21,21,5,May,2021,6,Friday,2,2:00am-2:59am,25,25,0,This section IS NOT on the NHS,2,Urban,4,Minor Arterial,1,State Highway Agency,3,State Highway,SR-353 RUSSELL CAVE RD,,7,7,38.07998056,38.07998056,-84.470377780,-84.470377780,0,No Special Jurisdiction,42,Tree (Standing Only),0,The First Harmful Event was Not a Collision with a Motor Vehicle in Transport,0,No,1,Non-Junction,1,Not an Intersection,0,None,,,4,On Roadside,3,Dark - Lighted,,,,,1,Clear,0,No,0000000,Not Applicable,2,2:00am-2:59am,26,26,2,2:00am-2:59am,29,29,88,"Not Applicable (Not Transported) ",88,Not Applicable (Not Transported),,,,,,,1,
2021,21,210231,Kentucky,3,3,0,0,0,6,6,207,RUSSELL (207),0,NOT APPLICABLE,17,17,5,May,2021,2,Monday,21,9:00pm-9:59pm,19,19,1,This section IS ON the NHS,1,Rural,3,Principal Arterial - Other,1,State Highway Agency,2,U.S. Highway,US-127,,214,214,37.10166111,37.10166111,-85.059866670,-85.059866670,0,No Special Jurisdiction,12,Motor Vehicle In-Transport,1,Front-to-Rear,0,No,1,Non-Junction,1,Not an Intersection,0,None,,,1,On Roadway,2,Dark - Not Lighted,,,,,1,Clear,0,No,0000000,Not Applicable,21,9:00pm-9:59pm,14,14,21,9:00pm-9:59pm,21,21,22,10:00pm-10:59pm,39,39,,,,,,,1,
2021,21,210232,Kentucky,2,2,0,0,0,4,4,13,BELL (13),2220,MIDDLESBORO,20,20,5,May,2021,5,Thursday,23,11:00pm-11:59pm,41,41,0,This section IS NOT on the NHS,2,Urban,4,Minor Arterial,1,State Highway Agency,3,State Highway,SR-2079 N 19TH ST,,29,29,36.62170278,36.62170278,-83.712241670,-83.712241670,0,No Special Jurisdiction,12,Motor Vehicle In-Transport,6,Angle,0,No,1,Non-Junction,1,Not an Intersection,0,None,,,1,On Roadway,3,Dark - Lighted,,,,,1,Clear,0,No,0000000,Not Applicable,23,11:00pm-11:59pm,12,12,23,11:00pm-11:59pm,20,20,23,11:00pm-11:59pm,33,33,,,,,,,1,
2021,21,210233,Kentucky,2,2,0,0,0,3,3,145,MCCRACKEN (145),0,NOT APPLICABLE,14,14,5,May,2021,6,Friday,13,1:00pm-1:59pm,4,4,0,This section IS NOT on the NHS,2,Urban,4,Minor Arterial,1,State Highway Agency,2,U.S. Highway,US-68 BENTON RD,WATSON RD,18,18,36.98626944,36.98626944,-88.498758330,-88.498758330,0,No Special Jurisdiction,12,Motor Vehicle In-Transport,6,Angle,0,No,2,Intersection,3,T-Intersection,0,None,,,1,On Roadway,1,Daylight,,,,,1,Clear,0,No,0000000,Not Applicable,13,1:00pm-1:59pm,5,5,13,1:00pm-1:59pm,13,13,13,1:00pm-1:59pm,40,40,,,,,,,1,
2021,21,210234,Kentucky,2,2,0,0,0,2,2,177,MUHLENBERG (177),0,NOT APPLICABLE,25,25,5,May,2021,3,Tuesday,17,5:00pm-5:59pm,32,32,0,This section IS NOT on the NHS,1,Rural,5,Major Collector,1,State Highway Agency,3,State Highway,SR-181 GREENVILLE RD,,19,19,37.07173889,37.07173889,-87.126488890,-87.126488890,0,No Special Jurisdiction,12,Motor Vehicle In-Transport,2,Front-to-Front,0,No,1,Non-Junction,1,Not an Intersection,0,None,,,1,On Roadway,1,Daylight,,,,,1,Clear,0,No,0000000,Not Applicable,17,5:00pm-5:59pm,35,35,17,5:00pm-5:59pm,50,50,18,6:00pm-6:59pm,16,16,,,,,,,1,
2021,21,210235,Kentucky,2,2,0,0,0,3,3,7,BALLARD (7),0,NOT APPLICABLE,19,19,5,May,2021,4,Wednesday,5,5:00am-5:59am,45,45,0,This section IS NOT on the NHS,1,Rural,4,Minor Arterial,1,State Highway Agency,3,State Highway,SR-286 WICKLIFFE RD,,55,55,36.98854722,36.98854722,-88.990241670,-88.990241670,0,No Special Jurisdiction,12,Motor Vehicle In-Transport,2,Front-to-Front,0,No,1,Non-Junction,1,Not an Intersection,0,None,,,1,On Roadway,4,Dawn,,,,,2,Rain,0,No,0000000,Not Applicable,4,4:00am-4:59am,45,45,4,4:00am-4:59am,55,55,5,5:00am-5:59am,30,30,,,,,,,2,
2021,21,210236,Kentucky,2,2,0,0,0,2,2,103,HENRY (103),0,NOT APPLICABLE,24,24,5,May,2021,2,Monday,22,10:00pm-10:59pm,1,1,1,This section IS ON the NHS,1,Rural,1,Interstate,1,State Highway Agency,1,Interstate,I-71,,274,274,38.45422222,38.45422222,-85.299383330,-85.299383330,0,No Special Jurisdiction,12,Motor Vehicle In-Transport,6,Angle,0,No,5,Entrance/Exit Ramp Related,1,Not an Intersection,0,None,,,1,On Roadway,6,Dark - Unknown Lighting,,,,,1,Clear,0,No,0000000,Not Applicable,22,10:00pm-10:59pm,1,1,22,10:00pm-10:59pm,10,10,22,10:00pm-10:59pm,10,10,,,,,,,1,
2021,21,210237,Kentucky,3,3,0,0,0,4,4,145,MCCRACKEN (145),2520,PADUCAH,26,26,5,May,2021,4,Wednesday,11,11:00am-11:59am,25,25,1,This section IS ON the NHS,2,Urban,1,Interstate,1,State Highway Agency,1,Interstate,I-24 HENRY WARD HWY,,34,34,37.09112778,37.09112778,-88.685697220,-88.685697220,0,No Special Jurisdiction,12,Motor Vehicle In-Transport,6,Angle,0,No,1,Non-Junction,1,Not an Intersection,0,None,,,1,On Roadway,1,Daylight,,,,,10,Cloudy,0,No,0000000,Not Applicable,11,11:00am-11:59am,28,28,11,11:00am-11:59am,33,33,11,11:00am-11:59am,55,55,,,,,,,1,
2021,21,210238,Kentucky,1,1,0,0,0,2,2,51,CLAY (51),2160,MANCHESTER,26,26,5,May,2021,4,Wednesday,16,4:00pm-4:59pm,19,19,0,This section IS NOT on the NHS,1,Rural,7,Local,1,State Highway Agency,3,State Highway,SR-2432 BEECH CREEK RD,,34,34,37.16783889,37.16783889,-83.717338890,-83.717338890,0,No Special Jurisdiction,35,Embankment,0,The First Harmful Event was Not a Collision with a Motor Vehicle in Transport,0,No,1,Non-Junction,1,Not an Intersection,0,None,,,4,On Roadside,1,Daylight,,,,,1,Clear,0,No,0000000,Not Applicable,16,4:00pm-4:59pm,15,15,16,4:00pm-4:59pm,27,27,88,"Not Applicable (Not Transported) ",88,Not Applicable (Not Transported),,,,,,,1,
2021,21,210239,Kentucky,2,2,0,0,0,4,4,169,METCALFE (169),0,NOT APPLICABLE,17,17,5,May,2021,2,Monday,12,12:00pm-12:59pm,25,25,0,This section IS NOT on the NHS,1,Rural,5,Major Collector,1,State Highway Agency,3,State Highway,SR-70 SULPHER WELL KNOBLICK RD,,74,74,37.10165000,37.10165000,-85.633669440,-85.633669440,0,No Special Jurisdiction,12,Motor Vehicle In-Transport,6,Angle,0,No,1,Non-Junction,1,Not an Intersection,0,None,,,1,On Roadway,1,Daylight,,,,,1,Clear,0,No,0000000,Not Applicable,12,12:00pm-12:59pm,25,25,12,12:00pm-12:59pm,41,41,13,1:00pm-1:59pm,9,9,,,,,,,1,
2021,21,210240,Kentucky,1,1,0,0,0,1,1,17,BOURBON (17),0,NOT APPLICABLE,19,19,5,May,2021,4,Wednesday,7,7:00am-7:59am,17,17,0,This section IS NOT on the NHS,1,Rural,6,Minor Collector,1,State Highway Agency,3,State Highway,SR-537 BUNKER HILL RD,,120,120,38.16822222,38.16822222,-84.022144440,-84.022144440,0,No Special Jurisdiction,53,Mail Box,0,The First Harmful Event was Not a Collision with a Motor Vehicle in Transport,0,No,1,Non-Junction,1,Not an Intersection,0,None,,,4,On Roadside,1,Daylight,,,,,1,Clear,0,No,0000000,Not Applicable,7,7:00am-7:59am,20,20,7,7:00am-7:59am,30,30,88,"Not Applicable (Not Transported) ",88,Not Applicable (Not Transported),,,,,,,1,