caseyear,state,st_case,statename,ve_total,ve_forms,pvh_invl,peds,pernotmvit,permvit,persons,county,countyname,city,cityname,day,dayname,month,monthname,year,day_week,day_weekname,hour,hourname,minute,minutename,nhs,nhsname,rur_urb,rur_urbname,func_sys,func_sysname,rd_owner,rd_ownername,route,routename,tway_id,tway_id2,milept,mileptname,latitude,latitudename,longitud,longitudname,sp_jur,sp_jurname,harm_ev,harm_evname,man_coll,man_collname,reljct1,reljct1name,reljct2,reljct2name,typ_int,typ_intname,wrk_zone,wrk_zonename,road_fnc,road_fncname,rel_road,rel_roadname,lgt_cond,lgt_condname,weather1,weather1name,weather2,weather2name,weather,weathername,sch_bus,sch_busname,rail,railname,not_hour,not_hourname,not_min,not_minname,arr_hour,arr_hourname,arr_min,arr_minname,hosp_hr,hosp_hrname,hosp_mn,hosp_mnname,cf1,cf1name,cf2,cf2name,cf3,cf3name,fatals,drunk_dr
2021,21,210241,Kentucky,1,1,0,0,0,1,1,93,HARDIN (93),0,NOT APPLICABLE,27,27,5,May,2021,5,Thursday,4,4:00am-4:59am,47,47,1,This section IS ON the NHS,1,Rural,3,Principal Arterial - Other,1,State Highway Agency,3,State Highway,SR-9001 WENDELL H FORD WESTERN,,1201,1201,37.55251389,37.55251389,-86.093336110,-86.093336110,0,No Special Jurisdiction,1,Rollover/Overturn,0,The First Harmful Event was Not a Collision with a Motor Vehicle in Transport,0,No,1,Non-Junction,1,Not an Intersection,0,None,,,1,On Roadway,2,Dark - Not Lighted,,,,,5,"Fog, Smog, Smoke",0,No,0000000,Not Applicable,4,4:00am-4:59am,44,44,5,5:00am-5:59am,1,1,88,"Not Applicable (Not Transported) ",88,Not Applicable (Not Transported),,,,,,,1,
2021,21,210242,Kentucky,3,3,0,0,0,3,3,223,TRIMBLE (223),0,NOT APPLICABLE,27,27,5,May,2021,5,Thursday,9,9:00am-9:59am,50,50,0,This section IS NOT on the NHS,1,Rural,4,Minor Arterial,1,State Highway Agency,2,U.S. Highway,US-421,,101,101,38.64343889,38.64343889,-85.324252780,-85.324252780,0,No Special Jurisdiction,12,Motor Vehicle In-Transport,2,Front-to-Front,0,No,1,Non-Junction,1,Not an Intersection,0,None,,,1,On Roadway,1,Daylight,,,,,10,Cloudy,0,No,0000000,Not Applicable,9,9:00am-9:59am,56,56,9,9:00am-9:59am,56,56,11,11:00am-11:59am,6,6,,,,,,,1,
2021,21,210243,Kentucky,1,1,0,0,0,1,1,59,DAVIESS (59),2490,OWENSBORO,29,29,5,May,2021,7,Saturday,3,3:00am-3:59am,48,48,1,This section IS ON the NHS,2,Urban,3,Principal Arterial - Other,1,State Highway Agency,3,State Highway,SR-2262 GLOVER CARY BRIDGE,,10,10,37.77971389,37.77971389,-87.109172220,-87.109172220,0,No Special Jurisdiction,24,Guardrail Face,0,The First Harmful Event was Not a Collision with a Motor Vehicle in Transport,0,No,1,Non-Junction,1,Not an Intersection,0,None,,,4,On Roadside,3,Dark - Lighted,,,,,2,Rain,0,No,0000000,Not Applicable,3,3:00am-3:59am,51,51,3,3:00am-3:59am,54,54,88,"Not Applicable (Not Transported) ",88,Not Applicable (Not Transported),,,,,,,1,
2021,21,210244,Kentucky,2,2,0,0,0,3,3,111,JEFFERSON (111),2090,LOUISVILLE,30,30,5,May,2021,1,Sunday,3,3:00am-3:59am,26,26,0,This section IS NOT on the NHS,2,Urban,4,Minor Arterial,1,State Highway Agency,3,State Highway,SR-864 POPLAR LEVEL RD,Gilmore Ln,102,102,38.18268611,38.18268611,-85.698366670,-85.698366670,0,No Special Jurisdiction,33,Curb,0,The First Harmful Event was Not a Collision with a Motor Vehicle in Transport,0,No,3,Intersection-Related,3,T-Intersection,0,None,,,4,On Roadside,2,Dark - Not Lighted,,,,,1,Clear,0,No,0000000,Not Applicable,3,3:00am-3:59am,31,31,3,3:00am-3:59am,46,46,3,3:00am-3:59am,57,57,,,,,,,1,
2021,21,210245,Kentucky,3,3,0,0,0,3,3,111,JEFFERSON (111),2090,LOUISVILLE,31,31,5,May,2021,2,Monday,22,10:00pm-10:59pm,43,43,1,This section IS ON the NHS,2,Urban,1,Interstate,1,State Highway Agency,1,Interstate,I-65,,1369,1369,38.26594167,38.26594167,-85.744163890,-85.744163890,0,No Special Jurisdiction,12,Motor Vehicle In-Transport,8,Sideswipe - Opposite Direction,0,No,1,Non-Junction,1,Not an Intersection,0,None,,,1,On Roadway,3,Dark - Lighted,,,,,1,Clear,0,No,0000000,Not Applicable,22,10:00pm-10:59pm,44,44,22,10:00pm-10:59pm,56,56,23,11:00pm-11:59pm,21,21,,,,,,,1,
2021,21,210246,Kentucky,1,1,0,1,1,2,2,7,BALLARD (7),3550,WICKLIFFE,16,16,5,May,2021,1,Sunday,12,12:00pm-12:59pm,55,55,0,This section IS NOT on the NHS,1,Rural,4,Minor Arterial,1,State Highway Agency,2,U.S. Highway,US-51 N 4TH ST,,34,34,36.96558333,36.96558333,-89.089077780,-89.089077780,0,No Special Jurisdiction,9,Pedalcyclist,0,The First Harmful Event was Not a Collision with a Motor Vehicle in Transport,0,No,8,Driveway Access Related,1,Not an Intersection,0,None,,,1,On Roadway,1,Daylight,,,,,10,Cloudy,0,No,0000000,Not Applicable,13,1:00pm-1:59pm,0,0,13,1:00pm-1:59pm,2,2,13,1:00pm-1:59pm,21,21,,,,,,,1,
2021,21,210247,Kentucky,2,2,0,0,0,2,2,111,JEFFERSON (111),2090,LOUISVILLE,31,31,5,May,2021,2,Monday,10,10:00am-10:59am,56,56,0,This section IS NOT on the NHS,2,Urban,7,Local,3,Town or Township Highway Agency,5,Local Street - Township,ROWAN ST,N 21ST ST,8,8,38.26106667,38.26106667,-85.784402780,-85.784402780,0,No Special Jurisdiction,12,Motor Vehicle In-Transport,6,Angle,0,No,2,Intersection,2,Four-Way Intersection,0,None,,,1,On Roadway,1,Daylight,,,,,1,Clear,0,No,0000000,Not Applicable,10,10:00am-10:59am,53,53,10,10:00am-10:59am,56,56,11,11:00am-11:59am,12,12,,,,,,,1,
2021,21,210248,Kentucky,1,1,0,0,0,1,1,67,FAYETTE (67),1980,LEXINGTON-FAYETTE,19,19,5,May,2021,4,Wednesday,21,9:00pm-9:59pm,22,22,1,This section IS ON the NHS,2,Urban,3,Principal Arterial - Other,1,State Highway Agency,3,State Highway,SR-1974 TATES CREEK RD,,113,113,38.01881667,38.01881667,-84.494819440,-84.494819440,0,No Special Jurisdiction,33,Curb,0,The First Harmful Event was Not a Collision with a Motor Vehicle in Transport,0,No,1,Non-Junction,1,Not an Intersection,0,None,,,3,On Median,3,Dark - Lighted,,,,,1,Clear,0,No,0000000,Not Applicable,21,9:00pm-9:59pm,21,21,21,9:00pm-9:59pm,25,25,21,9:00pm-9:59pm,39,39,,,,,,,1,
2021,21,210249,Kentucky,2,2,0,0,0,4,4,93,HARDIN (93),0,NOT APPLICABLE,21,21,5,May,2021,6,Friday,14,2:00pm-2:59pm,57,57,0,This section IS NOT on the NHS,1,Rural,6,Minor Collector,1,State Highway Agency,3,State Highway,SR-1357 ST JOHN RD,,106,106,37.69993889,37.69993889,-85.981008330,-85.981008330,0,No Special Jurisdiction,12,Motor Vehicle In-Transport,2,Front-to-Front,0,No,1,Non-Junction,1,Not an Intersection,0,None,,,1,On Roadway,1,Daylight,,,,,1,Clear,0,No,0000000,Not Applicable,14,2:00pm-2:59pm,57,57,15,3:00pm-3:59pm,5,5,15,3:00pm-3:59pm,25,25,,,,,,,1,
2021,21,210250,Kentucky,1,1,0,0,0,1,1,79,GARRARD (79),0,NOT APPLICABLE,23,23,5,May,2021,1,Sunday,22,10:00pm-10:59pm,25,25,0,This section IS NOT on the NHS,1,Rural,6,Minor Collector,1,State Highway Agency,3,State Highway,SR-39 BUCKEYE RD,,170,170,37.73832778,37.73832778,-84.511083330,-84.511083330,0,No Special Jurisdiction,1,Rollover/Overturn,0,The First Harmful Event was Not a Collision with a Motor Vehicle in Transport,0,No,1,Non-Junction,1,Not an Intersection,0,None,,,1,On Roadway,2,Dark - Not Lighted,,,,,1,Clear,0,No,0000000,Not Applicable,22,10:00pm-10:59pm,29,29,22,10:00pm-10:59pm,24,24,88,"Not Applicable (Not Transported) ",88,Not Applicable (Not Transported),,,,,,,1,
2021,21,210251,Kentucky,2,2,0,0,0,5,5,25,BREATHITT (25),1720,JACKSON,2,2,5,May,2021,1,Sunday,0,0:00am-0:59am,0,0,1,This section IS ON the NHS,1,Rural,3,Principal Arterial - Other,1,State Highway Agency,3,State Highway,SR-15,,164,164,37.55742222,37.55742222,-83.363355560,-83.363355560,0,No Special Jurisdiction,12,Motor Vehicle In-Transport,8,Sideswipe - Opposite Direction,0,No,1,Non-Junction,1,Not an Intersection,0,None,,,1,On Roadway,2,Dark - Not Lighted,,,,,8,Other,0,No,0000000,Not Applicable,0,0:00am-0:59am,4,4,0,0:00am-0:59am,18,18,0,0:00am-0:59am,25,25,,,,,,,1,
2021,21,210252,Kentucky,1,1,0,0,0,1,1,113,JESSAMINE (113),0,NOT APPLICABLE,15,15,5,May,2021,7,Saturday,7,7:00am-7:59am,41,41,0,This section IS NOT on the NHS,1,Rural,4,Minor Arterial,1,State Highway Agency,3,State Highway,SR-169 KEENE RD,,142,142,37.92143611,37.92143611,-84.612177780,-84.612177780,0,No Special Jurisdiction,1,Rollover/Overturn,0,The First Harmful Event was Not a Collision with a Motor Vehicle in Transport,0,No,1,Non-Junction,1,Not an Intersection,0,None,,,1,On Roadway,1,Daylight,,,,,1,Clear,0,No,0000000,Not Applicable,7,7:00am-7:59am,45,45,7,7:00am-7:59am,50,50,88,"Not Applicable (Not Transported) ",88,Not Applicable (Not Transported),,,,,,,1,
2021,21,210253,Kentucky,2,2,0,0,0,2,2,107,HOPKINS (107),2150,MADISONVILLE,12,12,5,May,2021,4,Wednesday,15,3:00pm-3:59pm,10,10,0,This section IS NOT on the NHS,2,Urban,6,Minor Collector,1,State Highway Agency,3,State Highway,SR-1034 ROSE CREEK RD,BEAN CEMETERY RD,107,107,37.34595556,37.34595556,-87.544211110,-87.544211110,0,No Special Jurisdiction,12,Motor Vehicle In-Transport,6,Angle,0,No,2,Intersection,2,Four-Way Intersection,0,None,,,1,On Roadway,1,Daylight,,,,,1,Clear,0,No,0000000,Not Applicable,15,3:00pm-3:59pm,17,17,15,3:00pm-3:59pm,27,27,15,3:00pm-3:59pm,44,44,,,,,,,1,
2021,21,210254,Kentucky,3,3,0,0,0,5,5,227,WARREN (227),0,NOT APPLICABLE,21,21,5,May,2021,6,Friday,18,6:00pm-6:59pm,27,27,0,This section IS NOT on the NHS,1,Rural,5,Major Collector,1,State Highway Agency,2,U.S. Highway,US-231 MORGANTOWN RD,"Sr-3191 Crossover ",159,159,36.99493611,36.99493611,-86.524236110,-86.524236110,0,No Special Jurisdiction,12,Motor Vehicle In-Transport,1,Front-to-Rear,0,No,2,Intersection,2,Four-Way Intersection,0,None,,,1,On Roadway,1,Daylight,,,,,1,Clear,0,No,0000000,Not Applicable,18,6:00pm-6:59pm,30,30,18,6:00pm-6:59pm,35,35,88,"Not Applicable (Not Transported) ",88,Not Applicable (Not Transported),,,,,,,1,
2021,21,210255,Kentucky,2,1,1,0,0,1,1,75,FULTON (75),0,NOT APPLICABLE,21,21,5,May,2021,6,Friday,23,11:00pm-11:59pm,1,1,1,This section IS ON the NHS,1,Rural,3,Principal Arterial - Other,1,State Highway Agency,3,State Highway,SR-9003,,19,19,36.51848611,36.51848611,-88.880663890,-88.880663890,0,No Special Jurisdiction,14,Parked Motor Vehicle,0,The First Harmful Event was Not a Collision with a Motor Vehicle in Transport,0,No,1,Non-Junction,1,Not an Intersection,0,None,,,5,Outside Trafficway,3,Dark - Lighted,,,,,1,Clear,0,No,0000000,Not Applicable,22,10:00pm-10:59pm,51,51,22,10:00pm-10:59pm,58,58,88,"Not Applicable (Not Transported) ",88,Not Applicable (Not Transported),,,,,,,1,
2021,21,210256,Kentucky,2,2,0,0,0,3,3,151,MADISON (151),0,NOT APPLICABLE,28,28,5,May,2021,6,Friday,15,3:00pm-3:59pm,5,5,0,This section IS NOT on the NHS,1,Rural,5,Major Collector,1,State Highway Agency,3,State Highway,SR-169 TATES CREEK RD,,42,42,37.76562222,37.76562222,-84.367713890,-84.367713890,0,No Special Jurisdiction,12,Motor Vehicle In-Transport,2,Front-to-Front,0,No,1,Non-Junction,1,Not an Intersection,0,None,,,1,On Roadway,1,Daylight,,,,,2,Rain,0,No,0000000,Not Applicable,15,3:00pm-3:59pm,7,7,15,3:00pm-3:59pm,13,13,15,3:00pm-3:59pm,44,44,,,,,,,2,
2021,21,210257,Kentucky,2,2,0,0,0,4,4,15,BOONE (15),1150,FLORENCE,30,30,4,April,2021,6,Friday,22,10:00pm-10:59pm,57,57,0,This section IS NOT on the NHS,2,Urban,7,Local,4,City or Municipal Highway Agency,6,Local Street - Municipality,MALL RD,MALL ACCESS RD,13,13,39.00074722,39.00074722,-84.653380560,-84.653380560,0,No Special Jurisdiction,12,Motor Vehicle In-Transport,6,Angle,0,No,2,Intersection,2,Four-Way Intersection,0,None,,,1,On Roadway,3,Dark - Lighted,,,,,1,Clear,0,No,0000000,Not Applicable,22,10:00pm-10:59pm,57,57,23,11:00pm-11:59pm,2,2,23,11:00pm-11:59pm,23,23,,,,,,,1,
2021,21,210258,Kentucky,1,1,0,0,0,1,1,121,KNOX (121),3686,WOOLLUM,23,23,5,May,2021,1,Sunday,15,3:00pm-3:59pm,52,52,0,This section IS NOT on the NHS,1,Rural,5,Major Collector,1,State Highway Agency,3,State Highway,SR-11,,206,206,36.99888611,36.99888611,-83.827827780,-83.827827780,0,No Special Jurisdiction,35,Embankment,0,The First Harmful Event was Not a Collision with a Motor Vehicle in Transport,0,No,1,Non-Junction,1,Not an Intersection,0,None,,,4,On Roadside,1,Daylight,,,,,10,Cloudy,0,No,0000000,Not Applicable,15,3:00pm-3:59pm,31,31,15,3:00pm-3:59pm,51,51,88,"Not Applicable (Not Transported) ",88,Not Applicable (Not Transported),,,,,,,1,
2021,21,210259,Kentucky,3,1,2,0,0,2,2,43,CARTER (43),0,NOT APPLICABLE,28,28,5,May,2021,6,Friday,10,10:00am-10:59am,47,47,1,This section IS ON the NHS,1,Rural,1,Interstate,1,State Highway Agency,1,Interstate,I-64,,1680,1680,38.32868333,38.32868333,-82.998347220,-82.998347220,0,No Special Jurisdiction,14,Parked Motor Vehicle,0,The First Harmful Event was Not a Collision with a Motor Vehicle in Transport,0,No,1,Non-Junction,1,Not an Intersection,0,None,,,2,On Shoulder,1,Daylight,,,,,2,Rain,0,No,0000000,Not Applicable,10,10:00am-10:59am,34,34,10,10:00am-10:59am,44,44,88,"Not Applicable (Not Transported) ",88,Not Applicable (Not Transported),,,,,,,2,
2021,21,210260,Kentucky,3,3,0,0,0,4,4,51,CLAY (51),2160,MANCHESTER,30,30,5,May,2021,1,Sunday,20,8:00pm-8:59pm,35,35,1,This section IS ON the NHS,1,Rural,3,Principal Arterial - Other,1,State Highway Agency,3,State Highway,SR-9006,,314,314,37.18723056,37.18723056,-83.614941670,-83.614941670,0,No Special Jurisdiction,12,Motor Vehicle In-Transport,2,Front-to-Front,0,No,1,Non-Junction,1,Not an Intersection,0,None,,,1,On Roadway,2,Dark - Not Lighted,,,,,1,Clear,0,No,0000000,Not Applicable,20,8:00pm-8:59pm,19,19,20,8:00pm-8:59pm,29,29,20,8:00pm-8:59pm,56,56,,,,,,,1,
2021,21,210261,Kentucky,2,2,0,0,0,6,6,209,SCOTT (209),0,NOT APPLICABLE,31,31,5,May,2021,2,Monday,21,9:00pm-9:59pm,51,51,0,This section IS NOT on the NHS,1,Rural,7,Local,2,County Highway Agency,4,County Road,CR-CARRICK PIKE,,7,7,38.20741389,38.20741389,-84.456230560,-84.456230560,0,No Special Jurisdiction,12,Motor Vehicle In-Transport,8,Sideswipe - Opposite Direction,0,No,1,Non-Junction,1,Not an Intersection,0,None,,,1,On Roadway,2,Dark - Not Lighted,,,,,1,Clear,0,No,0000000,Not Applicable,21,9:00pm-9:59pm,53,53,22,10:00pm-10:59pm,2,2,22,10:00pm-10:59pm,40,40,,,,,,,2,
2021,21,210262,Kentucky,2,2,0,0,0,3,3,1,ADAIR (1),0,NOT APPLICABLE,26,26,5,May,2021,4,Wednesday,9,9:00am-9:59am,56,56,0,This section IS NOT on the NHS,1,Rural,5,Major Collector,1,State Highway Agency,3,State Highway,SR-206  LIBERTY RD,,13,13,37.10771667,37.10771667,-85.281619440,-85.281619440,0,No Special Jurisdiction,12,Motor Vehicle In-Transport,6,Angle,0,No,8,Driveway Access Related,1,Not an Intersection,0,None,,,1,On Roadway,1,Daylight,,,,,1,Clear,0,No,0000000,Not Applicable,9,9:00am-9:59am,48,48,10,10:00am-10:59am,9,9,10,10:00am-10:59am,14,14,,,,,,,1,
2021,21,210263,Kentucky,1,1,0,1,1,2,2,199,PULASKI (199),3070,SOMERSET,11,11,5,May,2021,3,Tuesday,12,12:00pm-12:59pm,25,25,0,This section IS NOT on the NHS,2,Urban,4,Minor Arterial,1,State Highway Agency,3,State Highway,SR-80 BUS,S CENTRAL AVE,37,37,37.09263056,37.09263056,-84.602458330,-84.602458330,0,No Special Jurisdiction,8,Pedestrian,0,The First Harmful Event was Not a Collision with a Motor Vehicle in Transport,0,No,3,Intersection-Related,2,Four-Way Intersection,0,None,,,1,On Roadway,1,Daylight,,,,,1,Clear,0,No,0000000,Not Applicable,12,12:00pm-12:59pm,25,25,12,12:00pm-12:59pm,30,30,12,12:00pm-12:59pm,49,49,,,,,,,1,
2021,21,210264,Kentucky,2,2,0,0,0,3,3,93,HARDIN (93),1000,ELIZABETHTOWN,19,19,2,February,2021,6,Friday,13,1:00pm-1:59pm,27,27,1,This section IS ON the NHS,2,Urban,3,Principal Arterial - Other,1,State Highway Agency,2,U.S. Highway,US-31W M DIXIE HWY,SR-2802 WA JENKINS RD,216,216,37.75791944,37.75791944,-85.898283330,-85.898283330,0,No Special Jurisdiction,12,Motor Vehicle In-Transport,6,Angle,0,No,2,Intersection,2,Four-Way Intersection,0,None,,,1,On Roadway,1,Daylight,,,,,1,Clear,0,No,0000000,Not Applicable,13,1:00pm-1:59pm,27,27,13,1:00pm-1:59pm,37,37,14,2:00pm-2:59pm,22,22,,,,,,,1,
2021,21,210265,Kentucky,2,2,0,0,0,3,3,117,KENTON (117),1050,ERLANGER,10,10,4,April,2021,7,Saturday,19,7:00pm-7:59pm,30,30,0,This section IS NOT on the NHS,2,Urban,7,Local,4,City or Municipal Highway Agency,6,Local Street - Municipality,KENTONS LANDING RD,,4,4,39.02560556,39.02560556,-84.593577780,-84.593577780,0,No Special Jurisdiction,12,Motor Vehicle In-Transport,2,Front-to-Front,0,No,1,Non-Junction,1,Not an Intersection,0,None,,,1,On Roadway,5,Dusk,,,,,1,Clear,0,No,0000000,Not Applicable,19,7:00pm-7:59pm,34,34,19,7:00pm-7:59pm,38,38,19,7:00pm-7:59pm,55,55,,,,,,,1,
2021,21,210266,Kentucky,1,1,0,0,0,4,4,27,BRECKINRIDGE (27),0,NOT APPLICABLE,28,28,4,April,2021,4,Wednesday,6,6:00am-6:59am,44,44,0,This section IS NOT on the NHS,1,Rural,6,Minor Collector,1,State Highway Agency,3,State Highway,SR-477,,45,45,37.90991944,37.90991944,-86.344766670,-86.344766670,0,No Special Jurisdiction,11,Live Animal,0,The First Harmful Event was Not a Collision with a Motor Vehicle in Transport,0,No,1,Non-Junction,1,Not an Intersection,0,None,,,1,On Roadway,4,Dawn,,,,,10,Cloudy,1,Yes,0000000,Not Applicable,6,6:00am-6:59am,47,47,7,7:00am-7:59am,3,3,7,7:00am-7:59am,35,35,,,,,,,1,
2021,21,210267,Kentucky,1,1,0,0,0,2,2,183,OHIO (183),0,NOT APPLICABLE,19,19,5,May,2021,4,Wednesday,18,6:00pm-6:59pm,48,48,0,This section IS NOT on the NHS,1,Rural,5,Major Collector,1,State Highway Agency,2,U.S. Highway,US-62,,149,149,37.43275556,37.43275556,-86.806794440,-86.806794440,0,No Special Jurisdiction,59,"Traffic Sign Support ",0,The First Harmful Event was Not a Collision with a Motor Vehicle in Transport,0,No,1,Non-Junction,1,Not an Intersection,0,None,,,4,On Roadside,1,Daylight,,,,,1,Clear,0,No,0000000,Not Applicable,18,6:00pm-6:59pm,50,50,19,7:00pm-7:59pm,0,0,19,7:00pm-7:59pm,38,38,,,,,,,1,
2021,21,210268,Kentucky,2,2,0,0,0,2,2,71,FLOYD (71),1426,HAROLD,4,4,5,May,2021,3,Tuesday,14,2:00pm-2:59pm,15,15,1,This section IS ON the NHS,2,Urban,3,Principal Arterial - Other,1,State Highway Agency,2,U.S. Highway,US-23,,8,8,37.53673056,37.53673056,-82.628533330,-82.628533330,0,No Special Jurisdiction,12,Motor Vehicle In-Transport,6,Angle,0,No,8,Driveway Access Related,1,Not an Intersection,0,None,,,1,On Roadway,1,Daylight,,,,,10,Cloudy,0,No,0000000,Not Applicable,99,Unknown,99,Unknown,99,Unknown EMS Scene Arrival Hour,99,Unknown EMS Scene Arrival Minutes,99,Unknown,99,Unknown EMS Hospital Arrival Time,,,,,,,1,
2021,21,210269,Kentucky,2,2,0,0,0,5,5,115,JOHNSON (115),191,BARNETTS CREEK,28,28,5,May,2021,6,Friday,20,8:00pm-8:59pm,0,0,1,This section IS ON the NHS,1,Rural,3,Principal Arterial - Other,1,State Highway Agency,2,U.S. Highway,US-460,,44,44,37.80946667,37.80946667,-82.883413890,-82.883413890,0,No Special Jurisdiction,12,Motor Vehicle In-Transport,6,Angle,0,No,1,Non-Junction,1,Not an Intersection,0,None,,,1,On Roadway,1,Daylight,,,,,2,Rain,0,No,0000000,Not Applicable,20,8:00pm-8:59pm,12,12,20,8:00pm-8:59pm,18,18,20,8:00pm-8:59pm,40,40,,,,,,,1,
2021,21,210270,Kentucky,1,1,0,2,2,1,1,111,JEFFERSON (111),2090,LOUISVILLE,2,2,6,June,2021,4,Wednesday,1,1:00am-1:59am,51,51,0,This section IS NOT on the NHS,2,Urban,4,Minor Arterial,1,State Highway Agency,3,State Highway,SR-1931 GREENWOOD RD,,31,31,38.14288611,38.14288611,-85.840008330,-85.840008330,0,No Special Jurisdiction,9,Pedalcyclist,0,The First Harmful Event was Not a Collision with a Motor Vehicle in Transport,0,No,1,Non-Junction,1,Not an Intersection,0,None,,,1,On Roadway,2,Dark - Not Lighted,,,,,2,Rain,0,No,0000000,Not Applicable,1,1:00am-1:59am,51,51,1,1:00am-1:59am,56,56,2,2:00am-2:59am,26,26,,,,,,,1,
2021,21,210271,Kentucky,1,1,0,1,1,1,1,151,MADISON (151),0,NOT APPLICABLE,2,2,6,June,2021,4,Wednesday,4,4:00am-4:59am,36,36,0,This section IS NOT on the NHS,1,Rural,4,Minor Arterial,1,State Highway Agency,2,U.S. Highway,US-421 BATTLEFIELD MEMORIAL HW,,34,34,37.56867222,37.56867222,-84.206252780,-84.206252780,0,No Special Jurisdiction,8,Pedestrian,0,The First Harmful Event was Not a Collision with a Motor Vehicle in Transport,0,No,1,Non-Junction,1,Not an Intersection,0,None,,,1,On Roadway,6,Dark - Unknown Lighting,,,,,2,Rain,0,No,0000000,Not Applicable,4,4:00am-4:59am,38,38,4,4:00am-4:59am,54,54,88,"Not Applicable (Not Transported) ",88,Not Applicable (Not Transported),,,,,,,1,
2021,21,210272,Kentucky,1,1,0,0,0,1,1,129,LEE (129),0,NOT APPLICABLE,3,3,6,June,2021,5,Thursday,10,10:00am-10:59am,2,2,0,This section IS NOT on the NHS,1,Rural,5,Major Collector,1,State Highway Agency,3,State Highway,SR-52 BEATTYVILLE RD,,201,201,37.58577222,37.58577222,-83.606830560,-83.606830560,0,No Special Jurisdiction,42,Tree (Standing Only),0,The First Harmful Event was Not a Collision with a Motor Vehicle in Transport,0,No,1,Non-Junction,1,Not an Intersection,0,None,,,4,On Roadside,1,Daylight,,,,,10,Cloudy,0,No,0000000,Not Applicable,10,10:00am-10:59am,2,2,10,10:00am-10:59am,16,16,88,"Not Applicable (Not Transported) ",88,Not Applicable (Not Transported),,,,,,,1,
2021,21,210273,Kentucky,1,1,0,0,0,1,1,155,MARION (155),0,NOT APPLICABLE,1,1,6,June,2021,3,Tuesday,23,11:00pm-11:59pm,15,15,0,This section IS NOT on the NHS,1,Rural,5,Major Collector,1,State Highway Agency,3,State Highway,SR-84 RAYWICK RD,,73,73,37.55958889,37.55958889,-85.393500000,-85.393500000,0,No Special Jurisdiction,38,Fence,0,The First Harmful Event was Not a Collision with a Motor Vehicle in Transport,0,No,1,Non-Junction,1,Not an Intersection,0,None,,,4,On Roadside,2,Dark - Not Lighted,,,,,2,Rain,0,No,0000000,Not Applicable,23,11:00pm-11:59pm,17,17,23,11:00pm-11:59pm,26,26,88,"Not Applicable (Not Transported) ",88,Not Applicable (Not Transported),,,,,,,1,
2021,21,210274,Kentucky,2,2,0,0,0,4,4,101,HENDERSON (101),0,NOT APPLICABLE,4,4,6,June,2021,6,Friday,15,3:00pm-3:59pm,54,54,0,This section IS NOT on the NHS,1,Rural,3,Principal Arterial - Other,1,State Highway Agency,3,State Highway,SR-9005 AUBUDON PKWAY,,37,37,37.79523333,37.79523333,-87.498608330,-87.498608330,0,No Special Jurisdiction,12,Motor Vehicle In-Transport,6,Angle,0,No,1,Non-Junction,1,Not an Intersection,0,None,,,1,On Roadway,1,Daylight,,,,,1,Clear,0,No,0000000,Not Applicable,16,4:00pm-4:59pm,0,0,16,4:00pm-4:59pm,8,8,16,4:00pm-4:59pm,25,25,,,,,,,3,
2021,21,210275,Kentucky,3,3,0,0,0,8,8,67,FAYETTE (67),1980,LEXINGTON-FAYETTE,5,5,6,June,2021,7,Saturday,12,12:00pm-12:59pm,0,0,1,This section IS ON the NHS,1,Rural,1,Interstate,1,State Highway Agency,1,Interstate,I-75,,1022,1022,37.94008333,37.94008333,-84.379902780,-84.379902780,0,No Special Jurisdiction,12,Motor Vehicle In-Transport,2,Front-to-Front,0,No,1,Non-Junction,1,Not an Intersection,0,None,,,1,On Roadway,1,Daylight,,,,,1,Clear,0,No,0000000,Not Applicable,12,12:00pm-12:59pm,26,26,12,12:00pm-12:59pm,43,43,13,1:00pm-1:59pm,7,7,,,,,,,6,
2021,21,210276,Kentucky,2,2,0,0,0,2,2,67,FAYETTE (67),1980,LEXINGTON-FAYETTE,6,6,6,June,2021,1,Sunday,1,1:00am-1:59am,43,43,1,This section IS ON the NHS,2,Urban,2,Principal Arterial - Other Freeways and Expressways,1,State Highway Agency,3,State Highway,SR-4 W NEW CIRLCE RD,,10,10,38.00227500,38.00227500,-84.539125000,-84.539125000,0,No Special Jurisdiction,12,Motor Vehicle In-Transport,2,Front-to-Front,0,No,1,Non-Junction,1,Not an Intersection,0,None,,,1,On Roadway,2,Dark - Not Lighted,,,,,1,Clear,0,No,0000000,Not Applicable,1,1:00am-1:59am,54,54,2,2:00am-2:59am,1,1,2,2:00am-2:59am,16,16,,,,,,,1,
2021,21,210277,Kentucky,2,2,0,0,0,4,4,67,FAYETTE (67),1980,LEXINGTON-FAYETTE,6,6,6,June,2021,1,Sunday,1,1:00am-1:59am,26,26,1,This section IS ON the NHS,2,Urban,3,Principal Arterial - Other,1,State Highway Agency,2,U.S. Highway,US-27 N BROADWAY,W LONDON AVE,76,76,38.05979167,38.05979167,-84.484338890,-84.484338890,0,No Special Jurisdiction,12,Motor Vehicle In-Transport,7,Sideswipe - Same Direction,0,No,2,Intersection,2,Four-Way Intersection,0,None,,,1,On Roadway,3,Dark - Lighted,,,,,1,Clear,0,No,0000000,Not Applicable,1,1:00am-1:59am,26,26,1,1:00am-1:59am,29,29,1,1:00am-1:59am,46,46,,,,,,,1,