caseyear,state,st_case,statename,ve_total,ve_forms,pvh_invl,peds,pernotmvit,permvit,persons,county,countyname,city,cityname,day,dayname,month,monthname,year,day_week,day_weekname,hour,hourname,minute,minutename,nhs,nhsname,rur_urb,rur_urbname,func_sys,func_sysname,rd_owner,rd_ownername,route,routename,tway_id,tway_id2,milept,mileptname,latitude,latitudename,longitud,longitudname,sp_jur,sp_jurname,harm_ev,harm_evname,man_coll,man_collname,reljct1,reljct1name,reljct2,reljct2name,typ_int,typ_intname,wrk_zone,wrk_zonename,road_fnc,road_fncname,rel_road,rel_roadname,lgt_cond,lgt_condname,weather1,weather1name,weather2,weather2name,weather,weathername,sch_bus,sch_busname,rail,railname,not_hour,not_hourname,not_min,not_minname,arr_hour,arr_hourname,arr_min,arr_minname,hosp_hr,hosp_hrname,hosp_mn,hosp_mnname,cf1,cf1name,cf2,cf2name,cf3,cf3name,fatals,drunk_dr
2021,21,210429,Kentucky,1,1,0,0,0,2,2,13,BELL (13),2650,PINEVILLE,26,26,8,August,2021,5,Thursday,21,9:00pm-9:59pm,57,57,0,This section IS NOT on the NHS,1,Rural,7,Local,1,State Highway Agency,3,State Highway,SR-2015,,15,15,36.77497222,36.77497222,-83.728208330,-83.728208330,0,No Special Jurisdiction,35,Embankment,0,The First Harmful Event was Not a Collision with a Motor Vehicle in Transport,0,No,1,Non-Junction,1,Not an Intersection,0,None,,,4,On Roadside,2,Dark - Not Lighted,,,,,1,Clear,0,No,0000000,Not Applicable,22,10:00pm-10:59pm,0,0,22,10:00pm-10:59pm,0,0,22,10:00pm-10:59pm,0,0,,,,,,,1,
2021,21,210430,Kentucky,1,1,0,0,0,1,1,225,UNION (225),0,NOT APPLICABLE,25,25,8,August,2021,4,Wednesday,20,8:00pm-8:59pm,21,21,0,This section IS NOT on the NHS,1,Rural,4,Minor Arterial,1,State Highway Agency,3,State Highway,SR-56,,77,77,37.68622500,37.68622500,-88.010288890,-88.010288890,0,No Special Jurisdiction,35,Embankment,0,The First Harmful Event was Not a Collision with a Motor Vehicle in Transport,0,No,1,Non-Junction,1,Not an Intersection,0,None,,,4,On Roadside,2,Dark - Not Lighted,,,,,1,Clear,0,No,0000000,Not Applicable,20,8:00pm-8:59pm,30,30,20,8:00pm-8:59pm,30,30,88,"Not Applicable (Not Transported) ",88,Not Applicable (Not Transported),,,,,,,1,
2021,21,210431,Kentucky,1,1,0,0,0,2,2,237,WOLFE (237),0,NOT APPLICABLE,27,27,8,August,2021,6,Friday,21,9:00pm-9:59pm,34,34,0,This section IS NOT on the NHS,1,Rural,6,Minor Collector,1,State Highway Agency,3,State Highway,SR-2491 WASHINGTON ST,,4,4,37.73220833,37.73220833,-83.546983330,-83.546983330,0,No Special Jurisdiction,35,Embankment,0,The First Harmful Event was Not a Collision with a Motor Vehicle in Transport,0,No,1,Non-Junction,1,Not an Intersection,0,None,,,4,On Roadside,2,Dark - Not Lighted,,,,,1,Clear,0,No,0000000,Not Applicable,21,9:00pm-9:59pm,30,30,21,9:00pm-9:59pm,45,45,88,"Not Applicable (Not Transported) ",88,Not Applicable (Not Transported),,,,,,,1,
2021,21,210432,Kentucky,1,1,0,0,0,1,1,145,MCCRACKEN (145),0,NOT APPLICABLE,28,28,8,August,2021,7,Saturday,19,7:00pm-7:59pm,55,55,0,This section IS NOT on the NHS,1,Rural,5,Major Collector,1,State Highway Agency,3,State Highway,SR-450 OAKS RD,,28,28,36.98142778,36.98142778,-88.554633330,-88.554633330,0,No Special Jurisdiction,24,Guardrail Face,0,The First Harmful Event was Not a Collision with a Motor Vehicle in Transport,0,No,1,Non-Junction,1,Not an Intersection,0,None,,,4,On Roadside,2,Dark - Not Lighted,,,,,1,Clear,0,No,0000000,Not Applicable,19,7:00pm-7:59pm,58,58,20,8:00pm-8:59pm,12,12,88,"Not Applicable (Not Transported) ",88,Not Applicable (Not Transported),,,,,,,1,
2021,21,210433,Kentucky,1,1,0,0,0,1,1,51,CLAY (51),0,NOT APPLICABLE,29,29,8,August,2021,1,Sunday,20,8:00pm-8:59pm,19,19,0,This section IS NOT on the NHS,1,Rural,6,Minor Collector,1,State Highway Agency,3,State Highway,SR-1524,,164,164,36.99212222,36.99212222,-83.536711110,-83.536711110,0,No Special Jurisdiction,1,Rollover/Overturn,0,The First Harmful Event was Not a Collision with a Motor Vehicle in Transport,0,No,1,Non-Junction,1,Not an Intersection,0,None,,,4,On Roadside,2,Dark - Not Lighted,,,,,1,Clear,0,No,0000000,Not Applicable,20,8:00pm-8:59pm,28,28,21,9:00pm-9:59pm,2,2,88,"Not Applicable (Not Transported) ",88,Not Applicable (Not Transported),,,,,,,1,
2021,21,210434,Kentucky,1,1,0,1,1,1,1,35,CALLOWAY (35),2350,MURRAY,2,2,8,August,2021,2,Monday,20,8:00pm-8:59pm,29,29,1,This section IS ON the NHS,2,Urban,3,Principal Arterial - Other,1,State Highway Agency,2,U.S. Highway,US-641 N 12TH ST,CENTER DR,92,92,36.63313056,36.63313056,-88.311316670,-88.311316670,0,No Special Jurisdiction,8,Pedestrian,0,The First Harmful Event was Not a Collision with a Motor Vehicle in Transport,0,No,3,Intersection-Related,3,T-Intersection,0,None,,,1,On Roadway,2,Dark - Not Lighted,,,,,1,Clear,0,No,0000000,Not Applicable,20,8:00pm-8:59pm,32,32,20,8:00pm-8:59pm,39,39,88,"Not Applicable (Not Transported) ",88,Not Applicable (Not Transported),,,,,,,1,
2021,21,210435,Kentucky,2,2,0,0,0,2,2,93,HARDIN (93),0,NOT APPLICABLE,3,3,8,August,2021,3,Tuesday,7,7:00am-7:59am,26,26,0,This section IS NOT on the NHS,1,Rural,4,Minor Arterial,1,State Highway Agency,3,State Highway,SR-86 HARDINSBURG RD,SR-2213 N GRANDVIEW CHURCH RD,18,18,37.71426389,37.71426389,-86.177002780,-86.177002780,0,No Special Jurisdiction,12,Motor Vehicle In-Transport,6,Angle,0,No,2,Intersection,2,Four-Way Intersection,0,None,,,1,On Roadway,1,Daylight,,,,,1,Clear,0,No,0000000,Not Applicable,7,7:00am-7:59am,29,29,7,7:00am-7:59am,51,51,8,8:00am-8:59am,49,49,,,,,,,1,
2021,21,210436,Kentucky,1,1,0,0,0,1,1,153,MAGOFFIN (153),0,NOT APPLICABLE,3,3,8,August,2021,3,Tuesday,14,2:00pm-2:59pm,45,45,0,This section IS NOT on the NHS,1,Rural,4,Minor Arterial,1,State Highway Agency,2,U.S. Highway,US-460,,96,96,37.75186667,37.75186667,-83.086641670,-83.086641670,0,No Special Jurisdiction,1,Rollover/Overturn,0,The First Harmful Event was Not a Collision with a Motor Vehicle in Transport,0,No,1,Non-Junction,1,Not an Intersection,0,None,,,4,On Roadside,1,Daylight,,,,,1,Clear,0,No,0000000,Not Applicable,14,2:00pm-2:59pm,51,51,14,2:00pm-2:59pm,59,59,16,4:00pm-4:59pm,13,13,,,,,,,1,
2021,21,210437,Kentucky,1,1,0,0,0,1,1,17,BOURBON (17),2540,PARIS,4,4,8,August,2021,4,Wednesday,10,10:00am-10:59am,47,47,0,This section IS NOT on the NHS,2,Urban,7,Local,3,Town or Township Highway Agency,5,Local Street - Township,W 2ND ST,lilleston ave,1,1,38.21725278,38.21725278,-84.251650000,-84.251650000,0,No Special Jurisdiction,42,Tree (Standing Only),0,The First Harmful Event was Not a Collision with a Motor Vehicle in Transport,0,No,3,Intersection-Related,3,T-Intersection,0,None,,,4,On Roadside,1,Daylight,,,,,1,Clear,0,No,0000000,Not Applicable,10,10:00am-10:59am,47,47,10,10:00am-10:59am,51,51,88,"Not Applicable (Not Transported) ",88,Not Applicable (Not Transported),,,,,,,1,
2021,21,210438,Kentucky,1,1,0,1,1,1,1,111,JEFFERSON (111),3010,SHIVELY,5,5,8,August,2021,5,Thursday,22,10:00pm-10:59pm,45,45,1,This section IS ON the NHS,2,Urban,3,Principal Arterial - Other,1,State Highway Agency,2,U.S. Highway,US-31 DIXIE HWY,,141,141,38.17738056,38.17738056,-85.819922220,-85.819922220,0,No Special Jurisdiction,8,Pedestrian,0,The First Harmful Event was Not a Collision with a Motor Vehicle in Transport,0,No,1,Non-Junction,1,Not an Intersection,0,None,,,1,On Roadway,3,Dark - Lighted,,,,,1,Clear,0,No,0000000,Not Applicable,22,10:00pm-10:59pm,45,45,22,10:00pm-10:59pm,45,45,88,"Not Applicable (Not Transported) ",88,Not Applicable (Not Transported),,,,,,,1,
2021,21,210439,Kentucky,1,1,0,1,1,3,3,193,PERRY (193),1470,HAZARD,6,6,8,August,2021,6,Friday,1,1:00am-1:59am,15,15,1,This section IS ON the NHS,2,Urban,3,Principal Arterial - Other,1,State Highway Agency,3,State Highway,SR-15,,88,88,37.22657500,37.22657500,-83.161066670,-83.161066670,0,No Special Jurisdiction,8,Pedestrian,0,The First Harmful Event was Not a Collision with a Motor Vehicle in Transport,0,No,1,Non-Junction,1,Not an Intersection,0,None,,,1,On Roadway,2,Dark - Not Lighted,,,,,10,Cloudy,0,No,0000000,Not Applicable,1,1:00am-1:59am,11,11,1,1:00am-1:59am,25,25,88,"Not Applicable (Not Transported) ",88,Not Applicable (Not Transported),,,,,,,1,
2021,21,210440,Kentucky,1,1,0,1,1,1,1,13,BELL (13),2220,MIDDLESBORO,9,9,8,August,2021,2,Monday,8,8:00am-8:59am,53,53,0,This section IS NOT on the NHS,2,Urban,4,Minor Arterial,1,State Highway Agency,3,State Highway,SR-74 W CUMBERLAND AVE,SR-2401 S 30TH ST,151,151,36.60601667,36.60601667,-83.729905560,-83.729905560,0,No Special Jurisdiction,8,Pedestrian,0,The First Harmful Event was Not a Collision with a Motor Vehicle in Transport,0,No,2,Intersection,2,Four-Way Intersection,0,None,,,1,On Roadway,1,Daylight,,,,,1,Clear,0,No,0000000,Not Applicable,8,8:00am-8:59am,53,53,8,8:00am-8:59am,54,54,9,9:00am-9:59am,7,7,,,,,,,1,
2021,21,210441,Kentucky,1,1,0,0,0,1,1,183,OHIO (183),0,NOT APPLICABLE,12,12,8,August,2021,5,Thursday,7,7:00am-7:59am,50,50,0,This section IS NOT on the NHS,1,Rural,4,Minor Arterial,1,State Highway Agency,3,State Highway,SR-1164 CEDAR GROVE RD,,39,39,37.50162222,37.50162222,-86.801905560,-86.801905560,0,No Special Jurisdiction,1,Rollover/Overturn,0,The First Harmful Event was Not a Collision with a Motor Vehicle in Transport,0,No,1,Non-Junction,1,Not an Intersection,0,None,,,1,On Roadway,2,Dark - Not Lighted,,,,,1,Clear,0,No,0000000,Not Applicable,7,7:00am-7:59am,55,55,8,8:00am-8:59am,2,2,88,"Not Applicable (Not Transported) ",88,Not Applicable (Not Transported),,,,,,,1,
2021,21,210442,Kentucky,1,1,0,0,0,1,1,101,HENDERSON (101),0,NOT APPLICABLE,12,12,8,August,2021,5,Thursday,13,1:00pm-1:59pm,37,37,0,This section IS NOT on the NHS,1,Rural,6,Minor Collector,1,State Highway Agency,3,State Highway,SR-812 AIRLINE RD,,17,17,37.77190000,37.77190000,-87.486925000,-87.486925000,0,No Special Jurisdiction,38,Fence,0,The First Harmful Event was Not a Collision with a Motor Vehicle in Transport,0,No,1,Non-Junction,1,Not an Intersection,0,None,,,4,On Roadside,1,Daylight,,,,,1,Clear,0,No,0000000,Not Applicable,13,1:00pm-1:59pm,41,41,14,2:00pm-2:59pm,5,5,14,2:00pm-2:59pm,38,38,,,,,,,1,
2021,21,210443,Kentucky,1,1,0,1,1,2,2,237,WOLFE (237),0,NOT APPLICABLE,15,15,8,August,2021,1,Sunday,21,9:00pm-9:59pm,25,25,1,This section IS ON the NHS,1,Rural,3,Principal Arterial - Other,1,State Highway Agency,3,State Highway,SR-15,,49,49,37.69195833,37.69195833,-83.501116670,-83.501116670,0,No Special Jurisdiction,8,Pedestrian,0,The First Harmful Event was Not a Collision with a Motor Vehicle in Transport,0,No,1,Non-Junction,1,Not an Intersection,0,None,,,1,On Roadway,2,Dark - Not Lighted,,,,,10,Cloudy,0,No,0000000,Not Applicable,21,9:00pm-9:59pm,18,18,21,9:00pm-9:59pm,22,22,21,9:00pm-9:59pm,42,42,,,,,,,1,
2021,21,210444,Kentucky,1,1,0,0,0,2,2,193,PERRY (193),1470,HAZARD,15,15,8,August,2021,1,Sunday,21,9:00pm-9:59pm,39,39,0,This section IS NOT on the NHS,1,Rural,7,Local,2,County Highway Agency,4,County Road,CR-HARRIS BRANCH LN,,0,None,37.33834167,37.33834167,-83.182972220,-83.182972220,0,No Special Jurisdiction,35,Embankment,0,The First Harmful Event was Not a Collision with a Motor Vehicle in Transport,0,No,1,Non-Junction,1,Not an Intersection,0,None,,,4,On Roadside,2,Dark - Not Lighted,,,,,1,Clear,0,No,0000000,Not Applicable,21,9:00pm-9:59pm,39,39,21,9:00pm-9:59pm,51,51,22,10:00pm-10:59pm,20,20,,,,,,,1,
2021,21,210445,Kentucky,1,1,0,0,0,1,1,183,OHIO (183),0,NOT APPLICABLE,22,22,8,August,2021,1,Sunday,8,8:00am-8:59am,0,0,0,This section IS NOT on the NHS,1,Rural,5,Major Collector,1,State Highway Agency,3,State Highway,SR-261 HARDINSBURG RD,,27,27,37.65212500,37.65212500,-86.661980560,-86.661980560,0,No Special Jurisdiction,42,Tree (Standing Only),0,The First Harmful Event was Not a Collision with a Motor Vehicle in Transport,0,No,1,Non-Junction,1,Not an Intersection,0,None,,,4,On Roadside,2,Dark - Not Lighted,,,,,10,Cloudy,0,No,0000000,Not Applicable,8,8:00am-8:59am,0,0,8,8:00am-8:59am,15,15,88,"Not Applicable (Not Transported) ",88,Not Applicable (Not Transported),,,,,,,1,
2021,21,210446,Kentucky,2,2,0,1,1,2,2,111,JEFFERSON (111),2090,LOUISVILLE,30,30,8,August,2021,2,Monday,0,0:00am-0:59am,54,54,1,This section IS ON the NHS,2,Urban,3,Principal Arterial - Other,1,State Highway Agency,2,U.S. Highway,US-31 DIXIE HWY,,48,48,38.05617778,38.05617778,-85.890663890,-85.890663890,0,No Special Jurisdiction,8,Pedestrian,0,The First Harmful Event was Not a Collision with a Motor Vehicle in Transport,0,No,1,Non-Junction,1,Not an Intersection,0,None,,,1,On Roadway,2,Dark - Not Lighted,,,,,1,Clear,0,No,0000000,Not Applicable,0,0:00am-0:59am,54,54,1,1:00am-1:59am,0,0,1,1:00am-1:59am,7,7,,,,,,,1,
2021,21,210447,Kentucky,2,2,0,0,0,2,2,163,MEADE (163),0,NOT APPLICABLE,30,30,8,August,2021,2,Monday,14,2:00pm-2:59pm,58,58,0,This section IS NOT on the NHS,1,Rural,4,Minor Arterial,1,State Highway Agency,3,State Highway,SR-313 JOE PRATHER HWY,,59,59,37.86823056,37.86823056,-86.089425000,-86.089425000,0,No Special Jurisdiction,12,Motor Vehicle In-Transport,2,Front-to-Front,0,No,1,Non-Junction,1,Not an Intersection,0,None,,,1,On Roadway,1,Daylight,,,,,2,Rain,0,No,0000000,Not Applicable,15,3:00pm-3:59pm,1,1,15,3:00pm-3:59pm,14,14,15,3:00pm-3:59pm,42,42,,,,,,,1,
2021,21,210448,Kentucky,2,2,0,0,0,17,17,111,JEFFERSON (111),2090,LOUISVILLE,31,31,8,August,2021,3,Tuesday,6,6:00am-6:59am,47,47,1,This section IS ON the NHS,2,Urban,4,Minor Arterial,1,State Highway Agency,3,State Highway,SR-22 BALLARDSVILLE RD,SILVER WING BLVD,50,50,38.31674167,38.31674167,-85.556730560,-85.556730560,0,No Special Jurisdiction,12,Motor Vehicle In-Transport,6,Angle,0,No,2,Intersection,2,Four-Way Intersection,0,None,,,1,On Roadway,4,Dawn,,,,,10,Cloudy,1,Yes,0000000,Not Applicable,6,6:00am-6:59am,47,47,6,6:00am-6:59am,51,51,7,7:00am-7:59am,15,15,,,,,,,1,
2021,21,210449,Kentucky,1,1,0,1,1,1,1,93,HARDIN (93),2724,RADCLIFF,30,30,8,August,2021,2,Monday,20,8:00pm-8:59pm,46,46,1,This section IS ON the NHS,2,Urban,3,Principal Arterial - Other,1,State Highway Agency,2,U.S. Highway,US-31 N DIXIE BLVD,,280,280,37.84153889,37.84153889,-85.939947220,-85.939947220,0,No Special Jurisdiction,8,Pedestrian,0,The First Harmful Event was Not a Collision with a Motor Vehicle in Transport,0,No,1,Non-Junction,1,Not an Intersection,0,None,,,1,On Roadway,2,Dark - Not Lighted,,,,,2,Rain,0,No,0000000,Not Applicable,20,8:00pm-8:59pm,47,47,20,8:00pm-8:59pm,52,52,88,"Not Applicable (Not Transported) ",88,Not Applicable (Not Transported),,,,,,,1,
2021,21,210450,Kentucky,1,1,0,1,1,1,1,111,JEFFERSON (111),2090,LOUISVILLE,30,30,8,August,2021,2,Monday,21,9:00pm-9:59pm,5,5,0,This section IS NOT on the NHS,2,Urban,7,Local,3,Town or Township Highway Agency,5,Local Street - Township,GRADE LN,,31,31,38.14252500,38.14252500,-85.738508330,-85.738508330,0,No Special Jurisdiction,9,Pedalcyclist,0,The First Harmful Event was Not a Collision with a Motor Vehicle in Transport,0,No,1,Non-Junction,1,Not an Intersection,0,None,,,1,On Roadway,2,Dark - Not Lighted,,,,,2,Rain,0,No,0000000,Not Applicable,21,9:00pm-9:59pm,6,6,21,9:00pm-9:59pm,16,16,21,9:00pm-9:59pm,33,33,,,,,,,1,
2021,21,210451,Kentucky,2,2,0,0,0,2,2,111,JEFFERSON (111),3010,SHIVELY,4,4,8,August,2021,4,Wednesday,19,7:00pm-7:59pm,19,19,0,This section IS NOT on the NHS,2,Urban,7,Local,3,Town or Township Highway Agency,5,Local Street - Township,WATHEN LN,,5,5,38.21465833,38.21465833,-85.786108330,-85.786108330,0,No Special Jurisdiction,12,Motor Vehicle In-Transport,8,Sideswipe - Opposite Direction,0,No,1,Non-Junction,1,Not an Intersection,0,None,,,1,On Roadway,1,Daylight,,,,,1,Clear,0,No,0000000,Not Applicable,19,7:00pm-7:59pm,19,19,19,7:00pm-7:59pm,27,27,19,7:00pm-7:59pm,47,47,,,,,,,1,
2021,21,210452,Kentucky,1,1,0,0,0,2,2,131,LESLIE (131),0,NOT APPLICABLE,16,16,8,August,2021,2,Monday,14,2:00pm-2:59pm,2,2,0,This section IS NOT on the NHS,1,Rural,7,Local,2,County Highway Agency,4,County Road,CR- TWIST N SOURWOOD RD,,4,4,37.22391389,37.22391389,-83.520425000,-83.520425000,0,No Special Jurisdiction,35,Embankment,0,The First Harmful Event was Not a Collision with a Motor Vehicle in Transport,0,No,1,Non-Junction,1,Not an Intersection,0,None,,,4,On Roadside,1,Daylight,,,,,10,Cloudy,0,No,0000000,Not Applicable,14,2:00pm-2:59pm,2,2,15,3:00pm-3:59pm,35,35,88,"Not Applicable (Not Transported) ",88,Not Applicable (Not Transported),,,,,,,1,
2021,21,210453,Kentucky,1,1,0,0,0,1,1,91,HANCOCK (91),0,NOT APPLICABLE,17,17,8,August,2021,3,Tuesday,2,2:00am-2:59am,28,28,0,This section IS NOT on the NHS,1,Rural,7,Local,1,State Highway Agency,3,State Highway,SR-334,,20,20,37.91921389,37.91921389,-86.961227780,-86.961227780,0,No Special Jurisdiction,1,Rollover/Overturn,0,The First Harmful Event was Not a Collision with a Motor Vehicle in Transport,0,No,1,Non-Junction,1,Not an Intersection,0,None,,,4,On Roadside,2,Dark - Not Lighted,,,,,1,Clear,0,No,0000000,Not Applicable,2,2:00am-2:59am,36,36,2,2:00am-2:59am,46,46,88,"Not Applicable (Not Transported) ",88,Not Applicable (Not Transported),,,,,,,1,
2021,21,210454,Kentucky,2,2,0,1,1,4,4,111,JEFFERSON (111),3010,SHIVELY,22,22,8,August,2021,1,Sunday,22,10:00pm-10:59pm,8,8,1,This section IS ON the NHS,2,Urban,4,Minor Arterial,1,State Highway Agency,2,U.S. Highway,US-60 A 7TH ST RD,,4,4,38.19569722,38.19569722,-85.801863890,-85.801863890,0,No Special Jurisdiction,8,Pedestrian,0,The First Harmful Event was Not a Collision with a Motor Vehicle in Transport,0,No,1,Non-Junction,1,Not an Intersection,0,None,,,1,On Roadway,2,Dark - Not Lighted,,,,,1,Clear,0,No,0000000,Not Applicable,22,10:00pm-10:59pm,11,11,22,10:00pm-10:59pm,21,21,22,10:00pm-10:59pm,58,58,,,,,,,1,
2021,21,210455,Kentucky,1,1,0,0,0,2,2,137,LINCOLN (137),0,NOT APPLICABLE,25,25,8,August,2021,4,Wednesday,17,5:00pm-5:59pm,58,58,0,This section IS NOT on the NHS,1,Rural,4,Minor Arterial,1,State Highway Agency,2,U.S. Highway,US-150 JOHN SIMS HWY,,118,118,37.49570556,37.49570556,-84.551288890,-84.551288890,0,No Special Jurisdiction,24,Guardrail Face,0,The First Harmful Event was Not a Collision with a Motor Vehicle in Transport,0,No,1,Non-Junction,1,Not an Intersection,0,None,,,4,On Roadside,1,Daylight,,,,,1,Clear,0,No,0000000,Not Applicable,18,6:00pm-6:59pm,0,0,18,6:00pm-6:59pm,10,10,18,6:00pm-6:59pm,20,20,,,,,,,1,
2021,21,210456,Kentucky,1,1,0,0,0,1,1,125,LAUREL (125),0,NOT APPLICABLE,26,26,8,August,2021,5,Thursday,22,10:00pm-10:59pm,6,6,0,This section IS NOT on the NHS,1,Rural,5,Major Collector,1,State Highway Agency,2,U.S. Highway,US-25,,221,221,37.22630278,37.22630278,-84.195411110,-84.195411110,0,No Special Jurisdiction,1,Rollover/Overturn,0,The First Harmful Event was Not a Collision with a Motor Vehicle in Transport,0,No,1,Non-Junction,1,Not an Intersection,0,None,,,4,On Roadside,2,Dark - Not Lighted,,,,,1,Clear,0,No,0000000,Not Applicable,22,10:00pm-10:59pm,9,9,22,10:00pm-10:59pm,19,19,88,"Not Applicable (Not Transported) ",88,Not Applicable (Not Transported),,,,,,,1,
2021,21,210457,Kentucky,1,1,0,0,0,1,1,17,BOURBON (17),0,NOT APPLICABLE,27,27,8,August,2021,6,Friday,14,2:00pm-2:59pm,30,30,0,This section IS NOT on the NHS,1,Rural,5,Major Collector,1,State Highway Agency,3,State Highway,SR-353 RUSSELL CAVE RD,,18,18,38.23480833,38.23480833,-84.386719440,-84.386719440,0,No Special Jurisdiction,42,Tree (Standing Only),0,The First Harmful Event was Not a Collision with a Motor Vehicle in Transport,0,No,1,Non-Junction,1,Not an Intersection,0,None,,,4,On Roadside,1,Daylight,,,,,1,Clear,0,No,0000000,Not Applicable,14,2:00pm-2:59pm,37,37,14,2:00pm-2:59pm,57,57,88,"Not Applicable (Not Transported) ",88,Not Applicable (Not Transported),,,,,,,1,
2021,21,210458,Kentucky,1,1,0,0,0,2,2,93,HARDIN (93),0,NOT APPLICABLE,28,28,8,August,2021,7,Saturday,1,1:00am-1:59am,12,12,0,This section IS NOT on the NHS,1,Rural,5,Major Collector,1,State Highway Agency,3,State Highway,SR-84 SONORA HARDIN SPRINGS RD,,102,102,37.60017778,37.60017778,-86.096686110,-86.096686110,0,No Special Jurisdiction,35,Embankment,0,The First Harmful Event was Not a Collision with a Motor Vehicle in Transport,0,No,1,Non-Junction,1,Not an Intersection,0,None,,,4,On Roadside,2,Dark - Not Lighted,,,,,5,"Fog, Smog, Smoke",0,No,0000000,Not Applicable,1,1:00am-1:59am,21,21,1,1:00am-1:59am,37,37,3,3:00am-3:59am,20,20,,,,,,,1,
2021,21,210459,Kentucky,2,2,0,0,0,2,2,41,CARROLL (41),0,NOT APPLICABLE,29,29,8,August,2021,1,Sunday,10,10:00am-10:59am,24,24,0,This section IS NOT on the NHS,1,Rural,7,Local,2,County Highway Agency,4,County Road,CR-GIGAL BRANCH RD,,3,3,38.62407222,38.62407222,-85.137111110,-85.137111110,0,No Special Jurisdiction,12,Motor Vehicle In-Transport,1,Front-to-Rear,0,No,1,Non-Junction,1,Not an Intersection,0,None,,,1,On Roadway,1,Daylight,,,,,1,Clear,0,No,0000000,Not Applicable,10,10:00am-10:59am,25,25,10,10:00am-10:59am,34,34,10,10:00am-10:59am,56,56,,,,,,,1,
2021,21,210460,Kentucky,1,1,0,0,0,1,1,47,CHRISTIAN (47),1620,HOPKINSVILLE,30,30,8,August,2021,2,Monday,20,8:00pm-8:59pm,46,46,0,This section IS NOT on the NHS,2,Urban,6,Minor Collector,1,State Highway Agency,3,State Highway,SR-1007,,9,9,36.87313611,36.87313611,-87.497850000,-87.497850000,0,No Special Jurisdiction,35,Embankment,0,The First Harmful Event was Not a Collision with a Motor Vehicle in Transport,0,No,1,Non-Junction,1,Not an Intersection,0,None,,,4,On Roadside,2,Dark - Not Lighted,,,,,2,Rain,0,No,0000000,Not Applicable,20,8:00pm-8:59pm,47,47,20,8:00pm-8:59pm,51,51,21,9:00pm-9:59pm,44,44,,,,,,,1,
2021,21,210461,Kentucky,2,2,0,0,0,2,2,151,MADISON (151),0,NOT APPLICABLE,25,25,8,August,2021,4,Wednesday,10,10:00am-10:59am,0,0,0,This section IS NOT on the NHS,1,Rural,4,Minor Arterial,1,State Highway Agency,3,State Highway,SR-52 IRVINE RD,GREENS CROSSINGS RD,153,153,37.73880000,37.73880000,-84.222413890,-84.222413890,0,No Special Jurisdiction,12,Motor Vehicle In-Transport,2,Front-to-Front,0,No,2,Intersection,3,T-Intersection,0,None,,,1,On Roadway,1,Daylight,,,,,1,Clear,0,No,0000000,Not Applicable,10,10:00am-10:59am,10,10,10,10:00am-10:59am,16,16,88,"Not Applicable (Not Transported) ",88,Not Applicable (Not Transported),,,,,,,1,
2021,21,210462,Kentucky,2,2,0,0,0,2,2,47,CHRISTIAN (47),0,NOT APPLICABLE,28,28,8,August,2021,7,Saturday,0,0:00am-0:59am,41,41,1,This section IS ON the NHS,1,Rural,1,Interstate,1,State Highway Agency,1,Interstate,I-24E,,849,849,36.70651944,36.70651944,-87.465038890,-87.465038890,0,No Special Jurisdiction,12,Motor Vehicle In-Transport,6,Angle,0,No,1,Non-Junction,1,Not an Intersection,0,None,,,1,On Roadway,2,Dark - Not Lighted,,,,,1,Clear,0,No,0000000,Not Applicable,0,0:00am-0:59am,18,18,0,0:00am-0:59am,27,27,88,"Not Applicable (Not Transported) ",88,Not Applicable (Not Transported),,,,,,,1,
2021,21,210463,Kentucky,1,1,0,0,0,1,1,185,OLDHAM (185),0,NOT APPLICABLE,26,26,8,August,2021,5,Thursday,13,1:00pm-1:59pm,57,57,1,This section IS ON the NHS,1,Rural,1,Interstate,1,State Highway Agency,1,Interstate,I-71,,242,242,38.42029444,38.42029444,-85.335283330,-85.335283330,0,No Special Jurisdiction,35,Embankment,0,The First Harmful Event was Not a Collision with a Motor Vehicle in Transport,0,No,1,Non-Junction,1,Not an Intersection,0,None,,,4,On Roadside,1,Daylight,,,,,1,Clear,0,No,0000000,Not Applicable,14,2:00pm-2:59pm,0,0,14,2:00pm-2:59pm,11,11,14,2:00pm-2:59pm,38,38,,,,,,,1,
2021,21,210464,Kentucky,2,2,0,0,0,3,3,159,MARTIN (159),1680,INEZ,24,24,8,August,2021,3,Tuesday,10,10:00am-10:59am,53,53,0,This section IS NOT on the NHS,1,Rural,4,Minor Arterial,1,State Highway Agency,3,State Highway,SR-4- BLACKLOG RD,,129,129,37.84995278,37.84995278,-82.503766670,-82.503766670,0,No Special Jurisdiction,12,Motor Vehicle In-Transport,2,Front-to-Front,0,No,1,Non-Junction,1,Not an Intersection,0,None,,,1,On Roadway,1,Daylight,,,,,1,Clear,0,No,0000000,Not Applicable,10,10:00am-10:59am,56,56,10,10:00am-10:59am,59,59,13,1:00pm-1:59pm,5,5,,,,,,,1,