caseyear,state,st_case,statename,ve_total,ve_forms,pvh_invl,peds,pernotmvit,permvit,persons,county,countyname,city,cityname,day,dayname,month,monthname,year,day_week,day_weekname,hour,hourname,minute,minutename,nhs,nhsname,rur_urb,rur_urbname,func_sys,func_sysname,rd_owner,rd_ownername,route,routename,tway_id,tway_id2,milept,mileptname,latitude,latitudename,longitud,longitudname,sp_jur,sp_jurname,harm_ev,harm_evname,man_coll,man_collname,reljct1,reljct1name,reljct2,reljct2name,typ_int,typ_intname,wrk_zone,wrk_zonename,road_fnc,road_fncname,rel_road,rel_roadname,lgt_cond,lgt_condname,weather1,weather1name,weather2,weather2name,weather,weathername,sch_bus,sch_busname,rail,railname,not_hour,not_hourname,not_min,not_minname,arr_hour,arr_hourname,arr_min,arr_minname,hosp_hr,hosp_hrname,hosp_mn,hosp_mnname,cf1,cf1name,cf2,cf2name,cf3,cf3name,fatals,drunk_dr
2021,21,210577,Kentucky,1,1,0,0,0,1,1,173,MONTGOMERY (173),0,NOT APPLICABLE,26,26,10,October,2021,3,Tuesday,2,2:00am-2:59am,13,13,1,This section IS ON the NHS,2,Urban,1,Interstate,1,State Highway Agency,1,Interstate,I-64,,1100,1100,38.08007778,38.08007778,-83.941708330,-83.941708330,0,No Special Jurisdiction,24,Guardrail Face,0,The First Harmful Event was Not a Collision with a Motor Vehicle in Transport,0,No,1,Non-Junction,1,Not an Intersection,0,None,,,4,On Roadside,2,Dark - Not Lighted,,,,,10,Cloudy,0,No,0000000,Not Applicable,2,2:00am-2:59am,14,14,2,2:00am-2:59am,17,17,2,2:00am-2:59am,36,36,,,,,,,1,
2021,21,210578,Kentucky,1,1,0,1,1,1,1,111,JEFFERSON (111),140,AUDUBON PARK,26,26,10,October,2021,3,Tuesday,12,12:00pm-12:59pm,13,13,0,This section IS NOT on the NHS,2,Urban,7,Local,3,Town or Township Highway Agency,5,Local Street - Township,CHICKADEE RD,HESS LN,0,None,38.20715000,38.20715000,-85.728222220,-85.728222220,0,No Special Jurisdiction,8,Pedestrian,0,The First Harmful Event was Not a Collision with a Motor Vehicle in Transport,0,No,3,Intersection-Related,3,T-Intersection,0,None,,,1,On Roadway,1,Daylight,,,,,1,Clear,0,No,0000000,Not Applicable,12,12:00pm-12:59pm,15,15,12,12:00pm-12:59pm,20,20,12,12:00pm-12:59pm,41,41,,,,,,,1,
2021,21,210579,Kentucky,1,1,0,0,0,1,1,175,MORGAN (175),0,NOT APPLICABLE,26,26,10,October,2021,3,Tuesday,14,2:00pm-2:59pm,30,30,0,This section IS NOT on the NHS,1,Rural,6,Minor Collector,1,State Highway Agency,3,State Highway,SR-711,,47,47,38.03206667,38.03206667,-83.296947220,-83.296947220,0,No Special Jurisdiction,35,Embankment,0,The First Harmful Event was Not a Collision with a Motor Vehicle in Transport,0,No,1,Non-Junction,1,Not an Intersection,0,None,,,4,On Roadside,1,Daylight,,,,,1,Clear,0,No,0000000,Not Applicable,0,0:00am-0:59am,0,0,0,0:00am-0:59am,0,0,88,"Not Applicable (Not Transported) ",88,Not Applicable (Not Transported),,,,,,,1,
2021,21,210580,Kentucky,3,1,2,0,0,4,4,15,BOONE (15),0,NOT APPLICABLE,28,28,10,October,2021,5,Thursday,3,3:00am-3:59am,0,0,0,This section IS NOT on the NHS,2,Urban,5,Major Collector,1,State Highway Agency,3,State Highway,SR-2846 TANNER RD,,8,8,39.09778056,39.09778056,-84.702977780,-84.702977780,0,No Special Jurisdiction,40,Fire Hydrant,0,The First Harmful Event was Not a Collision with a Motor Vehicle in Transport,0,No,1,Non-Junction,1,Not an Intersection,0,None,,,4,On Roadside,2,Dark - Not Lighted,,,,,10,Cloudy,0,No,0000000,Not Applicable,3,3:00am-3:59am,1,1,3,3:00am-3:59am,10,10,3,3:00am-3:59am,29,29,,,,,,,2,
2021,21,210581,Kentucky,1,1,0,0,0,2,2,137,LINCOLN (137),0,NOT APPLICABLE,28,28,10,October,2021,5,Thursday,12,12:00pm-12:59pm,15,15,0,This section IS NOT on the NHS,1,Rural,6,Minor Collector,1,State Highway Agency,3,State Highway,SR-1194,,32,32,37.52253333,37.52253333,-84.750808330,-84.750808330,0,No Special Jurisdiction,42,Tree (Standing Only),0,The First Harmful Event was Not a Collision with a Motor Vehicle in Transport,0,No,1,Non-Junction,1,Not an Intersection,0,None,,,4,On Roadside,1,Daylight,,,,,10,Cloudy,0,No,0000000,Not Applicable,12,12:00pm-12:59pm,1,1,12,12:00pm-12:59pm,16,16,88,"Not Applicable (Not Transported) ",88,Not Applicable (Not Transported),,,,,,,2,
2021,21,210582,Kentucky,2,2,0,0,0,3,3,111,JEFFERSON (111),2090,LOUISVILLE,29,29,10,October,2021,6,Friday,3,3:00am-3:59am,47,47,1,This section IS ON the NHS,2,Urban,1,Interstate,1,State Highway Agency,1,Interstate,I-264,,40,40,38.22308611,38.22308611,-85.822244440,-85.822244440,0,No Special Jurisdiction,12,Motor Vehicle In-Transport,2,Front-to-Front,0,No,1,Non-Junction,1,Not an Intersection,0,None,,,1,On Roadway,3,Dark - Lighted,,,,,1,Clear,0,No,0000000,Not Applicable,3,3:00am-3:59am,50,50,3,3:00am-3:59am,56,56,4,4:00am-4:59am,12,12,,,,,,,2,
2021,21,210583,Kentucky,1,1,0,0,0,1,1,101,HENDERSON (101),0,NOT APPLICABLE,31,31,10,October,2021,1,Sunday,2,2:00am-2:59am,15,15,0,This section IS NOT on the NHS,1,Rural,4,Minor Arterial,1,State Highway Agency,2,U.S. Highway,US-60,,208,208,37.86026667,37.86026667,-87.384908330,-87.384908330,0,No Special Jurisdiction,35,Embankment,0,The First Harmful Event was Not a Collision with a Motor Vehicle in Transport,0,No,1,Non-Junction,1,Not an Intersection,0,None,,,4,On Roadside,2,Dark - Not Lighted,,,,,1,Clear,0,No,0000000,Not Applicable,2,2:00am-2:59am,19,19,2,2:00am-2:59am,34,34,88,"Not Applicable (Not Transported) ",88,Not Applicable (Not Transported),,,,,,,1,
2021,21,210584,Kentucky,1,1,0,0,0,1,1,127,LAWRENCE (127),0,NOT APPLICABLE,31,31,10,October,2021,1,Sunday,15,3:00pm-3:59pm,52,52,0,This section IS NOT on the NHS,1,Rural,5,Major Collector,1,State Highway Agency,3,State Highway,SR-3,,197,197,38.13918889,38.13918889,-82.665408330,-82.665408330,0,No Special Jurisdiction,35,Embankment,0,The First Harmful Event was Not a Collision with a Motor Vehicle in Transport,0,No,1,Non-Junction,1,Not an Intersection,0,None,,,4,On Roadside,1,Daylight,,,,,1,Clear,0,No,0000000,Not Applicable,15,3:00pm-3:59pm,52,52,16,4:00pm-4:59pm,10,10,88,"Not Applicable (Not Transported) ",88,Not Applicable (Not Transported),,,,,,,1,
2021,21,210585,Kentucky,1,1,0,1,1,2,2,111,JEFFERSON (111),1740,JEFFERSONTOWN,31,31,10,October,2021,1,Sunday,19,7:00pm-7:59pm,26,26,1,This section IS ON the NHS,2,Urban,1,Interstate,1,State Highway Agency,1,Interstate,I-64,,154,154,38.22279167,38.22279167,-85.568913890,-85.568913890,0,No Special Jurisdiction,8,Pedestrian,0,The First Harmful Event was Not a Collision with a Motor Vehicle in Transport,0,No,1,Non-Junction,1,Not an Intersection,0,None,,,1,On Roadway,3,Dark - Lighted,,,,,1,Clear,0,No,0000000,Not Applicable,19,7:00pm-7:59pm,27,27,19,7:00pm-7:59pm,30,30,88,"Not Applicable (Not Transported) ",88,Not Applicable (Not Transported),,,,,,,1,
2021,21,210586,Kentucky,1,1,0,0,0,4,4,29,BULLITT (29),1920,LEBANON JUNCTION,3,3,10,October,2021,1,Sunday,2,2:00am-2:59am,26,26,1,This section IS ON the NHS,1,Rural,1,Interstate,1,State Highway Agency,1,Interstate,I-65,,2,2,37.82977778,37.82977778,-85.720841670,-85.720841670,0,No Special Jurisdiction,1,Rollover/Overturn,0,The First Harmful Event was Not a Collision with a Motor Vehicle in Transport,1,Yes,19,Other location within Interchange Area,1,Not an Intersection,0,None,,,8,Gore,2,Dark - Not Lighted,,,,,10,Cloudy,0,No,0000000,Not Applicable,2,2:00am-2:59am,27,27,2,2:00am-2:59am,45,45,3,3:00am-3:59am,47,47,,,,,,,1,
2021,21,210587,Kentucky,1,1,0,0,0,1,1,127,LAWRENCE (127),0,NOT APPLICABLE,4,4,10,October,2021,2,Monday,17,5:00pm-5:59pm,6,6,1,This section IS ON the NHS,1,Rural,3,Principal Arterial - Other,1,State Highway Agency,2,U.S. Highway,US-23,,73,73,37.98486389,37.98486389,-82.670100000,-82.670100000,0,No Special Jurisdiction,1,Rollover/Overturn,0,The First Harmful Event was Not a Collision with a Motor Vehicle in Transport,0,No,1,Non-Junction,1,Not an Intersection,0,None,,,4,On Roadside,1,Daylight,,,,,1,Clear,0,No,0000000,Not Applicable,17,5:00pm-5:59pm,10,10,17,5:00pm-5:59pm,22,22,18,6:00pm-6:59pm,14,14,,,,,,,1,
2021,21,210588,Kentucky,1,1,0,0,0,1,1,43,CARTER (43),2480,OLIVE HILL,8,8,10,October,2021,6,Friday,14,2:00pm-2:59pm,28,28,0,This section IS NOT on the NHS,1,Rural,5,Major Collector,1,State Highway Agency,3,State Highway,SR-2,,19,19,38.32084722,38.32084722,-83.199647220,-83.199647220,0,No Special Jurisdiction,11,Live Animal,0,The First Harmful Event was Not a Collision with a Motor Vehicle in Transport,0,No,1,Non-Junction,1,Not an Intersection,0,None,,,1,On Roadway,1,Daylight,,,,,1,Clear,0,No,0000000,Not Applicable,14,2:00pm-2:59pm,28,28,14,2:00pm-2:59pm,33,33,15,3:00pm-3:59pm,48,48,,,,,,,1,
2021,21,210589,Kentucky,2,2,0,0,0,2,2,121,KNOX (121),160,BARBOURVILLE,10,10,10,October,2021,1,Sunday,17,5:00pm-5:59pm,25,25,0,This section IS NOT on the NHS,2,Urban,7,Local,1,State Highway Agency,3,State Highway,SR-3439,,1,1,36.85656667,36.85656667,-83.866794440,-83.866794440,0,No Special Jurisdiction,12,Motor Vehicle In-Transport,8,Sideswipe - Opposite Direction,0,No,4,Driveway Access,1,Not an Intersection,0,None,,,1,On Roadway,1,Daylight,,,,,1,Clear,0,No,0000000,Not Applicable,17,5:00pm-5:59pm,25,25,17,5:00pm-5:59pm,41,41,17,5:00pm-5:59pm,45,45,,,,,,,1,
2021,21,210590,Kentucky,2,2,0,0,0,2,2,205,ROWAN (205),0,NOT APPLICABLE,17,17,10,October,2021,1,Sunday,9,9:00am-9:59am,41,41,0,This section IS NOT on the NHS,1,Rural,5,Major Collector,1,State Highway Agency,3,State Highway,SR-801,OLD SR-801,121,121,38.15130278,38.15130278,-83.551716670,-83.551716670,0,No Special Jurisdiction,12,Motor Vehicle In-Transport,6,Angle,0,No,2,Intersection,3,T-Intersection,0,None,,,1,On Roadway,1,Daylight,,,,,1,Clear,0,No,0000000,Not Applicable,9,9:00am-9:59am,42,42,9,9:00am-9:59am,47,47,88,"Not Applicable (Not Transported) ",88,Not Applicable (Not Transported),,,,,,,1,
2021,21,210591,Kentucky,1,1,0,0,0,1,1,93,HARDIN (93),1000,ELIZABETHTOWN,17,17,10,October,2021,1,Sunday,15,3:00pm-3:59pm,1,1,1,This section IS ON the NHS,2,Urban,1,Interstate,1,State Highway Agency,1,Interstate,I-65,,2,2,37.71398056,37.71398056,-85.827858330,-85.827858330,0,No Special Jurisdiction,1,Rollover/Overturn,0,The First Harmful Event was Not a Collision with a Motor Vehicle in Transport,1,Yes,5,Entrance/Exit Ramp Related,1,Not an Intersection,0,None,,,1,On Roadway,1,Daylight,,,,,1,Clear,0,No,0000000,Not Applicable,15,3:00pm-3:59pm,3,3,15,3:00pm-3:59pm,12,12,15,3:00pm-3:59pm,40,40,,,,,,,1,
2021,21,210592,Kentucky,2,2,0,0,0,4,4,93,HARDIN (93),0,NOT APPLICABLE,22,22,10,October,2021,6,Friday,16,4:00pm-4:59pm,29,29,1,This section IS ON the NHS,1,Rural,6,Minor Collector,1,State Highway Agency,2,U.S. Highway,US-210 HODGENSVILLE RD,ROUNDTOP RD,24,24,37.64371389,37.64371389,-85.821297220,-85.821297220,0,No Special Jurisdiction,12,Motor Vehicle In-Transport,2,Front-to-Front,0,No,3,Intersection-Related,3,T-Intersection,0,None,,,1,On Roadway,1,Daylight,,,,,10,Cloudy,0,No,0000000,Not Applicable,16,4:00pm-4:59pm,28,28,16,4:00pm-4:59pm,38,38,16,4:00pm-4:59pm,48,48,,,,,,,2,
2021,21,210593,Kentucky,2,1,1,0,0,1,1,111,JEFFERSON (111),2090,LOUISVILLE,9,9,10,October,2021,7,Saturday,1,1:00am-1:59am,10,10,1,This section IS ON the NHS,2,Urban,7,Local,1,State Highway Agency,2,U.S. Highway,US-60 A EASTERN PARKWAY,BARRET AVE,17,17,38.22650278,38.22650278,-85.720422220,-85.720422220,0,No Special Jurisdiction,14,Parked Motor Vehicle,0,The First Harmful Event was Not a Collision with a Motor Vehicle in Transport,0,No,3,Intersection-Related,2,Four-Way Intersection,0,None,,,7,In Parking Lane/Zone,3,Dark - Lighted,,,,,1,Clear,0,No,0000000,Not Applicable,1,1:00am-1:59am,10,10,1,1:00am-1:59am,16,16,1,1:00am-1:59am,40,40,,,,,,,1,
2021,21,210594,Kentucky,2,2,0,0,0,3,3,199,PULASKI (199),0,NOT APPLICABLE,30,30,10,October,2021,7,Saturday,10,10:00am-10:59am,13,13,0,This section IS NOT on the NHS,1,Rural,5,Major Collector,1,State Highway Agency,3,State Highway,SR-70,SR-39,149,149,37.29346944,37.29346944,-84.503916670,-84.503916670,0,No Special Jurisdiction,12,Motor Vehicle In-Transport,6,Angle,0,No,2,Intersection,2,Four-Way Intersection,0,None,,,1,On Roadway,1,Daylight,,,,,2,Rain,0,No,0000000,Not Applicable,10,10:00am-10:59am,16,16,10,10:00am-10:59am,44,44,11,11:00am-11:59am,19,19,,,,,,,1,
2021,21,210595,Kentucky,1,1,0,0,0,2,2,193,PERRY (193),418,BUCKHORN,23,23,10,October,2021,7,Saturday,17,5:00pm-5:59pm,58,58,0,This section IS NOT on the NHS,1,Rural,7,Local,1,State Highway Agency,3,State Highway,SR-2022,,13,13,37.29079722,37.29079722,-83.540461110,-83.540461110,0,No Special Jurisdiction,35,Embankment,0,The First Harmful Event was Not a Collision with a Motor Vehicle in Transport,0,No,1,Non-Junction,1,Not an Intersection,0,None,,,4,On Roadside,1,Daylight,,,,,1,Clear,0,No,0000000,Not Applicable,18,6:00pm-6:59pm,0,0,18,6:00pm-6:59pm,48,48,19,7:00pm-7:59pm,40,40,,,,,,,1,
2021,21,210596,Kentucky,2,2,0,0,0,2,2,179,NELSON (179),0,NOT APPLICABLE,23,23,10,October,2021,7,Saturday,18,6:00pm-6:59pm,39,39,0,This section IS NOT on the NHS,1,Rural,3,Principal Arterial - Other,1,State Highway Agency,2,U.S. Highway,US-31 LOUSIVILLE RD,HERITAGE DR,195,195,37.88405833,37.88405833,-85.469872220,-85.469872220,0,No Special Jurisdiction,12,Motor Vehicle In-Transport,2,Front-to-Front,0,No,3,Intersection-Related,3,T-Intersection,0,None,,,1,On Roadway,1,Daylight,,,,,1,Clear,0,No,0000000,Not Applicable,18,6:00pm-6:59pm,41,41,18,6:00pm-6:59pm,47,47,19,7:00pm-7:59pm,32,32,,,,,,,1,
2021,21,210597,Kentucky,2,1,1,0,1,1,2,29,BULLITT (29),2990,SHEPHERDSVILLE,29,29,10,October,2021,6,Friday,1,1:00am-1:59am,15,15,1,This section IS ON the NHS,2,Urban,1,Interstate,1,State Highway Agency,1,Interstate,I-65,,1173,1173,38.00228889,38.00228889,-85.702616670,-85.702616670,0,No Special Jurisdiction,14,Parked Motor Vehicle,0,The First Harmful Event was Not a Collision with a Motor Vehicle in Transport,0,No,1,Non-Junction,1,Not an Intersection,0,None,,,2,On Shoulder,3,Dark - Lighted,,,,,10,Cloudy,0,No,0000000,Not Applicable,1,1:00am-1:59am,16,16,1,1:00am-1:59am,23,23,1,1:00am-1:59am,51,51,,,,,,,1,
2021,21,210598,Kentucky,1,1,0,0,0,1,1,85,GRAYSON (85),1940,LEITCHFIELD,29,29,10,October,2021,6,Friday,12,12:00pm-12:59pm,37,37,0,This section IS NOT on the NHS,1,Rural,6,Minor Collector,1,State Highway Agency,3,State Highway,SR-920 SALT RIVER RD,,16,16,37.50060556,37.50060556,-86.268027780,-86.268027780,0,No Special Jurisdiction,35,Embankment,0,The First Harmful Event was Not a Collision with a Motor Vehicle in Transport,0,No,1,Non-Junction,1,Not an Intersection,0,None,,,4,On Roadside,1,Daylight,,,,,2,Rain,0,No,0000000,Not Applicable,12,12:00pm-12:59pm,37,37,12,12:00pm-12:59pm,42,42,12,12:00pm-12:59pm,57,57,,,,,,,1,
2021,21,210599,Kentucky,2,2,0,0,0,3,3,47,CHRISTIAN (47),0,NOT APPLICABLE,30,30,10,October,2021,7,Saturday,11,11:00am-11:59am,21,21,0,This section IS NOT on the NHS,1,Rural,6,Minor Collector,1,State Highway Agency,3,State Highway,SR-109 BRADSHAW RD,JOHN RIVERS RD,77,77,36.80088611,36.80088611,-87.433941670,-87.433941670,0,No Special Jurisdiction,12,Motor Vehicle In-Transport,6,Angle,0,No,2,Intersection,2,Four-Way Intersection,0,None,,,1,On Roadway,1,Daylight,,,,,10,Cloudy,0,No,0000000,Not Applicable,11,11:00am-11:59am,23,23,11,11:00am-11:59am,34,34,12,12:00pm-12:59pm,10,10,,,,,,,1,
2021,21,210600,Kentucky,2,2,0,1,1,2,2,111,JEFFERSON (111),2090,LOUISVILLE,30,30,10,October,2021,7,Saturday,19,7:00pm-7:59pm,58,58,0,This section IS NOT on the NHS,2,Urban,7,Local,1,State Highway Agency,5,Local Street - Township,W BROADWAY,S 35TH ST,12,12,38.24994444,38.24994444,-85.810872220,-85.810872220,0,No Special Jurisdiction,8,Pedestrian,0,The First Harmful Event was Not a Collision with a Motor Vehicle in Transport,0,No,3,Intersection-Related,3,T-Intersection,0,None,,,1,On Roadway,2,Dark - Not Lighted,,,,,10,Cloudy,0,No,0000000,Not Applicable,19,7:00pm-7:59pm,59,59,20,8:00pm-8:59pm,3,3,20,8:00pm-8:59pm,29,29,,,,,,,1,
2021,21,210601,Kentucky,1,1,0,0,0,2,2,109,JACKSON (109),0,NOT APPLICABLE,2,2,10,October,2021,7,Saturday,21,9:00pm-9:59pm,33,33,0,This section IS NOT on the NHS,1,Rural,4,Minor Arterial,1,State Highway Agency,2,U.S. Highway,US-421,,69,69,37.38306667,37.38306667,-83.924433330,-83.924433330,0,No Special Jurisdiction,24,Guardrail Face,0,The First Harmful Event was Not a Collision with a Motor Vehicle in Transport,0,No,1,Non-Junction,1,Not an Intersection,0,None,,,4,On Roadside,2,Dark - Not Lighted,,,,,1,Clear,0,No,0000000,Not Applicable,21,9:00pm-9:59pm,33,33,21,9:00pm-9:59pm,34,34,22,10:00pm-10:59pm,13,13,,,,,,,1,
2021,21,210602,Kentucky,1,1,0,0,0,2,2,131,LESLIE (131),0,NOT APPLICABLE,3,3,10,October,2021,1,Sunday,10,10:00am-10:59am,25,25,0,This section IS NOT on the NHS,1,Rural,5,Major Collector,1,State Highway Agency,3,State Highway,SR-699 CUTSHIN RD,,39,39,37.12559444,37.12559444,-83.286758330,-83.286758330,0,No Special Jurisdiction,34,Ditch,0,The First Harmful Event was Not a Collision with a Motor Vehicle in Transport,0,No,1,Non-Junction,1,Not an Intersection,0,None,,,4,On Roadside,1,Daylight,,,,,10,Cloudy,0,No,0000000,Not Applicable,10,10:00am-10:59am,27,27,10,10:00am-10:59am,48,48,11,11:00am-11:59am,38,38,,,,,,,1,
2021,21,210603,Kentucky,2,2,0,0,0,5,5,107,HOPKINS (107),0,NOT APPLICABLE,21,21,10,October,2021,5,Thursday,16,4:00pm-4:59pm,48,48,1,This section IS ON the NHS,1,Rural,1,Interstate,1,State Highway Agency,1,Interstate,I-69,,915,915,37.19316111,37.19316111,-87.705261110,-87.705261110,0,No Special Jurisdiction,12,Motor Vehicle In-Transport,2,Front-to-Front,0,No,1,Non-Junction,1,Not an Intersection,0,None,,,1,On Roadway,1,Daylight,,,,,1,Clear,0,No,0000000,Not Applicable,16,4:00pm-4:59pm,49,49,17,5:00pm-5:59pm,9,9,0,0:00am-0:59am,0,0,,,,,,,2,
2021,21,210604,Kentucky,2,2,0,0,0,4,4,29,BULLITT (29),2990,SHEPHERDSVILLE,29,29,10,October,2021,6,Friday,6,6:00am-6:59am,54,54,0,This section IS NOT on the NHS,2,Urban,5,Major Collector,1,State Highway Agency,3,State Highway,SR-480 CEDAR GROVE RD,AMAZON COM BLVD,16,16,37.97860556,37.97860556,-85.683622220,-85.683622220,0,No Special Jurisdiction,12,Motor Vehicle In-Transport,2,Front-to-Front,0,No,2,Intersection,2,Four-Way Intersection,0,None,,,1,On Roadway,2,Dark - Not Lighted,,,,,10,Cloudy,0,No,0000000,Not Applicable,6,6:00am-6:59am,54,54,7,7:00am-7:59am,4,4,7,7:00am-7:59am,31,31,,,,,,,1,
2021,21,210605,Kentucky,3,1,2,1,1,2,2,111,JEFFERSON (111),2090,LOUISVILLE,2,2,11,November,2021,3,Tuesday,1,1:00am-1:59am,24,24,0,This section IS NOT on the NHS,2,Urban,7,Local,3,Town or Township Highway Agency,5,Local Street - Township,W MADISON ST,,9,9,38.25353889,38.25353889,-85.788983330,-85.788983330,0,No Special Jurisdiction,14,Parked Motor Vehicle,0,The First Harmful Event was Not a Collision with a Motor Vehicle in Transport,0,No,1,Non-Junction,1,Not an Intersection,0,None,,,7,In Parking Lane/Zone,2,Dark - Not Lighted,,,,,1,Clear,0,No,0000000,Not Applicable,1,1:00am-1:59am,24,24,1,1:00am-1:59am,31,31,88,"Not Applicable (Not Transported) ",88,Not Applicable (Not Transported),,,,,,,1,
2021,21,210606,Kentucky,1,1,0,0,0,2,2,33,CALDWELL (33),0,NOT APPLICABLE,2,2,11,November,2021,3,Tuesday,14,2:00pm-2:59pm,45,45,0,This section IS NOT on the NHS,1,Rural,5,Major Collector,1,State Highway Agency,3,State Highway,SR-293,,124,124,37.19975833,37.19975833,-87.848802780,-87.848802780,0,No Special Jurisdiction,34,Ditch,0,The First Harmful Event was Not a Collision with a Motor Vehicle in Transport,0,No,1,Non-Junction,1,Not an Intersection,0,None,,,4,On Roadside,1,Daylight,,,,,1,Clear,0,No,0000000,Not Applicable,14,2:00pm-2:59pm,53,53,15,3:00pm-3:59pm,23,23,16,4:00pm-4:59pm,21,21,,,,,,,1,
2021,21,210607,Kentucky,2,2,0,0,0,3,3,45,CASEY (45),0,NOT APPLICABLE,2,2,11,November,2021,3,Tuesday,19,7:00pm-7:59pm,24,24,1,This section IS ON the NHS,1,Rural,3,Principal Arterial - Other,1,State Highway Agency,2,U.S. Highway,"US-127 ",SR-906,228,228,37.41427500,37.41427500,-84.854188890,-84.854188890,0,No Special Jurisdiction,12,Motor Vehicle In-Transport,6,Angle,0,No,2,Intersection,4,Y-Intersection,0,None,,,1,On Roadway,2,Dark - Not Lighted,,,,,1,Clear,0,No,0000000,Not Applicable,20,8:00pm-8:59pm,25,25,20,8:00pm-8:59pm,31,31,20,8:00pm-8:59pm,56,56,,,,,,,1,
2021,21,210608,Kentucky,1,1,0,1,1,1,1,111,JEFFERSON (111),2090,LOUISVILLE,3,3,11,November,2021,4,Wednesday,0,0:00am-0:59am,47,47,1,This section IS ON the NHS,2,Urban,1,Interstate,1,State Highway Agency,1,Interstate,I-64,,25,25,38.27153056,38.27153056,-85.783591670,-85.783591670,0,No Special Jurisdiction,8,Pedestrian,0,The First Harmful Event was Not a Collision with a Motor Vehicle in Transport,1,Yes,18,Through Roadway,1,Not an Intersection,0,None,,,1,On Roadway,3,Dark - Lighted,,,,,1,Clear,0,No,0000000,Not Applicable,0,0:00am-0:59am,47,47,0,0:00am-0:59am,51,51,88,"Not Applicable (Not Transported) ",88,Not Applicable (Not Transported),,,,,,,1,
2021,21,210609,Kentucky,2,2,0,0,0,2,2,121,KNOX (121),160,BARBOURVILLE,3,3,11,November,2021,4,Wednesday,8,8:00am-8:59am,29,29,0,This section IS NOT on the NHS,1,Rural,5,Major Collector,1,State Highway Agency,3,State Highway,SR-229,,8,8,36.92270833,36.92270833,-83.902194440,-83.902194440,0,No Special Jurisdiction,12,Motor Vehicle In-Transport,6,Angle,0,No,1,Non-Junction,1,Not an Intersection,0,None,,,1,On Roadway,4,Dawn,,,,,5,"Fog, Smog, Smoke",0,No,0000000,Not Applicable,8,8:00am-8:59am,20,20,8,8:00am-8:59am,28,28,9,9:00am-9:59am,5,5,,,,,,,1,
2021,21,210610,Kentucky,2,2,0,0,0,5,5,15,BOONE (15),0,NOT APPLICABLE,2,2,11,November,2021,3,Tuesday,18,6:00pm-6:59pm,35,35,0,This section IS NOT on the NHS,1,Rural,5,Major Collector,1,State Highway Agency,2,U.S. Highway,US-42,,27,27,38.84973056,38.84973056,-84.717808330,-84.717808330,0,No Special Jurisdiction,12,Motor Vehicle In-Transport,6,Angle,0,No,1,Non-Junction,1,Not an Intersection,0,None,,,1,On Roadway,1,Daylight,,,,,10,Cloudy,0,No,0000000,Not Applicable,18,6:00pm-6:59pm,35,35,18,6:00pm-6:59pm,41,41,19,7:00pm-7:59pm,21,21,,,,,,,1,
2021,21,210611,Kentucky,2,2,0,0,0,2,2,171,MONROE (171),0,NOT APPLICABLE,4,4,11,November,2021,5,Thursday,14,2:00pm-2:59pm,56,56,0,This section IS NOT on the NHS,1,Rural,4,Minor Arterial,1,State Highway Agency,3,State Highway,SR-163 CELINA RD,TOMPKINSVILLE BYPASS,71,71,36.68671944,36.68671944,-85.676000000,-85.676000000,0,No Special Jurisdiction,12,Motor Vehicle In-Transport,98,Not Reported,0,No,2,Intersection,3,T-Intersection,0,None,,,1,On Roadway,1,Daylight,,,,,1,Clear,0,No,0000000,Not Applicable,14,2:00pm-2:59pm,54,54,14,2:00pm-2:59pm,57,57,88,"Not Applicable (Not Transported) ",88,Not Applicable (Not Transported),,,,,,,1,
2021,21,210612,Kentucky,2,2,0,0,0,2,2,95,HARLAN (95),0,NOT APPLICABLE,4,4,11,November,2021,5,Thursday,20,8:00pm-8:59pm,56,56,1,This section IS ON the NHS,1,Rural,3,Principal Arterial - Other,1,State Highway Agency,2,U.S. Highway,US-119,,0,None,36.81610000,36.81610000,-83.503397220,-83.503397220,0,No Special Jurisdiction,12,Motor Vehicle In-Transport,2,Front-to-Front,0,No,1,Non-Junction,1,Not an Intersection,0,None,,,1,On Roadway,2,Dark - Not Lighted,,,,,1,Clear,0,No,0000000,Not Applicable,21,9:00pm-9:59pm,10,10,21,9:00pm-9:59pm,17,17,21,9:00pm-9:59pm,36,36,,,,,,,1,
2021,21,210613,Kentucky,3,3,0,0,0,6,6,67,FAYETTE (67),1980,LEXINGTON-FAYETTE,5,5,11,November,2021,6,Friday,8,8:00am-8:59am,39,39,0,This section IS NOT on the NHS,2,Urban,7,Local,3,Town or Township Highway Agency,5,Local Street - Township,MAN O WAR,VICTORIA WAY,69,69,37.97355556,37.97355556,-84.523147220,-84.523147220,0,No Special Jurisdiction,12,Motor Vehicle In-Transport,6,Angle,0,No,2,Intersection,2,Four-Way Intersection,0,None,,,1,On Roadway,1,Daylight,,,,,1,Clear,0,No,0000000,Not Applicable,9,9:00am-9:59am,44,44,8,8:00am-8:59am,47,47,88,"Not Applicable (Not Transported) ",88,Not Applicable (Not Transported),,,,,,,1,
2021,21,210614,Kentucky,3,3,0,0,0,5,5,15,BOONE (15),3400,WALTON,5,5,11,November,2021,6,Friday,16,4:00pm-4:59pm,57,57,1,This section IS ON the NHS,1,Rural,1,Interstate,1,State Highway Agency,1,Interstate,I-75 EXIT RAMP,SR-16 MARRY GRUBBS HWY,2,2,38.85976944,38.85976944,-84.623936110,-84.623936110,0,No Special Jurisdiction,12,Motor Vehicle In-Transport,1,Front-to-Rear,1,Yes,3,Intersection-Related,2,Four-Way Intersection,0,None,,,1,On Roadway,1,Daylight,,,,,1,Clear,0,No,0000000,Not Applicable,16,4:00pm-4:59pm,57,57,17,5:00pm-5:59pm,1,1,17,5:00pm-5:59pm,26,26,,,,,,,2,