caseyear,state,st_case,statename,ve_total,ve_forms,pvh_invl,peds,pernotmvit,permvit,persons,county,countyname,city,cityname,day,dayname,month,monthname,year,day_week,day_weekname,hour,hourname,minute,minutename,nhs,nhsname,rur_urb,rur_urbname,func_sys,func_sysname,rd_owner,rd_ownername,route,routename,tway_id,tway_id2,milept,mileptname,latitude,latitudename,longitud,longitudname,sp_jur,sp_jurname,harm_ev,harm_evname,man_coll,man_collname,reljct1,reljct1name,reljct2,reljct2name,typ_int,typ_intname,wrk_zone,wrk_zonename,road_fnc,road_fncname,rel_road,rel_roadname,lgt_cond,lgt_condname,weather1,weather1name,weather2,weather2name,weather,weathername,sch_bus,sch_busname,rail,railname,not_hour,not_hourname,not_min,not_minname,arr_hour,arr_hourname,arr_min,arr_minname,hosp_hr,hosp_hrname,hosp_mn,hosp_mnname,cf1,cf1name,cf2,cf2name,cf3,cf3name,fatals,drunk_dr
2021,21,210652,Kentucky,1,1,0,1,1,1,1,41,CARROLL (41),0,NOT APPLICABLE,1,1,11,November,2021,2,Monday,21,9:00pm-9:59pm,30,30,0,This section IS NOT on the NHS,2,Urban,7,Local,2,County Highway Agency,4,County Road,CR-N JAY LOUDEN RD,,4,4,38.66637222,38.66637222,-85.139094440,-85.139094440,0,No Special Jurisdiction,8,Pedestrian,0,The First Harmful Event was Not a Collision with a Motor Vehicle in Transport,0,No,1,Non-Junction,1,Not an Intersection,0,None,,,1,On Roadway,3,Dark - Lighted,,,,,1,Clear,0,No,0000000,Not Applicable,21,9:00pm-9:59pm,32,32,21,9:00pm-9:59pm,33,33,88,"Not Applicable (Not Transported) ",88,Not Applicable (Not Transported),,,,,,,1,
2021,21,210653,Kentucky,1,1,0,0,0,1,1,79,GARRARD (79),1890,LANCASTER,3,3,11,November,2021,4,Wednesday,9,9:00am-9:59am,36,36,0,This section IS NOT on the NHS,1,Rural,7,Local,1,State Highway Agency,3,State Highway,SR-3109 COPPER CREEK RD,,26,26,37.50538889,37.50538889,-84.394947220,-84.394947220,0,No Special Jurisdiction,93,Unknown Fixed Object,0,The First Harmful Event was Not a Collision with a Motor Vehicle in Transport,0,No,1,Non-Junction,1,Not an Intersection,0,None,,,4,On Roadside,1,Daylight,,,,,1,Clear,0,No,0000000,Not Applicable,9,9:00am-9:59am,39,39,9,9:00am-9:59am,46,46,10,10:00am-10:59am,16,16,,,,,,,1,
2021,21,210654,Kentucky,3,3,0,0,0,5,5,3,ALLEN (3),2910,SCOTTSVILLE,11,11,11,November,2021,5,Thursday,11,11:00am-11:59am,30,30,1,This section IS ON the NHS,1,Rural,3,Principal Arterial - Other,1,State Highway Agency,2,U.S. Highway,US-31 E NEW GALLATIN RD,"SR-100 FRANKLIN ",74,74,36.73986389,36.73986389,-86.218794440,-86.218794440,0,No Special Jurisdiction,12,Motor Vehicle In-Transport,6,Angle,0,No,2,Intersection,2,Four-Way Intersection,0,None,,,1,On Roadway,1,Daylight,,,,,2,Rain,0,No,0000000,Not Applicable,11,11:00am-11:59am,37,37,11,11:00am-11:59am,40,40,11,11:00am-11:59am,54,54,,,,,,,1,
2021,21,210655,Kentucky,1,1,0,0,0,1,1,143,LYON (143),0,NOT APPLICABLE,11,11,11,November,2021,5,Thursday,13,1:00pm-1:59pm,17,17,0,This section IS NOT on the NHS,1,Rural,5,Major Collector,1,State Highway Agency,3,State Highway,SR-730,,49,49,37.04383611,37.04383611,-87.998219440,-87.998219440,0,No Special Jurisdiction,32,Culvert,0,The First Harmful Event was Not a Collision with a Motor Vehicle in Transport,0,No,1,Non-Junction,1,Not an Intersection,0,None,,,4,On Roadside,1,Daylight,,,,,1,Clear,0,No,0000000,Not Applicable,13,1:00pm-1:59pm,21,21,13,1:00pm-1:59pm,29,29,88,"Not Applicable (Not Transported) ",88,Not Applicable (Not Transported),,,,,,,1,
2021,21,210656,Kentucky,1,1,0,0,0,1,1,47,CHRISTIAN (47),0,NOT APPLICABLE,27,27,11,November,2021,7,Saturday,0,0:00am-0:59am,4,4,0,This section IS NOT on the NHS,1,Rural,4,Minor Arterial,1,State Highway Agency,3,State Highway,SR-117 GRACEY HERNDON WAY,,150,150,36.83301111,36.83301111,-87.639563890,-87.639563890,0,No Special Jurisdiction,34,Ditch,0,The First Harmful Event was Not a Collision with a Motor Vehicle in Transport,0,No,1,Non-Junction,1,Not an Intersection,0,None,,,4,On Roadside,2,Dark - Not Lighted,,,,,10,Cloudy,0,No,0000000,Not Applicable,0,0:00am-0:59am,5,5,0,0:00am-0:59am,16,16,88,"Not Applicable (Not Transported) ",88,Not Applicable (Not Transported),,,,,,,1,
2021,21,210657,Kentucky,2,2,0,0,0,4,4,111,JEFFERSON (111),2125,LYNDON,27,27,11,November,2021,7,Saturday,2,2:00am-2:59am,23,23,0,This section IS NOT on the NHS,2,Urban,4,Minor Arterial,1,State Highway Agency,3,State Highway,SR-1747 RAMP,SR-146 LA GRANGE RD,36,36,38.27100833,38.27100833,-85.562316670,-85.562316670,0,No Special Jurisdiction,12,Motor Vehicle In-Transport,2,Front-to-Front,1,Yes,2,Intersection,3,T-Intersection,0,None,,,1,On Roadway,3,Dark - Lighted,,,,,1,Clear,0,No,0000000,Not Applicable,2,2:00am-2:59am,21,21,2,2:00am-2:59am,30,30,2,2:00am-2:59am,56,56,,,,,,,1,
2021,21,210658,Kentucky,1,1,0,0,0,2,2,51,CLAY (51),0,NOT APPLICABLE,28,28,11,November,2021,1,Sunday,11,11:00am-11:59am,28,28,0,This section IS NOT on the NHS,1,Rural,7,Local,2,County Highway Agency,4,County Road,CR-CHOP BOTTOM RD,,8,8,37.10671667,37.10671667,-83.732091670,-83.732091670,0,No Special Jurisdiction,93,Unknown Fixed Object,0,The First Harmful Event was Not a Collision with a Motor Vehicle in Transport,0,No,1,Non-Junction,1,Not an Intersection,0,None,,,4,On Roadside,1,Daylight,,,,,1,Clear,0,No,0000000,Not Applicable,12,12:00pm-12:59pm,23,23,12,12:00pm-12:59pm,29,29,88,"Not Applicable (Not Transported) ",88,Not Applicable (Not Transported),,,,,,,1,
2021,21,210659,Kentucky,1,1,0,0,0,1,1,27,BRECKINRIDGE (27),1425,HARNED,29,29,11,November,2021,2,Monday,4,4:00am-4:59am,1,1,0,This section IS NOT on the NHS,1,Rural,4,Minor Arterial,1,State Highway Agency,3,State Highway,SR-79,,141,141,37.73900278,37.73900278,-86.413211110,-86.413211110,0,No Special Jurisdiction,42,Tree (Standing Only),0,The First Harmful Event was Not a Collision with a Motor Vehicle in Transport,0,No,1,Non-Junction,1,Not an Intersection,0,None,,,4,On Roadside,6,Dark - Unknown Lighting,,,,,1,Clear,0,No,0000000,Not Applicable,4,4:00am-4:59am,11,11,4,4:00am-4:59am,39,39,88,"Not Applicable (Not Transported) ",88,Not Applicable (Not Transported),,,,,,,1,
2021,21,210660,Kentucky,1,1,0,0,0,2,2,111,JEFFERSON (111),2090,LOUISVILLE,9,9,11,November,2021,3,Tuesday,9,9:00am-9:59am,53,53,1,This section IS ON the NHS,2,Urban,1,Interstate,1,State Highway Agency,1,Interstate,I-65,,1240,1240,38.10461667,38.10461667,-85.701216670,-85.701216670,0,No Special Jurisdiction,25,Concrete Traffic Barrier,0,The First Harmful Event was Not a Collision with a Motor Vehicle in Transport,0,No,1,Non-Junction,1,Not an Intersection,0,None,,,3,On Median,1,Daylight,,,,,1,Clear,0,No,0000000,Not Applicable,9,9:00am-9:59am,53,53,10,10:00am-10:59am,6,6,10,10:00am-10:59am,54,54,,,,,,,1,
2021,21,210661,Kentucky,1,1,0,0,0,2,2,45,CASEY (45),0,NOT APPLICABLE,4,4,11,November,2021,5,Thursday,18,6:00pm-6:59pm,44,44,0,This section IS NOT on the NHS,1,Rural,7,Local,2,County Highway Agency,4,County Road,CR-GUM LICK RD,,9,9,37.30411389,37.30411389,-85.094800000,-85.094800000,0,No Special Jurisdiction,1,Rollover/Overturn,0,The First Harmful Event was Not a Collision with a Motor Vehicle in Transport,0,No,1,Non-Junction,1,Not an Intersection,0,None,,,4,On Roadside,5,Dusk,,,,,1,Clear,0,No,0000000,Not Applicable,18,6:00pm-6:59pm,49,49,19,7:00pm-7:59pm,2,2,19,7:00pm-7:59pm,39,39,,,,,,,1,
2021,21,210662,Kentucky,1,1,0,0,0,2,2,85,GRAYSON (85),0,NOT APPLICABLE,28,28,11,November,2021,1,Sunday,8,8:00am-8:59am,9,9,0,This section IS NOT on the NHS,1,Rural,5,Major Collector,1,State Highway Agency,3,State Highway,SR-54 OWENSBORO RD,,85,85,37.52670278,37.52670278,-86.458227780,-86.458227780,0,No Special Jurisdiction,34,Ditch,0,The First Harmful Event was Not a Collision with a Motor Vehicle in Transport,0,No,1,Non-Junction,1,Not an Intersection,0,None,,,4,On Roadside,1,Daylight,,,,,1,Clear,0,No,0000000,Not Applicable,8,8:00am-8:59am,11,11,8,8:00am-8:59am,18,18,8,8:00am-8:59am,31,31,,,,,,,1,
2021,21,210663,Kentucky,1,1,0,0,0,1,1,89,GREENUP (89),1350,GREENUP,19,19,7,July,2021,2,Monday,18,6:00pm-6:59pm,5,5,1,This section IS ON the NHS,2,Urban,3,Principal Arterial - Other,1,State Highway Agency,2,U.S. Highway,US-23,,96,96,38.56261667,38.56261667,-82.817527780,-82.817527780,0,No Special Jurisdiction,42,Tree (Standing Only),0,The First Harmful Event was Not a Collision with a Motor Vehicle in Transport,0,No,1,Non-Junction,1,Not an Intersection,0,None,,,4,On Roadside,1,Daylight,,,,,1,Clear,0,No,0000000,Not Applicable,18,6:00pm-6:59pm,8,8,18,6:00pm-6:59pm,14,14,18,6:00pm-6:59pm,51,51,,,,,,,1,
2021,21,210664,Kentucky,1,1,0,0,0,2,2,13,BELL (13),107,ARJAY,19,19,9,September,2021,1,Sunday,2,2:00am-2:59am,0,0,0,This section IS NOT on the NHS,1,Rural,5,Major Collector,1,State Highway Agency,3,State Highway,SR-66,,93,93,36.86195556,36.86195556,-83.619341670,-83.619341670,0,No Special Jurisdiction,53,Mail Box,0,The First Harmful Event was Not a Collision with a Motor Vehicle in Transport,0,No,1,Non-Junction,1,Not an Intersection,0,None,,,4,On Roadside,2,Dark - Not Lighted,,,,,1,Clear,0,No,0000000,Not Applicable,8,8:00am-8:59am,0,0,8,8:00am-8:59am,0,0,88,"Not Applicable (Not Transported) ",88,Not Applicable (Not Transported),,,,,,,2,
2021,21,210665,Kentucky,2,2,0,0,0,4,4,209,SCOTT (209),1280,GEORGETOWN,8,8,10,October,2021,6,Friday,7,7:00am-7:59am,0,0,0,This section IS NOT on the NHS,1,Rural,6,Minor Collector,1,State Highway Agency,3,State Highway,SR-32 LONG LICK RD,,44,44,38.25829722,38.25829722,-84.592869440,-84.592869440,0,No Special Jurisdiction,12,Motor Vehicle In-Transport,2,Front-to-Front,0,No,1,Non-Junction,1,Not an Intersection,0,None,,,1,On Roadway,2,Dark - Not Lighted,,,,,5,"Fog, Smog, Smoke",0,No,0000000,Not Applicable,7,7:00am-7:59am,2,2,7,7:00am-7:59am,12,12,8,8:00am-8:59am,3,3,,,,,,,2,
2021,21,210666,Kentucky,1,1,0,0,0,1,1,51,CLAY (51),0,NOT APPLICABLE,18,18,5,May,2021,3,Tuesday,15,3:00pm-3:59pm,39,39,0,This section IS NOT on the NHS,1,Rural,5,Major Collector,1,State Highway Agency,2,U.S. Highway,US-421,,85,85,37.10180000,37.10180000,-83.666072220,-83.666072220,0,No Special Jurisdiction,44,"Pavement Surface Irregularity (Ruts, Potholes, Grates, etc.)",0,The First Harmful Event was Not a Collision with a Motor Vehicle in Transport,0,No,1,Non-Junction,1,Not an Intersection,0,None,,,1,On Roadway,1,Daylight,,,,,1,Clear,0,No,0000000,Not Applicable,15,3:00pm-3:59pm,41,41,15,3:00pm-3:59pm,56,56,16,4:00pm-4:59pm,3,3,,,,,,,1,
2021,21,210667,Kentucky,2,2,0,0,0,4,4,137,LINCOLN (137),0,NOT APPLICABLE,2,2,7,July,2021,6,Friday,20,8:00pm-8:59pm,48,48,0,This section IS NOT on the NHS,1,Rural,4,Minor Arterial,1,State Highway Agency,2,U.S. Highway,"US-150 ",SR-643,154,154,37.46502222,37.46502222,-84.518830560,-84.518830560,0,No Special Jurisdiction,12,Motor Vehicle In-Transport,6,Angle,0,No,2,Intersection,2,Four-Way Intersection,0,None,,,1,On Roadway,1,Daylight,,,,,1,Clear,0,No,0000000,Not Applicable,20,8:00pm-8:59pm,53,53,20,8:00pm-8:59pm,54,54,21,9:00pm-9:59pm,49,49,,,,,,,1,
2021,21,210668,Kentucky,1,1,0,0,0,1,1,161,MASON (161),0,NOT APPLICABLE,5,5,7,July,2021,2,Monday,21,9:00pm-9:59pm,52,52,0,This section IS NOT on the NHS,1,Rural,6,Minor Collector,1,State Highway Agency,3,State Highway,SR-1449 ORANGEBURG RD,,33,33,38.60843333,38.60843333,-83.716422220,-83.716422220,0,No Special Jurisdiction,38,Fence,0,The First Harmful Event was Not a Collision with a Motor Vehicle in Transport,0,No,1,Non-Junction,1,Not an Intersection,0,None,,,4,On Roadside,2,Dark - Not Lighted,,,,,1,Clear,0,No,0000000,Not Applicable,21,9:00pm-9:59pm,54,54,22,10:00pm-10:59pm,1,1,22,10:00pm-10:59pm,20,20,,,,,,,1,
2021,21,210669,Kentucky,1,1,0,0,0,2,2,147,MCCREARY (147),2648,PINE KNOT,2,2,8,August,2021,2,Monday,19,7:00pm-7:59pm,34,34,0,This section IS NOT on the NHS,1,Rural,7,Local,1,State Highway Agency,5,Local Street - Township,LAUREL CEMETERY RD,,14,14,36.70376667,36.70376667,-84.386527780,-84.386527780,0,No Special Jurisdiction,42,Tree (Standing Only),0,The First Harmful Event was Not a Collision with a Motor Vehicle in Transport,0,No,1,Non-Junction,1,Not an Intersection,0,None,,,4,On Roadside,1,Daylight,,,,,1,Clear,0,No,0000000,Not Applicable,19,7:00pm-7:59pm,36,36,19,7:00pm-7:59pm,48,48,20,8:00pm-8:59pm,26,26,,,,,,,1,
2021,21,210670,Kentucky,1,1,0,0,0,1,1,23,BRACKEN (23),0,NOT APPLICABLE,11,11,9,September,2021,7,Saturday,23,11:00pm-11:59pm,0,0,0,This section IS NOT on the NHS,1,Rural,4,Minor Arterial,1,State Highway Agency,3,State Highway,SR-435 AUGUSTA MINERVA RD,,43,43,38.74848056,38.74848056,-83.964183330,-83.964183330,0,No Special Jurisdiction,35,Embankment,0,The First Harmful Event was Not a Collision with a Motor Vehicle in Transport,0,No,1,Non-Junction,1,Not an Intersection,0,None,,,4,On Roadside,2,Dark - Not Lighted,,,,,1,Clear,0,No,0000000,Not Applicable,23,11:00pm-11:59pm,0,0,23,11:00pm-11:59pm,9,9,88,"Not Applicable (Not Transported) ",88,Not Applicable (Not Transported),,,,,,,1,
2021,21,210671,Kentucky,1,1,0,1,1,2,2,111,JEFFERSON (111),3010,SHIVELY,23,23,9,September,2021,5,Thursday,17,5:00pm-5:59pm,6,6,0,This section IS NOT on the NHS,2,Urban,4,Minor Arterial,1,State Highway Agency,3,State Highway,SR-1931 7TH STREET RD,,88,88,38.20025000,38.20025000,-85.795408330,-85.795408330,0,No Special Jurisdiction,9,Pedalcyclist,0,The First Harmful Event was Not a Collision with a Motor Vehicle in Transport,0,No,1,Non-Junction,1,Not an Intersection,0,None,,,1,On Roadway,1,Daylight,,,,,1,Clear,0,No,0000000,Not Applicable,17,5:00pm-5:59pm,8,8,17,5:00pm-5:59pm,11,11,17,5:00pm-5:59pm,32,32,,,,,,,1,
2021,21,210672,Kentucky,2,2,0,0,0,2,2,45,CASEY (45),0,NOT APPLICABLE,2,2,10,October,2021,7,Saturday,13,1:00pm-1:59pm,13,13,0,This section IS NOT on the NHS,1,Rural,7,Local,1,State Highway Agency,3,State Highway,SR-CHELF RIDGE RD,,43,43,37.37586111,37.37586111,-84.891791670,-84.891791670,0,No Special Jurisdiction,12,Motor Vehicle In-Transport,6,Angle,0,No,1,Non-Junction,1,Not an Intersection,0,None,,,1,On Roadway,1,Daylight,,,,,10,Cloudy,0,No,0000000,Not Applicable,13,1:00pm-1:59pm,13,13,13,1:00pm-1:59pm,25,25,14,2:00pm-2:59pm,11,11,,,,,,,1,
2021,21,210673,Kentucky,2,2,0,0,0,3,3,147,MCCREARY (147),0,NOT APPLICABLE,19,19,10,October,2021,3,Tuesday,6,6:00am-6:59am,41,41,1,This section IS ON the NHS,1,Rural,3,Principal Arterial - Other,1,State Highway Agency,2,U.S. Highway,US-27,,56,56,36.67646667,36.67646667,-84.445902780,-84.445902780,0,No Special Jurisdiction,12,Motor Vehicle In-Transport,1,Front-to-Rear,0,No,1,Non-Junction,1,Not an Intersection,0,None,,,1,On Roadway,2,Dark - Not Lighted,,,,,1,Clear,0,No,0000000,Not Applicable,6,6:00am-6:59am,41,41,6,6:00am-6:59am,48,48,7,7:00am-7:59am,26,26,,,,,,,1,
2021,21,210674,Kentucky,1,1,0,1,1,1,1,59,DAVIESS (59),2490,OWENSBORO,1,1,12,December,2021,4,Wednesday,16,4:00pm-4:59pm,10,10,0,This section IS NOT on the NHS,2,Urban,7,Local,3,Town or Township Highway Agency,5,Local Street - Township,E HIGHLAND CT,E 4TH ST,0,None,37.77493056,37.77493056,-87.092936110,-87.092936110,0,No Special Jurisdiction,9,Pedalcyclist,0,The First Harmful Event was Not a Collision with a Motor Vehicle in Transport,0,No,2,Intersection,3,T-Intersection,0,None,,,1,On Roadway,1,Daylight,,,,,1,Clear,0,No,0000000,Not Applicable,16,4:00pm-4:59pm,11,11,16,4:00pm-4:59pm,18,18,88,"Not Applicable (Not Transported) ",88,Not Applicable (Not Transported),,,,,,,1,
2021,21,210675,Kentucky,2,2,0,0,0,2,2,23,BRACKEN (23),0,NOT APPLICABLE,4,4,12,December,2021,7,Saturday,4,4:00am-4:59am,34,34,1,This section IS ON the NHS,1,Rural,3,Principal Arterial - Other,1,State Highway Agency,3,State Highway,SR-9,,192,192,38.80458056,38.80458056,-84.225011110,-84.225011110,0,No Special Jurisdiction,12,Motor Vehicle In-Transport,2,Front-to-Front,0,No,1,Non-Junction,1,Not an Intersection,0,None,,,1,On Roadway,2,Dark - Not Lighted,,,,,1,Clear,0,No,0000000,Not Applicable,4,4:00am-4:59am,35,35,4,4:00am-4:59am,46,46,5,5:00am-5:59am,56,56,,,,,,,1,
2021,21,210676,Kentucky,3,3,0,0,0,3,3,111,JEFFERSON (111),2090,LOUISVILLE,5,5,12,December,2021,1,Sunday,19,7:00pm-7:59pm,38,38,0,This section IS NOT on the NHS,2,Urban,4,Minor Arterial,3,Town or Township Highway Agency,5,Local Street - Township,PRESTON HWY,"PRESTWOOD DR ",57,57,38.16264167,38.16264167,-85.700375000,-85.700375000,0,No Special Jurisdiction,12,Motor Vehicle In-Transport,6,Angle,0,No,2,Intersection,2,Four-Way Intersection,0,None,,,1,On Roadway,3,Dark - Lighted,,,,,10,Cloudy,0,No,0000000,Not Applicable,19,7:00pm-7:59pm,40,40,19,7:00pm-7:59pm,42,42,88,"Not Applicable (Not Transported) ",88,Not Applicable (Not Transported),,,,,,,1,
2021,21,210677,Kentucky,2,2,0,0,0,2,2,111,JEFFERSON (111),2090,LOUISVILLE,2,2,12,December,2021,5,Thursday,4,4:00am-4:59am,52,52,0,This section IS NOT on the NHS,2,Urban,7,Local,1,State Highway Agency,5,Local Street - Township,S 7TH ST,W MAGNOLIA AVE,8,8,38.22963889,38.22963889,-85.767550000,-85.767550000,0,No Special Jurisdiction,12,Motor Vehicle In-Transport,6,Angle,0,No,2,Intersection,2,Four-Way Intersection,0,None,,,1,On Roadway,2,Dark - Not Lighted,,,,,10,Cloudy,0,No,0000000,Not Applicable,4,4:00am-4:59am,53,53,4,4:00am-4:59am,59,59,5,5:00am-5:59am,32,32,,,,,,,1,
2021,21,210678,Kentucky,1,1,0,1,1,1,1,125,LAUREL (125),0,NOT APPLICABLE,12,12,12,December,2021,1,Sunday,2,2:00am-2:59am,21,21,0,This section IS NOT on the NHS,2,Urban,4,Minor Arterial,1,State Highway Agency,2,U.S. Highway,US-25,,25,25,37.00165556,37.00165556,-84.076352780,-84.076352780,0,No Special Jurisdiction,8,Pedestrian,0,The First Harmful Event was Not a Collision with a Motor Vehicle in Transport,0,No,1,Non-Junction,1,Not an Intersection,0,None,,,1,On Roadway,2,Dark - Not Lighted,,,,,1,Clear,0,No,0000000,Not Applicable,2,2:00am-2:59am,21,21,0,0:00am-0:59am,0,0,88,"Not Applicable (Not Transported) ",88,Not Applicable (Not Transported),,,,,,,1,
2021,21,210679,Kentucky,1,1,0,0,0,1,1,95,HARLAN (95),312,BLEDSOE,12,12,12,December,2021,1,Sunday,12,12:00pm-12:59pm,20,20,1,This section IS ON the NHS,1,Rural,5,Major Collector,1,State Highway Agency,3,State Highway,SR-221,,99,99,36.90509167,36.90509167,-83.323038890,-83.323038890,0,No Special Jurisdiction,42,Tree (Standing Only),0,The First Harmful Event was Not a Collision with a Motor Vehicle in Transport,0,No,1,Non-Junction,1,Not an Intersection,0,None,,,4,On Roadside,1,Daylight,,,,,10,Cloudy,0,No,0000000,Not Applicable,12,12:00pm-12:59pm,26,26,12,12:00pm-12:59pm,46,46,88,"Not Applicable (Not Transported) ",88,Not Applicable (Not Transported),,,,,,,1,
2021,21,210680,Kentucky,2,2,0,0,0,4,4,111,JEFFERSON (111),2090,LOUISVILLE,11,11,12,December,2021,7,Saturday,16,4:00pm-4:59pm,51,51,1,This section IS ON the NHS,2,Urban,3,Principal Arterial - Other,1,State Highway Agency,2,U.S. Highway,US-31 CLARK MEMORIAL HWY,,0,None,38.25644167,38.25644167,-85.753275000,-85.753275000,0,No Special Jurisdiction,12,Motor Vehicle In-Transport,1,Front-to-Rear,0,No,1,Non-Junction,1,Not an Intersection,0,None,,,1,On Roadway,1,Daylight,,,,,1,Clear,0,No,0000000,Not Applicable,16,4:00pm-4:59pm,55,55,17,5:00pm-5:59pm,3,3,17,5:00pm-5:59pm,49,49,,,,,,,2,
2021,21,210681,Kentucky,4,4,0,0,0,4,4,185,OLDHAM (185),0,NOT APPLICABLE,14,14,12,December,2021,3,Tuesday,11,11:00am-11:59am,20,20,1,This section IS ON the NHS,2,Urban,1,Interstate,1,State Highway Agency,1,Interstate,I-71,,156,156,38.35582778,38.35582778,-85.474352780,-85.474352780,0,No Special Jurisdiction,12,Motor Vehicle In-Transport,1,Front-to-Rear,0,No,1,Non-Junction,1,Not an Intersection,0,None,,,1,On Roadway,1,Daylight,,,,,1,Clear,0,No,0000000,Not Applicable,11,11:00am-11:59am,21,21,11,11:00am-11:59am,33,33,12,12:00pm-12:59pm,7,7,,,,,,,1,
2021,21,210682,Kentucky,2,2,0,0,0,2,2,163,MEADE (163),0,NOT APPLICABLE,17,17,12,December,2021,6,Friday,9,9:00am-9:59am,23,23,0,This section IS NOT on the NHS,1,Rural,4,Minor Arterial,1,State Highway Agency,3,State Highway,SR-333 BIG SPRINGS RD,SR-313 JOE PRATHER HWY,66,66,37.87519167,37.87519167,-86.097380560,-86.097380560,0,No Special Jurisdiction,12,Motor Vehicle In-Transport,6,Angle,0,No,2,Intersection,2,Four-Way Intersection,0,None,,,1,On Roadway,1,Daylight,,,,,1,Clear,0,No,0000000,Not Applicable,9,9:00am-9:59am,26,26,9,9:00am-9:59am,31,31,10,10:00am-10:59am,55,55,,,,,,,1,
2021,21,210683,Kentucky,3,3,0,0,0,6,6,177,MUHLENBERG (177),1360,GREENVILLE,17,17,12,December,2021,6,Friday,12,12:00pm-12:59pm,38,38,1,This section IS ON the NHS,1,Rural,3,Principal Arterial - Other,1,State Highway Agency,3,State Highway,SR-9001,,532,532,37.25522222,37.25522222,-87.186513890,-87.186513890,0,No Special Jurisdiction,12,Motor Vehicle In-Transport,9,Rear-to-Side,0,No,1,Non-Junction,1,Not an Intersection,0,None,,,1,On Roadway,1,Daylight,,,,,2,Rain,0,No,0000000,Not Applicable,12,12:00pm-12:59pm,42,42,12,12:00pm-12:59pm,51,51,13,1:00pm-1:59pm,19,19,,,,,,,1,
2021,21,210684,Kentucky,1,1,0,0,0,3,3,31,BUTLER (31),0,NOT APPLICABLE,17,17,12,December,2021,6,Friday,22,10:00pm-10:59pm,45,45,0,This section IS NOT on the NHS,1,Rural,5,Major Collector,1,State Highway Agency,3,State Highway,SR-185 REEDYVILLE RD,,36,36,37.19671111,37.19671111,-86.438811110,-86.438811110,0,No Special Jurisdiction,34,Ditch,0,The First Harmful Event was Not a Collision with a Motor Vehicle in Transport,0,No,1,Non-Junction,1,Not an Intersection,0,None,,,4,On Roadside,2,Dark - Not Lighted,,,,,2,Rain,0,No,0000000,Not Applicable,22,10:00pm-10:59pm,48,48,23,11:00pm-11:59pm,12,12,23,11:00pm-11:59pm,45,45,,,,,,,1,
2021,21,210685,Kentucky,3,1,2,1,1,1,1,111,JEFFERSON (111),2090,LOUISVILLE,18,18,12,December,2021,7,Saturday,10,10:00am-10:59am,5,5,1,This section IS ON the NHS,2,Urban,1,Interstate,1,State Highway Agency,1,Interstate,I-64,,68,68,38.25225000,38.25225000,-85.717588890,-85.717588890,0,No Special Jurisdiction,24,Guardrail Face,0,The First Harmful Event was Not a Collision with a Motor Vehicle in Transport,0,No,1,Non-Junction,1,Not an Intersection,3,Utility,,,3,On Median,1,Daylight,,,,,10,Cloudy,0,No,0000000,Not Applicable,10,10:00am-10:59am,12,12,10,10:00am-10:59am,19,19,10,10:00am-10:59am,43,43,,,,,,,1,
2021,21,210686,Kentucky,1,1,0,1,1,2,2,195,PIKE (195),240,BELFRY,17,17,12,December,2021,6,Friday,18,6:00pm-6:59pm,7,7,1,This section IS ON the NHS,1,Rural,3,Principal Arterial - Other,1,State Highway Agency,2,U.S. Highway,US-119,,243,243,37.65976111,37.65976111,-82.273347220,-82.273347220,0,No Special Jurisdiction,8,Pedestrian,0,The First Harmful Event was Not a Collision with a Motor Vehicle in Transport,0,No,1,Non-Junction,1,Not an Intersection,0,None,,,1,On Roadway,3,Dark - Lighted,,,,,2,Rain,0,No,0000000,Not Applicable,18,6:00pm-6:59pm,7,7,18,6:00pm-6:59pm,20,20,88,"Not Applicable (Not Transported) ",88,Not Applicable (Not Transported),,,,,,,1,
2021,21,210687,Kentucky,1,1,0,0,0,1,1,195,PIKE (195),2979,SHELBIANA,18,18,12,December,2021,7,Saturday,20,8:00pm-8:59pm,4,4,1,This section IS ON the NHS,2,Urban,3,Principal Arterial - Other,1,State Highway Agency,2,U.S. Highway,US-460,,23,23,37.43339167,37.43339167,-82.486791670,-82.486791670,0,No Special Jurisdiction,32,Culvert,0,The First Harmful Event was Not a Collision with a Motor Vehicle in Transport,0,No,1,Non-Junction,1,Not an Intersection,0,None,,,4,On Roadside,3,Dark - Lighted,,,,,2,Rain,0,No,0000000,Not Applicable,20,8:00pm-8:59pm,14,14,20,8:00pm-8:59pm,24,24,88,"Not Applicable (Not Transported) ",88,Not Applicable (Not Transported),,,,,,,1,
2021,21,210688,Kentucky,1,1,0,0,0,1,1,195,PIKE (195),1445,HATFIELD,19,19,12,December,2021,1,Sunday,9,9:00am-9:59am,53,53,0,This section IS NOT on the NHS,1,Rural,5,Major Collector,1,State Highway Agency,3,State Highway,SR-292 WILLIAMSON RD,,120,120,37.73482222,37.73482222,-82.324683330,-82.324683330,0,No Special Jurisdiction,52,Guardrail End,0,The First Harmful Event was Not a Collision with a Motor Vehicle in Transport,0,No,1,Non-Junction,1,Not an Intersection,0,None,,,4,On Roadside,1,Daylight,,,,,10,Cloudy,0,No,0000000,Not Applicable,10,10:00am-10:59am,7,7,10,10:00am-10:59am,15,15,88,"Not Applicable (Not Transported) ",88,Not Applicable (Not Transported),,,,,,,1,