caseyear,state,st_case,statename,ve_total,ve_forms,pvh_invl,peds,pernotmvit,permvit,persons,county,countyname,city,cityname,day,dayname,month,monthname,year,day_week,day_weekname,hour,hourname,minute,minutename,nhs,nhsname,rur_urb,rur_urbname,func_sys,func_sysname,rd_owner,rd_ownername,route,routename,tway_id,tway_id2,milept,mileptname,latitude,latitudename,longitud,longitudname,sp_jur,sp_jurname,harm_ev,harm_evname,man_coll,man_collname,reljct1,reljct1name,reljct2,reljct2name,typ_int,typ_intname,wrk_zone,wrk_zonename,road_fnc,road_fncname,rel_road,rel_roadname,lgt_cond,lgt_condname,weather1,weather1name,weather2,weather2name,weather,weathername,sch_bus,sch_busname,rail,railname,not_hour,not_hourname,not_min,not_minname,arr_hour,arr_hourname,arr_min,arr_minname,hosp_hr,hosp_hrname,hosp_mn,hosp_mnname,cf1,cf1name,cf2,cf2name,cf3,cf3name,fatals,drunk_dr
2021,21,210726,Kentucky,1,1,0,0,0,1,1,47,CHRISTIAN (47),0,NOT APPLICABLE,8,8,12,December,2021,4,Wednesday,10,10:00am-10:59am,57,57,0,This section IS NOT on the NHS,1,Rural,7,Local,1,State Highway Agency,3,State Highway,SR-1663 BUFFALO RD,,7,7,36.89944167,36.89944167,-87.641247220,-87.641247220,0,No Special Jurisdiction,11,Live Animal,0,The First Harmful Event was Not a Collision with a Motor Vehicle in Transport,0,No,1,Non-Junction,1,Not an Intersection,0,None,,,1,On Roadway,1,Daylight,,,,,1,Clear,0,No,0000000,Not Applicable,10,10:00am-10:59am,59,59,11,11:00am-11:59am,11,11,11,11:00am-11:59am,50,50,,,,,,,1,
2021,21,210727,Kentucky,2,2,0,0,0,2,2,9,BARREN (9),1310,GLASGOW,18,18,7,July,2021,1,Sunday,11,11:00am-11:59am,53,53,0,This section IS NOT on the NHS,2,Urban,4,Minor Arterial,1,State Highway Agency,2,U.S. Highway,US-31 N L ROGERS WELL BLVD,WALL ST,146,146,37.00752500,37.00752500,-85.923533330,-85.923533330,0,No Special Jurisdiction,12,Motor Vehicle In-Transport,6,Angle,0,No,2,Intersection,2,Four-Way Intersection,0,None,,,1,On Roadway,1,Daylight,,,,,1,Clear,0,No,0000000,Not Applicable,11,11:00am-11:59am,55,55,12,12:00pm-12:59pm,0,0,12,12:00pm-12:59pm,28,28,,,,,,,1,
2021,21,210728,Kentucky,1,1,0,0,0,2,2,173,MONTGOMERY (173),0,NOT APPLICABLE,27,27,12,December,2021,2,Monday,7,7:00am-7:59am,44,44,0,This section IS NOT on the NHS,1,Rural,4,Minor Arterial,1,State Highway Agency,2,U.S. Highway,US-460 PARIS RD,,39,39,38.09986389,38.09986389,-84.007383330,-84.007383330,0,No Special Jurisdiction,35,Embankment,0,The First Harmful Event was Not a Collision with a Motor Vehicle in Transport,0,No,1,Non-Junction,1,Not an Intersection,0,None,,,4,On Roadside,1,Daylight,,,,,10,Cloudy,0,No,0000000,Not Applicable,7,7:00am-7:59am,44,44,7,7:00am-7:59am,54,54,8,8:00am-8:59am,26,26,,,,,,,1,
2021,21,210729,Kentucky,2,2,0,0,0,2,2,59,DAVIESS (59),2490,OWENSBORO,16,16,11,November,2021,3,Tuesday,14,2:00pm-2:59pm,42,42,1,This section IS ON the NHS,2,Urban,3,Principal Arterial - Other,1,State Highway Agency,3,State Highway,SR-81 BLK W PARRISH AVE,,124,124,37.75718056,37.75718056,-87.148222220,-87.148222220,0,No Special Jurisdiction,12,Motor Vehicle In-Transport,1,Front-to-Rear,0,No,8,Driveway Access Related,1,Not an Intersection,0,None,,,1,On Roadway,1,Daylight,,,,,1,Clear,0,No,0000000,Not Applicable,14,2:00pm-2:59pm,42,42,14,2:00pm-2:59pm,46,46,15,3:00pm-3:59pm,14,14,,,,,,,1,
2021,21,210730,Kentucky,2,2,0,0,0,3,3,93,HARDIN (93),2724,RADCLIFF,18,18,11,November,2021,5,Thursday,15,3:00pm-3:59pm,23,23,0,This section IS NOT on the NHS,2,Urban,4,Minor Arterial,1,State Highway Agency,3,State Highway,SR-144 W VINE ST,SR-1646 S LOGSDON PKWY,38,38,37.82733611,37.82733611,-85.949347220,-85.949347220,0,No Special Jurisdiction,12,Motor Vehicle In-Transport,6,Angle,0,No,2,Intersection,2,Four-Way Intersection,0,None,,,1,On Roadway,1,Daylight,,,,,1,Clear,0,No,0000000,Not Applicable,15,3:00pm-3:59pm,25,25,15,3:00pm-3:59pm,29,29,16,4:00pm-4:59pm,6,6,,,,,,,1,
2021,21,210731,Kentucky,1,1,0,1,1,1,1,205,ROWAN (205),2270,MOREHEAD,29,29,11,November,2021,2,Monday,18,6:00pm-6:59pm,26,26,0,This section IS NOT on the NHS,2,Urban,4,Minor Arterial,1,State Highway Agency,3,State Highway,SR-32 FELMINGS,,78,78,38.18033333,38.18033333,-83.445005560,-83.445005560,0,No Special Jurisdiction,8,Pedestrian,0,The First Harmful Event was Not a Collision with a Motor Vehicle in Transport,0,No,1,Non-Junction,1,Not an Intersection,0,None,,,1,On Roadway,3,Dark - Lighted,,,,,10,Cloudy,0,No,0000000,Not Applicable,18,6:00pm-6:59pm,27,27,18,6:00pm-6:59pm,38,38,19,7:00pm-7:59pm,13,13,,,,,,,1,
2021,21,210732,Kentucky,3,3,0,0,0,3,3,31,BUTLER (31),2290,MORGANTOWN,13,13,12,December,2021,2,Monday,10,10:00am-10:59am,31,31,0,This section IS NOT on the NHS,1,Rural,5,Major Collector,1,State Highway Agency,3,State Highway,SR-70 VETERANS WAY,SR-1408 GARDENER LN,123,123,37.21055000,37.21055000,-86.718461110,-86.718461110,0,No Special Jurisdiction,12,Motor Vehicle In-Transport,8,Sideswipe - Opposite Direction,0,No,2,Intersection,3,T-Intersection,0,None,,,1,On Roadway,1,Daylight,,,,,1,Clear,0,No,0000000,Not Applicable,10,10:00am-10:59am,32,32,10,10:00am-10:59am,35,35,88,"Not Applicable (Not Transported) ",88,Not Applicable (Not Transported),,,,,,,1,
2021,21,210733,Kentucky,1,1,0,0,0,1,1,71,FLOYD (71),2180,MARTIN,18,18,12,December,2021,7,Saturday,13,1:00pm-1:59pm,30,30,1,This section IS ON the NHS,1,Rural,3,Principal Arterial - Other,1,State Highway Agency,3,State Highway,SR-80,,72,72,37.54472222,37.54472222,-82.773877780,-82.773877780,0,No Special Jurisdiction,52,Guardrail End,0,The First Harmful Event was Not a Collision with a Motor Vehicle in Transport,0,No,1,Non-Junction,1,Not an Intersection,0,None,,,4,On Roadside,1,Daylight,,,,,2,Rain,0,No,0000000,Not Applicable,13,1:00pm-1:59pm,30,30,13,1:00pm-1:59pm,50,50,88,"Not Applicable (Not Transported) ",88,Not Applicable (Not Transported),,,,,,,1,
2021,21,210734,Kentucky,1,1,0,0,0,1,1,21,BOYLE (21),2590,PERRYVILLE,29,29,7,July,2021,5,Thursday,21,9:00pm-9:59pm,46,46,0,This section IS NOT on the NHS,1,Rural,4,Minor Arterial,1,State Highway Agency,2,U.S. Highway,US-150,,37,37,37.65101111,37.65101111,-84.960913890,-84.960913890,0,No Special Jurisdiction,33,Curb,0,The First Harmful Event was Not a Collision with a Motor Vehicle in Transport,0,No,1,Non-Junction,1,Not an Intersection,0,None,,,4,On Roadside,6,Dark - Unknown Lighting,,,,,1,Clear,0,No,0000000,Not Applicable,21,9:00pm-9:59pm,46,46,21,9:00pm-9:59pm,58,58,88,"Not Applicable (Not Transported) ",88,Not Applicable (Not Transported),,,,,,,1,
2021,21,210735,Kentucky,1,1,0,1,1,1,1,193,PERRY (193),1470,HAZARD,12,12,11,November,2021,6,Friday,22,10:00pm-10:59pm,1,1,1,This section IS ON the NHS,2,Urban,3,Principal Arterial - Other,1,State Highway Agency,3,State Highway,SR-15,,133,133,37.26812778,37.26812778,-83.204044440,-83.204044440,0,No Special Jurisdiction,8,Pedestrian,0,The First Harmful Event was Not a Collision with a Motor Vehicle in Transport,0,No,1,Non-Junction,1,Not an Intersection,0,None,,,1,On Roadway,6,Dark - Unknown Lighting,,,,,1,Clear,0,No,0000000,Not Applicable,21,9:00pm-9:59pm,59,59,22,10:00pm-10:59pm,2,2,22,10:00pm-10:59pm,39,39,,,,,,,1,
2021,21,210736,Kentucky,2,2,0,0,0,3,3,235,WHITLEY (235),770,CORBIN,13,13,8,August,2021,6,Friday,23,11:00pm-11:59pm,42,42,1,This section IS ON the NHS,2,Urban,3,Principal Arterial - Other,1,State Highway Agency,2,U.S. Highway,US-250,,300,300,36.91835833,36.91835833,-84.122019440,-84.122019440,0,No Special Jurisdiction,12,Motor Vehicle In-Transport,1,Front-to-Rear,0,No,1,Non-Junction,1,Not an Intersection,0,None,,,1,On Roadway,3,Dark - Lighted,,,,,1,Clear,0,No,0000000,Not Applicable,23,11:00pm-11:59pm,48,48,23,11:00pm-11:59pm,49,49,0,0:00am-0:59am,45,45,,,,,,,1,
2021,21,210737,Kentucky,3,3,0,0,0,5,5,35,CALLOWAY (35),2350,MURRAY,11,11,12,December,2021,7,Saturday,18,6:00pm-6:59pm,32,32,1,This section IS ON the NHS,2,Urban,3,Principal Arterial - Other,1,State Highway Agency,2,U.S. Highway,US-641,SR-80,106,106,36.65206944,36.65206944,-88.307058330,-88.307058330,0,No Special Jurisdiction,12,Motor Vehicle In-Transport,6,Angle,0,No,2,Intersection,2,Four-Way Intersection,0,None,,,1,On Roadway,2,Dark - Not Lighted,,,,,1,Clear,0,No,0000000,Not Applicable,19,7:00pm-7:59pm,17,17,19,7:00pm-7:59pm,23,23,19,7:00pm-7:59pm,40,40,,,,,,,1,
2021,21,210738,Kentucky,1,1,0,0,0,1,1,123,LARUE (123),0,NOT APPLICABLE,17,17,12,December,2021,6,Friday,2,2:00am-2:59am,18,18,0,This section IS NOT on the NHS,1,Rural,4,Minor Arterial,1,State Highway Agency,3,State Highway,SR-210,,147,147,37.48887222,37.48887222,-85.613547220,-85.613547220,0,No Special Jurisdiction,35,Embankment,0,The First Harmful Event was Not a Collision with a Motor Vehicle in Transport,0,No,1,Non-Junction,1,Not an Intersection,0,None,,,4,On Roadside,2,Dark - Not Lighted,,,,,1,Clear,0,No,0000000,Not Applicable,2,2:00am-2:59am,21,21,2,2:00am-2:59am,31,31,88,"Not Applicable (Not Transported) ",88,Not Applicable (Not Transported),,,,,,,1,
2021,21,210739,Kentucky,1,1,0,0,0,1,1,163,MEADE (163),193,BATTLETOWN,24,24,9,September,2021,6,Friday,15,3:00pm-3:59pm,49,49,0,This section IS NOT on the NHS,1,Rural,6,Minor Collector,1,State Highway Agency,3,State Highway,SR-228,,17,17,38.06564167,38.06564167,-86.386183330,-86.386183330,0,No Special Jurisdiction,42,Tree (Standing Only),0,The First Harmful Event was Not a Collision with a Motor Vehicle in Transport,0,No,1,Non-Junction,1,Not an Intersection,0,None,,,4,On Roadside,1,Daylight,,,,,10,Cloudy,0,No,0000000,Not Applicable,15,3:00pm-3:59pm,51,51,16,4:00pm-4:59pm,3,3,16,4:00pm-4:59pm,24,24,,,,,,,1,
2021,21,210740,Kentucky,2,2,0,0,0,1,1,27,BRECKINRIDGE (27),0,NOT APPLICABLE,1,1,11,November,2021,2,Monday,8,8:00am-8:59am,19,19,0,This section IS NOT on the NHS,1,Rural,6,Minor Collector,1,State Highway Agency,3,State Highway,SR-86 LODIBURG RD,,101,101,37.85861944,37.85861944,-86.372480560,-86.372480560,0,No Special Jurisdiction,12,Motor Vehicle In-Transport,1,Front-to-Rear,0,No,1,Non-Junction,1,Not an Intersection,1,Construction,,,1,On Roadway,1,Daylight,,,,,1,Clear,0,No,0000000,Not Applicable,8,8:00am-8:59am,20,20,8,8:00am-8:59am,39,39,9,9:00am-9:59am,50,50,,,,,,,1,
2021,21,210741,Kentucky,1,1,0,0,0,1,1,163,MEADE (163),1369,GUSTON,9,9,11,November,2021,3,Tuesday,5,5:00am-5:59am,43,43,0,This section IS NOT on the NHS,1,Rural,4,Minor Arterial,1,State Highway Agency,2,U.S. Highway,US-60 OWENSBORO HWY,,27,27,37.88294722,37.88294722,-86.193655560,-86.193655560,0,No Special Jurisdiction,1,Rollover/Overturn,0,The First Harmful Event was Not a Collision with a Motor Vehicle in Transport,0,No,1,Non-Junction,1,Not an Intersection,0,None,,,4,On Roadside,2,Dark - Not Lighted,,,,,1,Clear,0,No,0000000,Not Applicable,5,5:00am-5:59am,47,47,5,5:00am-5:59am,56,56,99,Unknown,99,Unknown EMS Hospital Arrival Time,,,,,,,1,
2021,21,210742,Kentucky,1,1,0,0,0,1,1,123,LARUE (123),0,NOT APPLICABLE,26,26,12,December,2021,1,Sunday,15,3:00pm-3:59pm,30,30,0,This section IS NOT on the NHS,1,Rural,6,Minor Collector,1,State Highway Agency,3,State Highway,SR-583 YOUNGERS CREEK RD,,16,16,37.68913611,37.68913611,-85.648863890,-85.648863890,0,No Special Jurisdiction,42,Tree (Standing Only),0,The First Harmful Event was Not a Collision with a Motor Vehicle in Transport,0,No,1,Non-Junction,1,Not an Intersection,0,None,,,4,On Roadside,1,Daylight,,,,,10,Cloudy,0,No,0000000,Not Applicable,15,3:00pm-3:59pm,30,30,15,3:00pm-3:59pm,55,55,16,4:00pm-4:59pm,26,26,,,,,,,1,
2021,21,210743,Kentucky,1,1,0,0,0,1,1,231,WAYNE (231),0,NOT APPLICABLE,27,27,12,December,2021,2,Monday,19,7:00pm-7:59pm,49,49,0,This section IS NOT on the NHS,1,Rural,6,Minor Collector,1,State Highway Agency,3,State Highway,SR-1546,,81,81,36.80760278,36.80760278,-84.932394440,-84.932394440,0,No Special Jurisdiction,5,Fell/Jumped from Vehicle,0,The First Harmful Event was Not a Collision with a Motor Vehicle in Transport,0,No,1,Non-Junction,1,Not an Intersection,0,None,,,4,On Roadside,2,Dark - Not Lighted,,,,,10,Cloudy,0,No,0000000,Not Applicable,0,0:00am-0:59am,35,35,0,0:00am-0:59am,44,44,1,1:00am-1:59am,10,10,,,,,,,1,
2022,21,210001,Kentucky,2,2,0,0,0,6,6,201,ROBERTSON (201),0,NOT APPLICABLE,1,1,1,January,2022,7,Saturday,12,12:00pm-12:59pm,19,19,1,This section IS ON the NHS,1,Rural,3,Principal Arterial - Other,1,State Highway Agency,2,U.S. Highway,US-68,SR-165 BLUE LICK PIKE,12,12,38.44208056,38.44208056,-83.985088890,-83.98508889,0,No Special Jurisdiction,12,Motor Vehicle In-Transport,6,Angle,0,No,2,Intersection,3,T-Intersection,0,None,,,1,On Roadway,1,Daylight,,,,,2,Rain,0,No,0000000,Not Applicable,12,12:00pm-12:59pm,22,22,12,12:00pm-12:59pm,36,36,13,1:00pm-1:59pm,8,8,,,,,,,1,
2022,21,210002,Kentucky,2,2,0,0,0,2,2,59,DAVIESS (59),2490,OWENSBORO,3,3,1,January,2022,2,Monday,11,11:00am-11:59am,19,19,0,This section IS NOT on the NHS,2,Urban,4,Minor Arterial,1,State Highway Agency,3,State Highway,SR-81,,102,102,37.74158611,37.74158611,-87.176983330,-87.17698333,0,No Special Jurisdiction,12,Motor Vehicle In-Transport,6,Angle,0,No,4,Driveway Access,1,Not an Intersection,0,None,,,1,On Roadway,1,Daylight,,,,,10,Cloudy,0,No,0000000,Not Applicable,11,11:00am-11:59am,20,20,11,11:00am-11:59am,24,24,88,"Not Applicable (Not Transported) ",88,Not Applicable (Not Transported),,,,,,,1,
2022,21,210003,Kentucky,2,2,0,0,0,3,3,101,HENDERSON (101),0,NOT APPLICABLE,4,4,1,January,2022,3,Tuesday,8,8:00am-8:59am,12,12,0,This section IS NOT on the NHS,1,Rural,4,Minor Arterial,1,State Highway Agency,2,U.S. Highway,US-60,SR-1078,160,160,37.85960556,37.85960556,-87.470650000,-87.47065000,0,No Special Jurisdiction,12,Motor Vehicle In-Transport,6,Angle,0,No,2,Intersection,3,T-Intersection,0,None,,,1,On Roadway,1,Daylight,,,,,1,Clear,0,No,0000000,Not Applicable,8,8:00am-8:59am,20,20,8,8:00am-8:59am,26,26,8,8:00am-8:59am,58,58,,,,,,,1,
2022,21,210005,Kentucky,2,2,0,0,0,2,2,111,JEFFERSON (111),2090,LOUISVILLE,8,8,1,January,2022,7,Saturday,3,3:00am-3:59am,57,57,0,This section IS NOT on the NHS,2,Urban,4,Minor Arterial,2,County Highway Agency,8,Other,LOWER HUNTERS TRACE,,21,21,38.16693333,38.16693333,-85.870075000,-85.87007500,0,No Special Jurisdiction,12,Motor Vehicle In-Transport,1,Front-to-Rear,0,No,1,Non-Junction,1,Not an Intersection,0,None,,,1,On Roadway,2,Dark - Not Lighted,,,,,1,Clear,0,No,0000000,Not Applicable,3,3:00am-3:59am,57,57,4,4:00am-4:59am,3,3,88,"Not Applicable (Not Transported) ",88,Not Applicable (Not Transported),,,,,,,1,
2022,21,210006,Kentucky,2,2,0,0,0,2,2,127,LAWRENCE (127),0,NOT APPLICABLE,10,10,1,January,2022,2,Monday,10,10:00am-10:59am,38,38,1,This section IS ON the NHS,1,Rural,3,Principal Arterial - Other,1,State Highway Agency,2,U.S. Highway,US-23,SR-3398 FALLSBURG RD,216,216,38.16910556,38.16910556,-82.644511110,-82.64451111,0,No Special Jurisdiction,12,Motor Vehicle In-Transport,6,Angle,0,No,2,Intersection,3,T-Intersection,0,None,,,1,On Roadway,1,Daylight,,,,,1,Clear,0,No,0000000,Not Applicable,10,10:00am-10:59am,19,19,10,10:00am-10:59am,26,26,88,"Not Applicable (Not Transported) ",88,Not Applicable (Not Transported),,,,,,,1,
2022,21,210007,Kentucky,2,2,0,0,0,3,3,95,HARLAN (95),1420,HARLAN,11,11,1,January,2022,3,Tuesday,14,2:00pm-2:59pm,21,21,0,This section IS NOT on the NHS,2,Urban,4,Minor Arterial,1,State Highway Agency,2,U.S. Highway,US-421,SR-840,167,167,36.85584722,36.85584722,-83.323880560,-83.32388056,0,No Special Jurisdiction,12,Motor Vehicle In-Transport,6,Angle,0,No,2,Intersection,2,Four-Way Intersection,0,None,,,1,On Roadway,1,Daylight,,,,,1,Clear,0,No,0000000,Not Applicable,14,2:00pm-2:59pm,20,20,14,2:00pm-2:59pm,30,30,16,4:00pm-4:59pm,0,0,,,,,,,2,
2022,21,210008,Kentucky,1,1,0,0,0,2,2,111,JEFFERSON (111),2090,LOUISVILLE,8,8,1,January,2022,7,Saturday,1,1:00am-1:59am,24,24,0,This section IS NOT on the NHS,2,Urban,4,Minor Arterial,1,State Highway Agency,3,State Highway,SR-1020 NATIONAL TPKE,,39,39,38.13130833,38.13130833,-85.750563890,-85.75056389,0,No Special Jurisdiction,33,Curb,0,The First Harmful Event was Not a Collision with a Motor Vehicle in Transport,0,No,1,Non-Junction,1,Not an Intersection,0,None,,,4,On Roadside,2,Dark - Not Lighted,,,,,10,Cloudy,0,No,0000000,Not Applicable,1,1:00am-1:59am,24,24,1,1:00am-1:59am,40,40,2,2:00am-2:59am,4,4,,,,,,,1,
2022,21,210009,Kentucky,2,2,0,0,0,3,3,217,TAYLOR (217),520,CAMPBELLSVILLE,12,12,1,January,2022,4,Wednesday,11,11:00am-11:59am,23,23,0,This section IS NOT on the NHS,2,Urban,4,Minor Arterial,1,State Highway Agency,3,State Highway,SR-3350 N BYPASS RD,MEADER ST,3,3,37.34718333,37.34718333,-85.360569440,-85.36056944,0,No Special Jurisdiction,12,Motor Vehicle In-Transport,1,Front-to-Rear,0,No,2,Intersection,2,Four-Way Intersection,0,None,,,1,On Roadway,1,Daylight,,,,,1,Clear,0,No,0000000,Not Applicable,11,11:00am-11:59am,30,30,11,11:00am-11:59am,32,32,11,11:00am-11:59am,49,49,,,,,,,1,
2022,21,210010,Kentucky,1,1,0,1,1,1,1,111,JEFFERSON (111),2090,LOUISVILLE,14,14,1,January,2022,6,Friday,7,7:00am-7:59am,4,4,0,This section IS NOT on the NHS,2,Urban,4,Minor Arterial,1,State Highway Agency,3,State Highway,SR-1703 NEWBURG RD,,16,16,38.19625000,38.19625000,-85.680250000,-85.68025000,0,No Special Jurisdiction,8,Pedestrian,0,The First Harmful Event was Not a Collision with a Motor Vehicle in Transport,0,No,1,Non-Junction,1,Not an Intersection,0,None,,,1,On Roadway,2,Dark - Not Lighted,,,,,10,Cloudy,0,No,0000000,Not Applicable,7,7:00am-7:59am,4,4,7,7:00am-7:59am,5,5,88,"Not Applicable (Not Transported) ",88,Not Applicable (Not Transported),,,,,,,1,
2022,21,210011,Kentucky,2,2,0,0,0,3,3,81,GRANT (81),0,NOT APPLICABLE,14,14,1,January,2022,6,Friday,19,7:00pm-7:59pm,23,23,0,This section IS NOT on the NHS,1,Rural,6,Minor Collector,1,State Highway Agency,3,State Highway,SR-467 WARSAW RD,,51,51,38.69826111,38.69826111,-84.715347220,-84.71534722,0,No Special Jurisdiction,12,Motor Vehicle In-Transport,2,Front-to-Front,0,No,1,Non-Junction,1,Not an Intersection,0,None,,,1,On Roadway,2,Dark - Not Lighted,,,,,1,Clear,0,No,0000000,Not Applicable,19,7:00pm-7:59pm,28,28,19,7:00pm-7:59pm,35,35,20,8:00pm-8:59pm,11,11,,,,,,,1,
2022,21,210012,Kentucky,2,2,0,0,0,2,2,99,HART (99),0,NOT APPLICABLE,16,16,1,January,2022,1,Sunday,13,1:00pm-1:59pm,10,10,1,This section IS ON the NHS,1,Rural,1,Interstate,1,State Highway Agency,1,Interstate,I-65,,671,671,37.33199444,37.33199444,-85.907072220,-85.90707222,0,No Special Jurisdiction,12,Motor Vehicle In-Transport,1,Front-to-Rear,0,No,1,Non-Junction,1,Not an Intersection,0,None,,,1,On Roadway,1,Daylight,,,,,10,Cloudy,0,No,0000000,Not Applicable,13,1:00pm-1:59pm,12,12,13,1:00pm-1:59pm,22,22,88,"Not Applicable (Not Transported) ",88,Not Applicable (Not Transported),,,,,,,1,
2022,21,210013,Kentucky,2,2,0,0,0,3,3,221,TRIGG (221),490,CADIZ,17,17,1,January,2022,2,Monday,11,11:00am-11:59am,27,27,1,This section IS ON the NHS,1,Rural,3,Principal Arterial - Other,1,State Highway Agency,2,U.S. Highway,US-68 HOPKINSVILLE RD,MERCHANT ST,209,209,36.86781389,36.86781389,-87.792344440,-87.79234444,0,No Special Jurisdiction,12,Motor Vehicle In-Transport,6,Angle,0,No,2,Intersection,2,Four-Way Intersection,0,None,,,1,On Roadway,1,Daylight,,,,,10,Cloudy,0,No,0000000,Not Applicable,11,11:00am-11:59am,29,29,11,11:00am-11:59am,35,35,11,11:00am-11:59am,53,53,,,,,,,1,
2022,21,210014,Kentucky,2,2,0,1,1,2,2,111,JEFFERSON (111),2090,LOUISVILLE,12,12,1,January,2022,4,Wednesday,6,6:00am-6:59am,39,39,1,This section IS ON the NHS,2,Urban,1,Interstate,1,State Highway Agency,1,Interstate,I-65,,1347,1347,38.23786944,38.23786944,-85.752797220,-85.75279722,0,No Special Jurisdiction,8,Pedestrian,0,The First Harmful Event was Not a Collision with a Motor Vehicle in Transport,1,Yes,18,Through Roadway,1,Not an Intersection,0,None,,,1,On Roadway,3,Dark - Lighted,,,,,1,Clear,0,No,0000000,Not Applicable,6,6:00am-6:59am,39,39,6,6:00am-6:59am,45,45,7,7:00am-7:59am,2,2,,,,,,,1,
2022,21,210015,Kentucky,1,1,0,0,0,2,2,7,BALLARD (7),0,NOT APPLICABLE,18,18,1,January,2022,3,Tuesday,2,2:00am-2:59am,51,51,0,This section IS NOT on the NHS,1,Rural,6,Minor Collector,1,State Highway Agency,3,State Highway,SR-1105 OSCAR RD,,23,23,37.08422500,37.08422500,-89.039747220,-89.03974722,0,No Special Jurisdiction,42,Tree (Standing Only),0,The First Harmful Event was Not a Collision with a Motor Vehicle in Transport,0,No,1,Non-Junction,1,Not an Intersection,0,None,,,4,On Roadside,2,Dark - Not Lighted,,,,,1,Clear,0,No,0000000,Not Applicable,2,2:00am-2:59am,51,51,3,3:00am-3:59am,2,2,88,"Not Applicable (Not Transported) ",88,Not Applicable (Not Transported),,,,,,,1,
2022,21,210016,Kentucky,2,1,1,0,1,1,2,211,SHELBY (211),2980,SHELBYVILLE,18,18,1,January,2022,3,Tuesday,23,11:00pm-11:59pm,56,56,1,This section IS ON the NHS,1,Rural,1,Interstate,1,State Highway Agency,1,Interstate,I-64,,365,365,38.18279722,38.18279722,-85.186644440,-85.18664444,0,No Special Jurisdiction,14,Parked Motor Vehicle,0,The First Harmful Event was Not a Collision with a Motor Vehicle in Transport,0,No,1,Non-Junction,1,Not an Intersection,0,None,,,2,On Shoulder,2,Dark - Not Lighted,,,,,1,Clear,0,No,0000000,Not Applicable,0,0:00am-0:59am,59,59,0,0:00am-0:59am,6,6,88,"Not Applicable (Not Transported) ",88,Not Applicable (Not Transported),,,,,,,1,
2022,21,210017,Kentucky,1,1,0,0,0,1,1,195,PIKE (195),3377,VIRGIE,19,19,1,January,2022,4,Wednesday,17,5:00pm-5:59pm,1,1,0,This section IS NOT on the NHS,1,Rural,6,Minor Collector,1,State Highway Agency,3,State Highway,SR-1469,,31,31,37.27652500,37.27652500,-82.681461110,-82.68146111,0,No Special Jurisdiction,35,Embankment,0,The First Harmful Event was Not a Collision with a Motor Vehicle in Transport,0,No,1,Non-Junction,1,Not an Intersection,0,None,,,4,On Roadside,2,Dark - Not Lighted,,,,,2,Rain,0,No,0000000,Not Applicable,17,5:00pm-5:59pm,1,1,17,5:00pm-5:59pm,27,27,88,"Not Applicable (Not Transported) ",88,Not Applicable (Not Transported),,,,,,,1,
2022,21,210018,Kentucky,1,1,0,0,0,2,2,71,FLOYD (71),285,BETSY LAYNE,21,21,1,January,2022,6,Friday,1,1:00am-1:59am,11,11,1,This section IS ON the NHS,2,Urban,3,Principal Arterial - Other,1,State Highway Agency,2,U.S. Highway,US-23,,14,14,37.54514444,37.54514444,-82.632469440,-82.63246944,0,No Special Jurisdiction,24,Guardrail Face,0,The First Harmful Event was Not a Collision with a Motor Vehicle in Transport,0,No,1,Non-Junction,1,Not an Intersection,0,None,,,4,On Roadside,2,Dark - Not Lighted,,,,,4,Snow,0,No,0000000,Not Applicable,1,1:00am-1:59am,16,16,1,1:00am-1:59am,29,29,2,2:00am-2:59am,1,1,,,,,,,1,
2022,21,210019,Kentucky,2,2,0,0,0,3,3,161,MASON (161),0,NOT APPLICABLE,21,21,1,January,2022,6,Friday,18,6:00pm-6:59pm,35,35,1,This section IS ON the NHS,1,Rural,3,Principal Arterial - Other,1,State Highway Agency,2,U.S. Highway,US-68,,26,26,38.49114722,38.49114722,-83.856433330,-83.85643333,0,No Special Jurisdiction,12,Motor Vehicle In-Transport,2,Front-to-Front,0,No,1,Non-Junction,1,Not an Intersection,0,None,,,2,On Shoulder,2,Dark - Not Lighted,,,,,10,Cloudy,0,No,0000000,Not Applicable,18,6:00pm-6:59pm,36,36,18,6:00pm-6:59pm,45,45,99,Unknown,99,Unknown EMS Hospital Arrival Time,,,,,,,1,
2022,21,210020,Kentucky,2,2,0,0,0,2,2,67,FAYETTE (67),1980,LEXINGTON-FAYETTE,24,24,1,January,2022,2,Monday,17,5:00pm-5:59pm,46,46,1,This section IS ON the NHS,1,Rural,1,Interstate,1,State Highway Agency,1,Interstate,I-64,,716,716,38.13884722,38.13884722,-84.568919440,-84.56891944,0,No Special Jurisdiction,12,Motor Vehicle In-Transport,7,Sideswipe - Same Direction,0,No,1,Non-Junction,1,Not an Intersection,0,None,,,1,On Roadway,3,Dark - Lighted,,,,,10,Cloudy,0,No,0000000,Not Applicable,17,5:00pm-5:59pm,46,46,18,6:00pm-6:59pm,0,0,88,"Not Applicable (Not Transported) ",88,Not Applicable (Not Transported),,,,,,,1,
2022,21,210021,Kentucky,2,2,0,0,0,4,4,67,FAYETTE (67),1980,LEXINGTON-FAYETTE,25,25,1,January,2022,3,Tuesday,11,11:00am-11:59am,13,13,0,This section IS NOT on the NHS,2,Urban,7,Local,3,Town or Township Highway Agency,5,Local Street - Township,E MAXWELL,ROSE ST,3,3,38.03970833,38.03970833,-84.497091670,-84.49709167,0,No Special Jurisdiction,12,Motor Vehicle In-Transport,6,Angle,0,No,2,Intersection,2,Four-Way Intersection,0,None,,,1,On Roadway,1,Daylight,,,,,1,Clear,0,No,0000000,Not Applicable,11,11:00am-11:59am,14,14,11,11:00am-11:59am,21,21,11,11:00am-11:59am,35,35,,,,,,,2,