caseyear,state,st_case,statename,ve_total,ve_forms,pvh_invl,peds,pernotmvit,permvit,persons,county,countyname,city,cityname,day,dayname,month,monthname,year,day_week,day_weekname,hour,hourname,minute,minutename,nhs,nhsname,rur_urb,rur_urbname,func_sys,func_sysname,rd_owner,rd_ownername,route,routename,tway_id,tway_id2,milept,mileptname,latitude,latitudename,longitud,longitudname,sp_jur,sp_jurname,harm_ev,harm_evname,man_coll,man_collname,reljct1,reljct1name,reljct2,reljct2name,typ_int,typ_intname,wrk_zone,wrk_zonename,road_fnc,road_fncname,rel_road,rel_roadname,lgt_cond,lgt_condname,weather1,weather1name,weather2,weather2name,weather,weathername,sch_bus,sch_busname,rail,railname,not_hour,not_hourname,not_min,not_minname,arr_hour,arr_hourname,arr_min,arr_minname,hosp_hr,hosp_hrname,hosp_mn,hosp_mnname,cf1,cf1name,cf2,cf2name,cf3,cf3name,fatals,drunk_dr
2022,21,210059,Kentucky,2,2,0,0,0,2,2,59,DAVIESS (59),0,NOT APPLICABLE,17,17,2,February,2022,5,Thursday,8,8:00am-8:59am,34,34,0,This section IS NOT on the NHS,1,Rural,5,Major Collector,1,State Highway Agency,3,State Highway,SR-54,BOLD FORBES WAY,37,37,37.75079167,37.75079167,-87.050672220,-87.05067222,0,No Special Jurisdiction,12,Motor Vehicle In-Transport,6,Angle,0,No,2,Intersection,3,T-Intersection,0,None,,,1,On Roadway,1,Daylight,,,,,2,Rain,0,No,0000000,Not Applicable,8,8:00am-8:59am,36,36,8,8:00am-8:59am,38,38,8,8:00am-8:59am,57,57,,,,,,,1,
2022,21,210060,Kentucky,1,1,0,0,0,1,1,85,GRAYSON (85),0,NOT APPLICABLE,21,21,2,February,2022,2,Monday,13,1:00pm-1:59pm,25,25,0,This section IS NOT on the NHS,1,Rural,5,Major Collector,1,State Highway Agency,3,State Highway,SR-54 OWENSBORO RD,,72,72,37.52463889,37.52463889,-86.480088890,-86.48008889,0,No Special Jurisdiction,35,Embankment,0,The First Harmful Event was Not a Collision with a Motor Vehicle in Transport,0,No,1,Non-Junction,1,Not an Intersection,0,None,,,4,On Roadside,1,Daylight,,,,,1,Clear,0,No,0000000,Not Applicable,13,1:00pm-1:59pm,32,32,13,1:00pm-1:59pm,35,35,88,"Not Applicable (Not Transported) ",88,Not Applicable (Not Transported),,,,,,,1,
2022,21,210061,Kentucky,2,2,0,0,0,2,2,113,JESSAMINE (113),2410,NICHOLASVILLE,8,8,2,February,2022,3,Tuesday,9,9:00am-9:59am,27,27,0,This section IS NOT on the NHS,2,Urban,4,Minor Arterial,1,State Highway Agency,2,U.S. Highway,US-27 N MAIN ST,,29,29,37.89041944,37.89041944,-84.568788890,-84.56878889,0,No Special Jurisdiction,12,Motor Vehicle In-Transport,6,Angle,0,No,1,Non-Junction,1,Not an Intersection,0,None,,,1,On Roadway,1,Daylight,,,,,1,Clear,0,No,0000000,Not Applicable,9,9:00am-9:59am,29,29,9,9:00am-9:59am,32,32,10,10:00am-10:59am,17,17,,,,,,,1,
2022,21,210062,Kentucky,1,1,0,0,0,2,2,81,GRANT (81),3590,WILLIAMSTOWN,9,9,2,February,2022,4,Wednesday,13,1:00pm-1:59pm,17,17,0,This section IS NOT on the NHS,1,Rural,5,Major Collector,1,State Highway Agency,2,U.S. Highway,US-25,,88,88,38.60430278,38.60430278,-84.575483330,-84.57548333,0,No Special Jurisdiction,42,Tree (Standing Only),0,The First Harmful Event was Not a Collision with a Motor Vehicle in Transport,0,No,1,Non-Junction,1,Not an Intersection,0,None,,,4,On Roadside,1,Daylight,,,,,1,Clear,0,No,0000000,Not Applicable,13,1:00pm-1:59pm,17,17,13,1:00pm-1:59pm,21,21,13,1:00pm-1:59pm,45,45,,,,,,,2,
2022,21,210063,Kentucky,2,1,1,1,1,1,1,111,JEFFERSON (111),2090,LOUISVILLE,9,9,2,February,2022,4,Wednesday,21,9:00pm-9:59pm,31,31,1,This section IS ON the NHS,2,Urban,2,Principal Arterial - Other Freeways and Expressways,1,State Highway Agency,3,State Highway,SR-841 RAMP,,2,2,38.09981389,38.09981389,-85.822694440,-85.82269444,0,No Special Jurisdiction,8,Pedestrian,0,The First Harmful Event was Not a Collision with a Motor Vehicle in Transport,1,Yes,20,Entrance/Exit Ramp,1,Not an Intersection,0,None,,,1,On Roadway,2,Dark - Not Lighted,,,,,10,Cloudy,0,No,0000000,Not Applicable,19,7:00pm-7:59pm,32,32,19,7:00pm-7:59pm,37,37,88,"Not Applicable (Not Transported) ",88,Not Applicable (Not Transported),,,,,,,1,
2022,21,210064,Kentucky,3,3,0,0,0,4,4,31,BUTLER (31),0,NOT APPLICABLE,10,10,2,February,2022,5,Thursday,16,4:00pm-4:59pm,15,15,0,This section IS NOT on the NHS,1,Rural,5,Major Collector,1,State Highway Agency,3,State Highway,SR-70 ROCHESTER RD,,89,89,37.18604167,37.18604167,-86.766313890,-86.76631389,0,No Special Jurisdiction,12,Motor Vehicle In-Transport,8,Sideswipe - Opposite Direction,0,No,1,Non-Junction,1,Not an Intersection,0,None,,,1,On Roadway,1,Daylight,,,,,1,Clear,0,No,0000000,Not Applicable,16,4:00pm-4:59pm,17,17,16,4:00pm-4:59pm,33,33,18,6:00pm-6:59pm,16,16,,,,,,,1,
2022,21,210065,Kentucky,1,1,0,0,0,1,1,111,JEFFERSON (111),3010,SHIVELY,22,22,2,February,2022,3,Tuesday,20,8:00pm-8:59pm,38,38,0,This section IS NOT on the NHS,2,Urban,4,Minor Arterial,1,State Highway Agency,3,State Highway,SR-1931 7TH STREET RD,,94,94,38.20718611,38.20718611,-85.788586110,-85.78858611,0,No Special Jurisdiction,30,Utility Pole/Light Support,0,The First Harmful Event was Not a Collision with a Motor Vehicle in Transport,0,No,1,Non-Junction,1,Not an Intersection,0,None,,,4,On Roadside,3,Dark - Lighted,,,,,10,Cloudy,0,No,0000000,Not Applicable,20,8:00pm-8:59pm,39,39,20,8:00pm-8:59pm,44,44,88,"Not Applicable (Not Transported) ",88,Not Applicable (Not Transported),,,,,,,1,
2022,21,210066,Kentucky,3,3,0,0,0,6,6,157,MARSHALL (157),0,NOT APPLICABLE,23,23,2,February,2022,4,Wednesday,22,10:00pm-10:59pm,51,51,1,This section IS ON the NHS,1,Rural,1,Interstate,1,State Highway Agency,1,Interstate,I-24,,293,293,37.02269444,37.02269444,-88.289458330,-88.28945833,0,No Special Jurisdiction,12,Motor Vehicle In-Transport,1,Front-to-Rear,0,No,1,Non-Junction,1,Not an Intersection,0,None,,,1,On Roadway,3,Dark - Lighted,,,,,12,Freezing Rain or Drizzle,0,No,0000000,Not Applicable,23,11:00pm-11:59pm,12,12,23,11:00pm-11:59pm,0,0,0,0:00am-0:59am,32,32,,,,,,,1,
2022,21,210067,Kentucky,1,1,0,1,1,2,2,111,JEFFERSON (111),1313,GLENVIEW,6,6,2,February,2022,1,Sunday,18,6:00pm-6:59pm,50,50,0,This section IS NOT on the NHS,2,Urban,4,Minor Arterial,2,County Highway Agency,4,County Road,CR-1001 RIVER RD,,21,21,38.29825278,38.29825278,-85.667908330,-85.66790833,0,No Special Jurisdiction,8,Pedestrian,0,The First Harmful Event was Not a Collision with a Motor Vehicle in Transport,0,No,1,Non-Junction,1,Not an Intersection,0,None,,,1,On Roadway,3,Dark - Lighted,,,,,1,Clear,0,No,0000000,Not Applicable,18,6:00pm-6:59pm,50,50,18,6:00pm-6:59pm,55,55,19,7:00pm-7:59pm,20,20,,,,,,,1,
2022,21,210068,Kentucky,1,1,0,0,0,1,1,111,JEFFERSON (111),2090,LOUISVILLE,13,13,2,February,2022,1,Sunday,3,3:00am-3:59am,38,38,0,This section IS NOT on the NHS,2,Urban,6,Minor Collector,2,County Highway Agency,4,County Road,CR-1002 WOLF PEN BRANCH RD,,31,31,38.32735556,38.32735556,-85.587041670,-85.58704167,0,No Special Jurisdiction,42,Tree (Standing Only),0,The First Harmful Event was Not a Collision with a Motor Vehicle in Transport,0,No,1,Non-Junction,1,Not an Intersection,0,None,,,4,On Roadside,2,Dark - Not Lighted,,,,,1,Clear,0,No,0000000,Not Applicable,88,Not Applicable (Not Notified),88,Not Applicable (Not Notified),88,Not Applicable,88,Not Applicable,88,"Not Applicable (Not Transported) ",88,Not Applicable (Not Transported),,,,,,,1,
2022,21,210069,Kentucky,1,1,0,1,1,1,1,111,JEFFERSON (111),2090,LOUISVILLE,21,21,2,February,2022,2,Monday,20,8:00pm-8:59pm,29,29,0,This section IS NOT on the NHS,2,Urban,4,Minor Arterial,1,State Highway Agency,3,State Highway,SR-1727 TERRY RD,,22,22,38.15448056,38.15448056,-85.868722220,-85.86872222,0,No Special Jurisdiction,9,Pedalcyclist,0,The First Harmful Event was Not a Collision with a Motor Vehicle in Transport,0,No,1,Non-Junction,1,Not an Intersection,0,None,,,1,On Roadway,2,Dark - Not Lighted,,,,,10,Cloudy,0,No,0000000,Not Applicable,20,8:00pm-8:59pm,29,29,20,8:00pm-8:59pm,32,32,88,"Not Applicable (Not Transported) ",88,Not Applicable (Not Transported),,,,,,,1,
2022,21,210070,Kentucky,1,1,0,0,0,2,2,37,CAMPBELL (37),3110,SOUTHGATE,24,24,2,February,2022,5,Thursday,4,4:00am-4:59am,8,8,1,This section IS ON the NHS,2,Urban,1,Interstate,1,State Highway Agency,1,Interstate,I-471,,17,17,39.06572778,39.06572778,-84.466063890,-84.46606389,0,No Special Jurisdiction,25,Concrete Traffic Barrier,0,The First Harmful Event was Not a Collision with a Motor Vehicle in Transport,0,No,1,Non-Junction,1,Not an Intersection,0,None,,,3,On Median,3,Dark - Lighted,,,,,98,Not Reported,0,No,0000000,Not Applicable,4,4:00am-4:59am,13,13,4,4:00am-4:59am,23,23,88,"Not Applicable (Not Transported) ",88,Not Applicable (Not Transported),,,,,,,1,
2022,21,210071,Kentucky,1,1,0,1,1,1,1,227,WARREN (227),350,BOWLING GREEN,24,24,2,February,2022,5,Thursday,6,6:00am-6:59am,19,19,1,This section IS ON the NHS,2,Urban,3,Principal Arterial - Other,1,State Highway Agency,2,U.S. Highway,US-68 VETERANS MEMORIAL HWY,HICKORY ST,96,96,36.97242222,36.97242222,-86.484075000,-86.48407500,0,No Special Jurisdiction,8,Pedestrian,0,The First Harmful Event was Not a Collision with a Motor Vehicle in Transport,0,No,3,Intersection-Related,3,T-Intersection,0,None,,,2,On Shoulder,4,Dawn,,,,,2,Rain,0,No,0000000,Not Applicable,6,6:00am-6:59am,19,19,6,6:00am-6:59am,24,24,88,"Not Applicable (Not Transported) ",88,Not Applicable (Not Transported),,,,,,,1,
2022,21,210072,Kentucky,1,1,0,0,0,1,1,111,JEFFERSON (111),2090,LOUISVILLE,24,24,2,February,2022,5,Thursday,8,8:00am-8:59am,3,3,1,This section IS ON the NHS,2,Urban,2,Principal Arterial - Other Freeways and Expressways,1,State Highway Agency,3,State Highway,SR-0841 GENE SNYDER FREEWAY,,59,59,38.12055000,38.12055000,-85.779158330,-85.77915833,0,No Special Jurisdiction,24,Guardrail Face,0,The First Harmful Event was Not a Collision with a Motor Vehicle in Transport,1,Yes,19,Other location within Interchange Area,1,Not an Intersection,0,None,,,4,On Roadside,1,Daylight,,,,,10,Cloudy,0,No,0000000,Not Applicable,8,8:00am-8:59am,3,3,8,8:00am-8:59am,10,10,88,"Not Applicable (Not Transported) ",88,Not Applicable (Not Transported),,,,,,,1,
2022,21,210073,Kentucky,2,2,0,0,0,3,3,203,ROCKCASTLE (203),0,NOT APPLICABLE,25,25,2,February,2022,6,Friday,15,3:00pm-3:59pm,21,21,0,This section IS NOT on the NHS,1,Rural,4,Minor Arterial,1,State Highway Agency,2,U.S. Highway,US-150 DYSART WAY,,43,43,37.35089444,37.35089444,-84.355527780,-84.35552778,0,No Special Jurisdiction,12,Motor Vehicle In-Transport,2,Front-to-Front,0,No,1,Non-Junction,1,Not an Intersection,0,None,,,2,On Shoulder,1,Daylight,,,,,2,Rain,0,No,0000000,Not Applicable,15,3:00pm-3:59pm,14,14,15,3:00pm-3:59pm,24,24,16,4:00pm-4:59pm,10,10,,,,,,,1,
2022,21,210074,Kentucky,2,2,0,0,0,2,2,111,JEFFERSON (111),2090,LOUISVILLE,27,27,2,February,2022,1,Sunday,2,2:00am-2:59am,25,25,0,This section IS NOT on the NHS,2,Urban,4,Minor Arterial,1,State Highway Agency,3,State Highway,SR-864 POPLAR LEVEL RD,,106,106,38.18755278,38.18755278,-85.702077780,-85.70207778,0,No Special Jurisdiction,12,Motor Vehicle In-Transport,6,Angle,0,No,8,Driveway Access Related,1,Not an Intersection,0,None,,,1,On Roadway,2,Dark - Not Lighted,,,,,1,Clear,0,No,0000000,Not Applicable,2,2:00am-2:59am,25,25,2,2:00am-2:59am,30,30,2,2:00am-2:59am,56,56,,,,,,,1,
2022,21,210075,Kentucky,1,1,0,0,0,2,2,9,BARREN (9),0,NOT APPLICABLE,27,27,2,February,2022,1,Sunday,15,3:00pm-3:59pm,21,21,1,This section IS ON the NHS,1,Rural,1,Interstate,1,State Highway Agency,1,Interstate,I-65,,529,529,37.14198611,37.14198611,-85.972236110,-85.97223611,0,No Special Jurisdiction,25,Concrete Traffic Barrier,0,The First Harmful Event was Not a Collision with a Motor Vehicle in Transport,0,No,1,Non-Junction,1,Not an Intersection,0,None,,,3,On Median,1,Daylight,,,,,1,Clear,0,No,0000000,Not Applicable,15,3:00pm-3:59pm,21,21,15,3:00pm-3:59pm,36,36,16,4:00pm-4:59pm,18,18,,,,,,,1,
2022,21,210076,Kentucky,1,1,0,1,1,2,2,125,LAUREL (125),0,NOT APPLICABLE,24,24,2,February,2022,5,Thursday,19,7:00pm-7:59pm,43,43,0,This section IS NOT on the NHS,1,Rural,5,Major Collector,1,State Highway Agency,3,State Highway,SR-363 KEAVY RD,,72,72,37.07687778,37.07687778,-84.099988890,-84.09998889,0,No Special Jurisdiction,8,Pedestrian,0,The First Harmful Event was Not a Collision with a Motor Vehicle in Transport,0,No,1,Non-Junction,1,Not an Intersection,0,None,,,1,On Roadway,6,Dark - Unknown Lighting,,,,,1,Clear,0,No,0000000,Not Applicable,19,7:00pm-7:59pm,43,43,19,7:00pm-7:59pm,49,49,21,9:00pm-9:59pm,8,8,,,,,,,1,
2022,21,210077,Kentucky,1,1,0,0,0,1,1,217,TAYLOR (217),0,NOT APPLICABLE,16,16,2,February,2022,4,Wednesday,18,6:00pm-6:59pm,2,2,0,This section IS NOT on the NHS,1,Rural,4,Minor Arterial,1,State Highway Agency,2,U.S. Highway,US-68 GREENSBURG RD,SR-2764 MILLER RD,0,None,37.30610000,37.30610000,-85.436855560,-85.43685556,0,No Special Jurisdiction,35,Embankment,0,The First Harmful Event was Not a Collision with a Motor Vehicle in Transport,0,No,3,Intersection-Related,2,Four-Way Intersection,0,None,,,4,On Roadside,1,Daylight,,,,,10,Cloudy,0,No,0000000,Not Applicable,18,6:00pm-6:59pm,4,4,18,6:00pm-6:59pm,8,8,88,"Not Applicable (Not Transported) ",88,Not Applicable (Not Transported),,,,,,,1,
2022,21,210078,Kentucky,1,1,0,0,0,1,1,179,NELSON (179),0,NOT APPLICABLE,19,19,2,February,2022,7,Saturday,21,9:00pm-9:59pm,14,14,0,This section IS NOT on the NHS,1,Rural,6,Minor Collector,1,State Highway Agency,3,State Highway,SR-247 MONKS RD,,79,79,37.65838056,37.65838056,-85.535608330,-85.53560833,0,No Special Jurisdiction,42,Tree (Standing Only),0,The First Harmful Event was Not a Collision with a Motor Vehicle in Transport,0,No,1,Non-Junction,1,Not an Intersection,0,None,,,4,On Roadside,2,Dark - Not Lighted,,,,,1,Clear,0,No,0000000,Not Applicable,21,9:00pm-9:59pm,14,14,21,9:00pm-9:59pm,23,23,88,"Not Applicable (Not Transported) ",88,Not Applicable (Not Transported),,,,,,,1,
2022,21,210079,Kentucky,1,1,0,0,0,1,1,227,WARREN (227),0,NOT APPLICABLE,22,22,2,February,2022,3,Tuesday,0,0:00am-0:59am,30,30,0,This section IS NOT on the NHS,1,Rural,7,Local,2,County Highway Agency,4,County Road,CR-MATLOCK RD,LONG RD,9,9,36.89075000,36.89075000,-86.449866670,-86.44986667,0,No Special Jurisdiction,42,Tree (Standing Only),0,The First Harmful Event was Not a Collision with a Motor Vehicle in Transport,0,No,3,Intersection-Related,3,T-Intersection,0,None,,,4,On Roadside,2,Dark - Not Lighted,,,,,10,Cloudy,0,No,0000000,Not Applicable,0,0:00am-0:59am,34,34,0,0:00am-0:59am,43,43,88,"Not Applicable (Not Transported) ",88,Not Applicable (Not Transported),,,,,,,1,
2022,21,210080,Kentucky,1,1,0,1,1,1,1,93,HARDIN (93),1000,ELIZABETHTOWN,23,23,2,February,2022,4,Wednesday,20,8:00pm-8:59pm,18,18,0,This section IS NOT on the NHS,1,Rural,7,Local,2,County Highway Agency,4,County Road,CR-TUNNEL HILL RD,,99998,Not Reported,37.73024167,37.73024167,-85.838350000,-85.83835000,0,No Special Jurisdiction,8,Pedestrian,0,The First Harmful Event was Not a Collision with a Motor Vehicle in Transport,0,No,1,Non-Junction,1,Not an Intersection,0,None,,,1,On Roadway,2,Dark - Not Lighted,,,,,2,Rain,0,No,0000000,Not Applicable,20,8:00pm-8:59pm,18,18,20,8:00pm-8:59pm,23,23,88,"Not Applicable (Not Transported) ",88,Not Applicable (Not Transported),,,,,,,1,
2022,21,210081,Kentucky,1,1,0,0,0,1,1,17,BOURBON (17),0,NOT APPLICABLE,28,28,2,February,2022,2,Monday,19,7:00pm-7:59pm,32,32,0,This section IS NOT on the NHS,1,Rural,4,Minor Arterial,1,State Highway Agency,3,State Highway,SR-627 WINCHESTER RD,,27,27,38.12798333,38.12798333,-84.196863890,-84.19686389,0,No Special Jurisdiction,34,Ditch,0,The First Harmful Event was Not a Collision with a Motor Vehicle in Transport,0,No,1,Non-Junction,1,Not an Intersection,0,None,,,4,On Roadside,2,Dark - Not Lighted,,,,,1,Clear,0,No,0000000,Not Applicable,19,7:00pm-7:59pm,38,38,19,7:00pm-7:59pm,44,44,88,"Not Applicable (Not Transported) ",88,Not Applicable (Not Transported),,,,,,,1,
2022,21,210082,Kentucky,1,1,0,1,1,1,1,111,JEFFERSON (111),3010,SHIVELY,22,22,2,February,2022,3,Tuesday,20,8:00pm-8:59pm,12,12,0,This section IS NOT on the NHS,2,Urban,4,Minor Arterial,1,State Highway Agency,3,State Highway,SR-2049 CRUMS LN,PARK ROW DRIVE,13,13,38.19447500,38.19447500,-85.813125000,-85.81312500,0,No Special Jurisdiction,8,Pedestrian,0,The First Harmful Event was Not a Collision with a Motor Vehicle in Transport,0,No,3,Intersection-Related,3,T-Intersection,0,None,,,1,On Roadway,3,Dark - Lighted,,,,,1,Clear,0,No,0000000,Not Applicable,20,8:00pm-8:59pm,13,13,20,8:00pm-8:59pm,23,23,88,"Not Applicable (Not Transported) ",88,Not Applicable (Not Transported),,,,,,,1,
2022,21,210083,Kentucky,2,2,0,0,0,2,2,227,WARREN (227),350,BOWLING GREEN,27,27,2,February,2022,1,Sunday,18,6:00pm-6:59pm,38,38,0,This section IS NOT on the NHS,2,Urban,4,Minor Arterial,1,State Highway Agency,2,U.S. Highway,US-31 BYPASS,CABELL DR,122,122,36.97983889,36.97983889,-86.448741670,-86.44874167,0,No Special Jurisdiction,12,Motor Vehicle In-Transport,2,Front-to-Front,0,No,2,Intersection,2,Four-Way Intersection,0,None,,,1,On Roadway,2,Dark - Not Lighted,,,,,1,Clear,0,No,0000000,Not Applicable,18,6:00pm-6:59pm,39,39,18,6:00pm-6:59pm,45,45,19,7:00pm-7:59pm,4,4,,,,,,,1,
2022,21,210084,Kentucky,2,2,0,0,0,2,2,127,LAWRENCE (127),0,NOT APPLICABLE,30,30,1,January,2022,1,Sunday,13,1:00pm-1:59pm,18,18,0,This section IS NOT on the NHS,1,Rural,5,Major Collector,1,State Highway Agency,3,State Highway,SR-2565,,16,16,38.08974722,38.08974722,-82.610586110,-82.61058611,0,No Special Jurisdiction,12,Motor Vehicle In-Transport,8,Sideswipe - Opposite Direction,0,No,1,Non-Junction,1,Not an Intersection,0,None,,,1,On Roadway,1,Daylight,,,,,1,Clear,0,No,0000000,Not Applicable,13,1:00pm-1:59pm,20,20,13,1:00pm-1:59pm,23,23,13,1:00pm-1:59pm,48,48,,,,,,,1,
2022,21,210085,Kentucky,2,2,0,0,0,3,3,19,BOYD (19),0,NOT APPLICABLE,15,15,2,February,2022,3,Tuesday,15,3:00pm-3:59pm,5,5,0,This section IS NOT on the NHS,1,Rural,5,Major Collector,1,State Highway Agency,3,State Highway,SR-168,,10,10,38.41811667,38.41811667,-82.618319440,-82.61831944,0,No Special Jurisdiction,12,Motor Vehicle In-Transport,2,Front-to-Front,0,No,1,Non-Junction,1,Not an Intersection,0,None,,,1,On Roadway,1,Daylight,,,,,1,Clear,0,No,0000000,Not Applicable,15,3:00pm-3:59pm,18,18,15,3:00pm-3:59pm,25,25,16,4:00pm-4:59pm,25,25,,,,,,,2,
2022,21,210086,Kentucky,3,3,0,0,0,4,4,111,JEFFERSON (111),2090,LOUISVILLE,22,22,2,February,2022,3,Tuesday,12,12:00pm-12:59pm,20,20,0,This section IS NOT on the NHS,2,Urban,4,Minor Arterial,1,State Highway Agency,2,U.S. Highway,US-31 BARDSTOWN RD,COLONEL HANCOCK DR,40,40,38.13043333,38.13043333,-85.577369440,-85.57736944,0,No Special Jurisdiction,12,Motor Vehicle In-Transport,6,Angle,0,No,2,Intersection,2,Four-Way Intersection,0,None,,,1,On Roadway,1,Daylight,,,,,1,Clear,0,No,0000000,Not Applicable,12,12:00pm-12:59pm,26,26,12,12:00pm-12:59pm,30,30,13,1:00pm-1:59pm,0,0,,,,,,,1,
2022,21,210087,Kentucky,3,2,1,0,0,3,3,205,ROWAN (205),2270,MOREHEAD,29,29,1,January,2022,7,Saturday,14,2:00pm-2:59pm,30,30,0,This section IS NOT on the NHS,2,Urban,4,Minor Arterial,1,State Highway Agency,3,State Highway,SR-32 FLEMINGSBURG RD,,76,76,38.18040556,38.18040556,-83.449897220,-83.44989722,0,No Special Jurisdiction,12,Motor Vehicle In-Transport,6,Angle,0,No,8,Driveway Access Related,1,Not an Intersection,0,None,,,1,On Roadway,1,Daylight,,,,,1,Clear,0,No,0000000,Not Applicable,14,2:00pm-2:59pm,32,32,14,2:00pm-2:59pm,38,38,14,2:00pm-2:59pm,58,58,,,,,,,1,
2022,21,210088,Kentucky,1,1,0,1,1,1,1,111,JEFFERSON (111),2090,LOUISVILLE,15,15,1,January,2022,7,Saturday,16,4:00pm-4:59pm,33,33,0,This section IS NOT on the NHS,2,Urban,7,Local,3,Town or Township Highway Agency,5,Local Street - Township,S 3RD ST,W SOUTHLAND BLVD,18,18,38.17138889,38.17138889,-85.767969440,-85.76796944,0,No Special Jurisdiction,9,Pedalcyclist,0,The First Harmful Event was Not a Collision with a Motor Vehicle in Transport,0,No,3,Intersection-Related,2,Four-Way Intersection,0,None,,,1,On Roadway,1,Daylight,,,,,1,Clear,0,No,0000000,Not Applicable,16,4:00pm-4:59pm,33,33,16,4:00pm-4:59pm,40,40,17,5:00pm-5:59pm,40,40,,,,,,,1,
2022,21,210089,Kentucky,2,2,0,0,0,4,4,195,PIKE (195),2640,PIKEVILLE,20,20,1,January,2022,5,Thursday,7,7:00am-7:59am,53,53,1,This section IS ON the NHS,2,Urban,3,Principal Arterial - Other,1,State Highway Agency,2,U.S. Highway,US-23,SR-3496,230,230,37.46583333,37.46583333,-82.528111110,-82.52811111,0,No Special Jurisdiction,12,Motor Vehicle In-Transport,6,Angle,0,No,2,Intersection,3,T-Intersection,0,None,,,1,On Roadway,1,Daylight,,,,,98,Not Reported,0,No,0000000,Not Applicable,7,7:00am-7:59am,56,56,7,7:00am-7:59am,58,58,8,8:00am-8:59am,7,7,,,,,,,2,
2022,21,210090,Kentucky,1,1,0,0,0,2,2,95,HARLAN (95),0,NOT APPLICABLE,16,16,2,February,2022,4,Wednesday,16,4:00pm-4:59pm,8,8,0,This section IS NOT on the NHS,2,Urban,6,Minor Collector,1,State Highway Agency,3,State Highway,SR-72,,112,112,36.83658333,36.83658333,-83.324294440,-83.32429444,0,No Special Jurisdiction,53,Mail Box,0,The First Harmful Event was Not a Collision with a Motor Vehicle in Transport,0,No,1,Non-Junction,1,Not an Intersection,0,None,,,4,On Roadside,1,Daylight,,,,,1,Clear,0,No,0000000,Not Applicable,16,4:00pm-4:59pm,0,0,16,4:00pm-4:59pm,13,13,16,4:00pm-4:59pm,50,50,,,,,,,1,
2022,21,210091,Kentucky,1,1,0,0,0,1,1,13,BELL (13),2650,PINEVILLE,1,1,2,February,2022,3,Tuesday,11,11:00am-11:59am,10,10,0,This section IS NOT on the NHS,1,Rural,5,Major Collector,1,State Highway Agency,3,State Highway,SR-221,,66,66,36.80405000,36.80405000,-83.564791670,-83.56479167,0,No Special Jurisdiction,93,Unknown Fixed Object,0,The First Harmful Event was Not a Collision with a Motor Vehicle in Transport,0,No,1,Non-Junction,1,Not an Intersection,0,None,,,4,On Roadside,1,Daylight,,,,,1,Clear,0,No,0000000,Not Applicable,11,11:00am-11:59am,10,10,11,11:00am-11:59am,23,23,88,"Not Applicable (Not Transported) ",88,Not Applicable (Not Transported),,,,,,,1,
2022,21,210092,Kentucky,1,1,0,0,0,1,1,69,FLEMING (69),1570,HILLSBORO,11,11,1,January,2022,3,Tuesday,11,11:00am-11:59am,23,23,0,This section IS NOT on the NHS,1,Rural,6,Minor Collector,1,State Highway Agency,3,State Highway,SR-1722 COLFAX RD,,23,23,38.22276667,38.22276667,-83.637377780,-83.63737778,0,No Special Jurisdiction,35,Embankment,0,The First Harmful Event was Not a Collision with a Motor Vehicle in Transport,0,No,1,Non-Junction,1,Not an Intersection,0,None,,,4,On Roadside,1,Daylight,,,,,1,Clear,0,No,0000000,Not Applicable,11,11:00am-11:59am,23,23,11,11:00am-11:59am,42,42,88,"Not Applicable (Not Transported) ",88,Not Applicable (Not Transported),,,,,,,1,
2022,21,210093,Kentucky,2,2,0,0,0,6,6,85,GRAYSON (85),0,NOT APPLICABLE,2,2,3,March,2022,4,Wednesday,15,3:00pm-3:59pm,56,56,0,This section IS NOT on the NHS,1,Rural,5,Major Collector,1,State Highway Agency,3,State Highway,SR-88 PEONIA RD,,106,106,37.37337500,37.37337500,-86.168738890,-86.16873889,0,No Special Jurisdiction,12,Motor Vehicle In-Transport,8,Sideswipe - Opposite Direction,0,No,1,Non-Junction,1,Not an Intersection,0,None,,,1,On Roadway,1,Daylight,,,,,1,Clear,0,No,0000000,Not Applicable,15,3:00pm-3:59pm,56,56,16,4:00pm-4:59pm,15,15,88,"Not Applicable (Not Transported) ",88,Not Applicable (Not Transported),,,,,,,1,
2022,21,210094,Kentucky,1,1,0,0,0,1,1,111,JEFFERSON (111),2090,LOUISVILLE,3,3,3,March,2022,5,Thursday,16,4:00pm-4:59pm,23,23,1,This section IS ON the NHS,2,Urban,1,Interstate,1,State Highway Agency,1,Interstate,I-71 RAMP,,0,None,38.31419167,38.31419167,-85.584183330,-85.58418333,0,No Special Jurisdiction,1,Rollover/Overturn,0,The First Harmful Event was Not a Collision with a Motor Vehicle in Transport,1,Yes,5,Entrance/Exit Ramp Related,1,Not an Intersection,0,None,,,4,On Roadside,1,Daylight,,,,,10,Cloudy,0,No,0000000,Not Applicable,16,4:00pm-4:59pm,23,23,16,4:00pm-4:59pm,32,32,88,"Not Applicable (Not Transported) ",88,Not Applicable (Not Transported),,,,,,,1,