caseyear,state,st_case,statename,ve_total,ve_forms,pvh_invl,peds,pernotmvit,permvit,persons,county,countyname,city,cityname,day,dayname,month,monthname,year,day_week,day_weekname,hour,hourname,minute,minutename,nhs,nhsname,rur_urb,rur_urbname,func_sys,func_sysname,rd_owner,rd_ownername,route,routename,tway_id,tway_id2,milept,mileptname,latitude,latitudename,longitud,longitudname,sp_jur,sp_jurname,harm_ev,harm_evname,man_coll,man_collname,reljct1,reljct1name,reljct2,reljct2name,typ_int,typ_intname,wrk_zone,wrk_zonename,road_fnc,road_fncname,rel_road,rel_roadname,lgt_cond,lgt_condname,weather1,weather1name,weather2,weather2name,weather,weathername,sch_bus,sch_busname,rail,railname,not_hour,not_hourname,not_min,not_minname,arr_hour,arr_hourname,arr_min,arr_minname,hosp_hr,hosp_hrname,hosp_mn,hosp_mnname,cf1,cf1name,cf2,cf2name,cf3,cf3name,fatals,drunk_dr
2022,21,210394,Kentucky,2,2,0,0,0,2,2,67,FAYETTE (67),1980,LEXINGTON-FAYETTE,24,24,8,August,2022,4,Wednesday,13,1:00pm-1:59pm,5,5,1,This section IS ON the NHS,2,Urban,3,Principal Arterial - Other,1,State Highway Agency,3,State Highway,SR-4 NEW CIRCLE RD,,116,116,38.05675556,38.05675556,-84.461788890,-84.46178889,0,No Special Jurisdiction,12,Motor Vehicle In-Transport,6,Angle,0,No,8,Driveway Access Related,1,Not an Intersection,0,None,,,1,On Roadway,1,Daylight,,,,,1,Clear,0,No,0000000,Not Applicable,13,1:00pm-1:59pm,6,6,13,1:00pm-1:59pm,9,9,13,1:00pm-1:59pm,24,24,,,,,,,1,
2022,21,210395,Kentucky,2,2,0,0,0,2,2,111,JEFFERSON (111),2090,LOUISVILLE,27,27,8,August,2022,7,Saturday,7,7:00am-7:59am,5,5,1,This section IS ON the NHS,2,Urban,1,Interstate,1,State Highway Agency,1,Interstate,I-65,,1252,1252,38.11649722,38.11649722,-85.701786110,-85.70178611,0,No Special Jurisdiction,12,Motor Vehicle In-Transport,1,Front-to-Rear,1,Yes,18,Through Roadway,1,Not an Intersection,0,None,,,1,On Roadway,1,Daylight,,,,,1,Clear,0,No,0000000,Not Applicable,7,7:00am-7:59am,10,10,7,7:00am-7:59am,18,18,88,"Not Applicable (Not Transported) ",88,Not Applicable (Not Transported),,,,,,,1,
2022,21,210396,Kentucky,1,1,0,1,1,2,2,15,BOONE (15),1150,FLORENCE,27,27,8,August,2022,7,Saturday,21,9:00pm-9:59pm,45,45,1,This section IS ON the NHS,2,Urban,4,Minor Arterial,1,State Highway Agency,2,U.S. Highway,US-42,,120,120,38.96943056,38.96943056,-84.667361110,-84.66736111,0,No Special Jurisdiction,8,Pedestrian,0,The First Harmful Event was Not a Collision with a Motor Vehicle in Transport,0,No,1,Non-Junction,1,Not an Intersection,0,None,,,1,On Roadway,3,Dark - Lighted,,,,,1,Clear,0,No,0000000,Not Applicable,21,9:00pm-9:59pm,45,45,21,9:00pm-9:59pm,50,50,88,"Not Applicable (Not Transported) ",88,Not Applicable (Not Transported),,,,,,,1,
2022,21,210397,Kentucky,1,1,0,0,0,1,1,221,TRIGG (221),0,NOT APPLICABLE,14,14,8,August,2022,1,Sunday,15,3:00pm-3:59pm,54,54,0,This section IS NOT on the NHS,1,Rural,6,Minor Collector,1,State Highway Agency,3,State Highway,SR-525 NEW HOPE RD,,85,85,36.81302778,36.81302778,-87.799272220,-87.79927222,0,No Special Jurisdiction,35,Embankment,0,The First Harmful Event was Not a Collision with a Motor Vehicle in Transport,0,No,1,Non-Junction,1,Not an Intersection,0,None,,,4,On Roadside,1,Daylight,,,,,1,Clear,0,No,0000000,Not Applicable,15,3:00pm-3:59pm,54,54,16,4:00pm-4:59pm,3,3,88,"Not Applicable (Not Transported) ",88,Not Applicable (Not Transported),,,,,,,1,
2022,21,210398,Kentucky,3,3,0,0,0,5,5,123,LARUE (123),0,NOT APPLICABLE,18,18,8,August,2022,5,Thursday,11,11:00am-11:59am,43,43,0,This section IS NOT on the NHS,1,Rural,4,Minor Arterial,1,State Highway Agency,2,U.S. Highway,US-31 NEW JACKSON HWY,,59,59,37.51559722,37.51559722,-85.733838890,-85.73383889,0,No Special Jurisdiction,12,Motor Vehicle In-Transport,6,Angle,0,No,8,Driveway Access Related,1,Not an Intersection,0,None,,,1,On Roadway,1,Daylight,,,,,1,Clear,0,No,0000000,Not Applicable,11,11:00am-11:59am,48,48,11,11:00am-11:59am,48,48,88,"Not Applicable (Not Transported) ",88,Not Applicable (Not Transported),,,,,,,1,
2022,21,210399,Kentucky,1,1,0,0,0,1,1,17,BOURBON (17),0,NOT APPLICABLE,26,26,8,August,2022,6,Friday,11,11:00am-11:59am,0,0,0,This section IS NOT on the NHS,1,Rural,5,Major Collector,1,State Highway Agency,3,State Highway,SR-1678 CLINTONVILLE RD,,69,69,38.16955833,38.16955833,-84.255680560,-84.25568056,0,No Special Jurisdiction,42,Tree (Standing Only),0,The First Harmful Event was Not a Collision with a Motor Vehicle in Transport,0,No,1,Non-Junction,1,Not an Intersection,0,None,,,4,On Roadside,1,Daylight,,,,,1,Clear,0,No,0000000,Not Applicable,11,11:00am-11:59am,0,0,11,11:00am-11:59am,10,10,88,"Not Applicable (Not Transported) ",88,Not Applicable (Not Transported),,,,,,,1,
2022,21,210400,Kentucky,7,7,0,0,0,10,10,111,JEFFERSON (111),2090,LOUISVILLE,28,28,8,August,2022,1,Sunday,14,2:00pm-2:59pm,27,27,1,This section IS ON the NHS,2,Urban,1,Interstate,1,State Highway Agency,1,Interstate,I-65,,1314,1314,38.19904444,38.19904444,-85.734258330,-85.73425833,0,No Special Jurisdiction,12,Motor Vehicle In-Transport,6,Angle,0,No,1,Non-Junction,1,Not an Intersection,0,None,,,1,On Roadway,1,Daylight,,,,,1,Clear,0,No,0000000,Not Applicable,14,2:00pm-2:59pm,30,30,14,2:00pm-2:59pm,34,34,15,3:00pm-3:59pm,4,4,,,,,,,1,
2022,21,210401,Kentucky,3,3,0,0,0,3,3,111,JEFFERSON (111),2090,LOUISVILLE,30,30,8,August,2022,3,Tuesday,17,5:00pm-5:59pm,56,56,0,This section IS NOT on the NHS,2,Urban,4,Minor Arterial,1,State Highway Agency,3,State Highway,SR-61 PRESTON HWY,OAKLAWN DR,47,47,38.14879722,38.14879722,-85.692455560,-85.69245556,0,No Special Jurisdiction,12,Motor Vehicle In-Transport,6,Angle,0,No,2,Intersection,98,Not Reported,0,None,,,1,On Roadway,1,Daylight,,,,,1,Clear,0,No,0000000,Not Applicable,17,5:00pm-5:59pm,57,57,18,6:00pm-6:59pm,2,2,88,"Not Applicable (Not Transported) ",88,Not Applicable (Not Transported),,,,,,,1,
2022,21,210402,Kentucky,1,1,0,0,0,1,1,181,NICHOLAS (181),0,NOT APPLICABLE,3,3,8,August,2022,4,Wednesday,14,2:00pm-2:59pm,51,51,0,This section IS NOT on the NHS,1,Rural,7,Local,2,County Highway Agency,4,County Road,CR-ABNERS MILL RD,,51,51,38.41659167,38.41659167,-83.973352780,-83.97335278,0,No Special Jurisdiction,2,Fire/Explosion,0,The First Harmful Event was Not a Collision with a Motor Vehicle in Transport,0,No,1,Non-Junction,1,Not an Intersection,0,None,,,1,On Roadway,1,Daylight,,,,,1,Clear,0,No,0000000,Not Applicable,14,2:00pm-2:59pm,53,53,15,3:00pm-3:59pm,8,8,16,4:00pm-4:59pm,14,14,,,,,,,1,
2022,21,210403,Kentucky,1,1,0,0,0,1,1,157,MARSHALL (157),0,NOT APPLICABLE,29,29,8,August,2022,2,Monday,0,0:00am-0:59am,2,2,0,This section IS NOT on the NHS,1,Rural,5,Major Collector,1,State Highway Agency,3,State Highway,SR-402 BREWERS HWY,SR-2606 JACKSON SCHOOL RD,34,34,36.76493611,36.76493611,-88.394552780,-88.39455278,0,No Special Jurisdiction,35,Embankment,0,The First Harmful Event was Not a Collision with a Motor Vehicle in Transport,0,No,3,Intersection-Related,3,T-Intersection,0,None,,,4,On Roadside,2,Dark - Not Lighted,,,,,1,Clear,0,No,0000000,Not Applicable,0,0:00am-0:59am,4,4,0,0:00am-0:59am,19,19,1,1:00am-1:59am,0,0,,,,,,,1,
2022,21,210404,Kentucky,1,1,0,1,1,1,1,151,MADISON (151),270,BEREA,29,29,8,August,2022,2,Monday,9,9:00am-9:59am,53,53,0,This section IS NOT on the NHS,6,Trafficway Not in State Inventory,96,Trafficway Not in State Inventory,96,Trafficway Not in State Inventory,8,Other,FOX GLOVES PARKING LOT WAY,,6,6,37.58595278,37.58595278,-84.286852780,-84.28685278,0,No Special Jurisdiction,8,Pedestrian,0,The First Harmful Event was Not a Collision with a Motor Vehicle in Transport,0,No,1,Non-Junction,1,Not an Intersection,0,None,,,1,On Roadway,1,Daylight,,,,,1,Clear,0,No,0000000,Not Applicable,9,9:00am-9:59am,54,54,9,9:00am-9:59am,57,57,10,10:00am-10:59am,58,58,,,,,,,1,
2022,21,210405,Kentucky,2,2,0,0,0,2,2,3,ALLEN (3),2910,SCOTTSVILLE,30,30,8,August,2022,3,Tuesday,16,4:00pm-4:59pm,49,49,0,This section IS NOT on the NHS,1,Rural,5,Major Collector,1,State Highway Agency,3,State Highway,SR-980 VETERANS MEMORIAL HWY,BENS WAY,10,10,36.75144167,36.75144167,-86.199258330,-86.19925833,0,No Special Jurisdiction,12,Motor Vehicle In-Transport,2,Front-to-Front,0,No,3,Intersection-Related,98,Not Reported,0,None,,,1,On Roadway,1,Daylight,,,,,1,Clear,0,No,0000000,Not Applicable,16,4:00pm-4:59pm,50,50,16,4:00pm-4:59pm,52,52,17,5:00pm-5:59pm,13,13,,,,,,,1,
2022,21,210406,Kentucky,1,1,0,0,0,1,1,3,ALLEN (3),2910,SCOTTSVILLE,31,31,8,August,2022,4,Wednesday,8,8:00am-8:59am,42,42,0,This section IS NOT on the NHS,1,Rural,7,Local,1,State Highway Agency,3,State Highway,SR-3500 OLD GALLATIN RD,CARTER TOWN RD,33,33,36.72847500,36.72847500,-86.217722220,-86.21772222,0,No Special Jurisdiction,30,Utility Pole/Light Support,0,The First Harmful Event was Not a Collision with a Motor Vehicle in Transport,0,No,3,Intersection-Related,98,Not Reported,0,None,,,4,On Roadside,1,Daylight,,,,,1,Clear,0,No,0000000,Not Applicable,8,8:00am-8:59am,43,43,8,8:00am-8:59am,45,45,88,"Not Applicable (Not Transported) ",88,Not Applicable (Not Transported),,,,,,,1,
2022,21,210407,Kentucky,1,1,0,0,0,2,2,111,JEFFERSON (111),2090,LOUISVILLE,17,17,8,August,2022,4,Wednesday,1,1:00am-1:59am,23,23,0,This section IS NOT on the NHS,2,Urban,7,Local,1,State Highway Agency,3,State Highway,SR-1931 7TH ST RD,CENTRAL AVE,17,17,38.21481667,38.21481667,-85.782758330,-85.78275833,0,No Special Jurisdiction,46,Traffic Signal Support,0,The First Harmful Event was Not a Collision with a Motor Vehicle in Transport,0,No,3,Intersection-Related,3,T-Intersection,0,None,,,4,On Roadside,2,Dark - Not Lighted,,,,,1,Clear,0,No,0000000,Not Applicable,1,1:00am-1:59am,23,23,1,1:00am-1:59am,30,30,1,1:00am-1:59am,49,49,,,,,,,2,
2022,21,210408,Kentucky,1,1,0,0,0,1,1,139,LIVINGSTON (139),0,NOT APPLICABLE,22,22,8,August,2022,2,Monday,12,12:00pm-12:59pm,29,29,0,This section IS NOT on the NHS,1,Rural,5,Major Collector,1,State Highway Agency,3,State Highway,SR-453 IUKA RD,,133,133,37.11305556,37.11305556,-88.383127780,-88.38312778,0,No Special Jurisdiction,1,Rollover/Overturn,0,The First Harmful Event was Not a Collision with a Motor Vehicle in Transport,0,No,1,Non-Junction,1,Not an Intersection,0,None,,,4,On Roadside,1,Daylight,,,,,1,Clear,0,No,0000000,Not Applicable,12,12:00pm-12:59pm,29,29,12,12:00pm-12:59pm,31,31,13,1:00pm-1:59pm,17,17,,,,,,,1,
2022,21,210409,Kentucky,2,2,0,0,0,3,3,199,PULASKI (199),0,NOT APPLICABLE,10,10,8,August,2022,4,Wednesday,16,4:00pm-4:59pm,58,58,1,This section IS ON the NHS,1,Rural,3,Principal Arterial - Other,1,State Highway Agency,2,U.S. Highway,US-27,,303,303,37.28289167,37.28289167,-84.646008330,-84.64600833,0,No Special Jurisdiction,12,Motor Vehicle In-Transport,2,Front-to-Front,0,No,1,Non-Junction,1,Not an Intersection,0,None,,,1,On Roadway,1,Daylight,,,,,10,Cloudy,0,No,0000000,Not Applicable,17,5:00pm-5:59pm,4,4,17,5:00pm-5:59pm,16,16,17,5:00pm-5:59pm,57,57,,,,,,,1,
2022,21,210410,Kentucky,1,1,0,0,0,1,1,85,GRAYSON (85),0,NOT APPLICABLE,29,29,8,August,2022,2,Monday,18,6:00pm-6:59pm,12,12,0,This section IS NOT on the NHS,1,Rural,5,Major Collector,1,State Highway Agency,3,State Highway,SR-79 FALLS OF ROUGH RD,,137,137,37.53840000,37.53840000,-86.493713890,-86.49371389,0,No Special Jurisdiction,1,Rollover/Overturn,0,The First Harmful Event was Not a Collision with a Motor Vehicle in Transport,0,No,1,Non-Junction,1,Not an Intersection,0,None,,,4,On Roadside,1,Daylight,,,,,2,Rain,0,No,0000000,Not Applicable,18,6:00pm-6:59pm,11,11,18,6:00pm-6:59pm,24,24,18,6:00pm-6:59pm,37,37,,,,,,,1,
2022,21,210411,Kentucky,2,2,0,0,0,2,2,111,JEFFERSON (111),2090,LOUISVILLE,27,27,8,August,2022,7,Saturday,23,11:00pm-11:59pm,17,17,1,This section IS ON the NHS,2,Urban,3,Principal Arterial - Other,1,State Highway Agency,3,State Highway,SR-1865 NEW CUT RD,SR-1065 OUTER LOOP,12,12,38.12636111,38.12636111,-85.776172220,-85.77617222,0,No Special Jurisdiction,12,Motor Vehicle In-Transport,8,Sideswipe - Opposite Direction,0,No,2,Intersection,2,Four-Way Intersection,0,None,,,1,On Roadway,3,Dark - Lighted,,,,,1,Clear,0,No,0000000,Not Applicable,23,11:00pm-11:59pm,19,19,23,11:00pm-11:59pm,20,20,23,11:00pm-11:59pm,45,45,,,,,,,1,
2022,21,210412,Kentucky,2,2,0,0,0,2,2,199,PULASKI (199),3070,SOMERSET,3,3,8,August,2022,4,Wednesday,11,11:00am-11:59am,31,31,1,This section IS ON the NHS,1,Rural,3,Principal Arterial - Other,1,State Highway Agency,3,State Highway,SR-461,,12,12,37.17467222,37.17467222,-84.485538890,-84.48553889,0,No Special Jurisdiction,12,Motor Vehicle In-Transport,1,Front-to-Rear,0,No,1,Non-Junction,1,Not an Intersection,0,None,,,1,On Roadway,1,Daylight,,,,,1,Clear,0,No,0000000,Not Applicable,11,11:00am-11:59am,34,34,11,11:00am-11:59am,47,47,12,12:00pm-12:59pm,49,49,,,,,,,1,
2022,21,210413,Kentucky,1,1,0,0,0,1,1,109,JACKSON (109),2882,SANDGAP,26,26,8,August,2022,6,Friday,12,12:00pm-12:59pm,30,30,0,This section IS NOT on the NHS,1,Rural,4,Minor Arterial,1,State Highway Agency,2,U.S. Highway,US-421,,257,257,37.49600000,37.49600000,-84.142822220,-84.14282222,0,No Special Jurisdiction,1,Rollover/Overturn,0,The First Harmful Event was Not a Collision with a Motor Vehicle in Transport,0,No,1,Non-Junction,1,Not an Intersection,0,None,,,1,On Roadway,1,Daylight,,,,,2,Rain,0,No,0000000,Not Applicable,12,12:00pm-12:59pm,42,42,12,12:00pm-12:59pm,57,57,13,1:00pm-1:59pm,18,18,,,,,,,1,
2022,21,210414,Kentucky,1,1,0,0,0,3,3,101,HENDERSON (101),0,NOT APPLICABLE,17,17,7,July,2022,1,Sunday,4,4:00am-4:59am,36,36,0,This section IS NOT on the NHS,1,Rural,7,Local,2,County Highway Agency,4,County Road,CR-GREEN RIVER RD,,23,23,37.89809722,37.89809722,-87.494791670,-87.49479167,0,No Special Jurisdiction,34,Ditch,0,The First Harmful Event was Not a Collision with a Motor Vehicle in Transport,0,No,1,Non-Junction,1,Not an Intersection,0,None,,,4,On Roadside,3,Dark - Lighted,,,,,10,Cloudy,0,No,0000000,Not Applicable,4,4:00am-4:59am,42,42,4,4:00am-4:59am,56,56,5,5:00am-5:59am,45,45,,,,,,,1,
2022,21,210415,Kentucky,1,1,0,0,0,1,1,119,KNOTT (119),3282,TOPMOST,23,23,8,August,2022,3,Tuesday,11,11:00am-11:59am,27,27,0,This section IS NOT on the NHS,1,Rural,7,Local,2,County Highway Agency,4,County Road,CR-DRY CREEK RD,,21,21,37.33446944,37.33446944,-82.778552780,-82.77855278,0,No Special Jurisdiction,32,Culvert,0,The First Harmful Event was Not a Collision with a Motor Vehicle in Transport,0,No,1,Non-Junction,1,Not an Intersection,0,None,,,4,On Roadside,1,Daylight,,,,,1,Clear,0,No,0000000,Not Applicable,11,11:00am-11:59am,33,33,12,12:00pm-12:59pm,13,13,88,"Not Applicable (Not Transported) ",88,Not Applicable (Not Transported),,,,,,,1,
2022,21,210416,Kentucky,3,3,0,0,0,5,5,125,LAUREL (125),2040,LONDON,25,25,7,July,2022,2,Monday,22,10:00pm-10:59pm,58,58,1,This section IS ON the NHS,1,Rural,1,Interstate,1,State Highway Agency,1,Interstate,I-75,,382,382,37.11041667,37.11041667,-84.102180560,-84.10218056,0,No Special Jurisdiction,12,Motor Vehicle In-Transport,2,Front-to-Front,0,No,1,Non-Junction,1,Not an Intersection,0,None,,,1,On Roadway,2,Dark - Not Lighted,,,,,1,Clear,0,No,0000000,Not Applicable,22,10:00pm-10:59pm,58,58,23,11:00pm-11:59pm,3,3,23,11:00pm-11:59pm,41,41,,,,,,,3,
2022,21,210417,Kentucky,1,1,0,0,0,1,1,125,LAUREL (125),0,NOT APPLICABLE,19,19,5,May,2022,5,Thursday,16,4:00pm-4:59pm,15,15,0,This section IS NOT on the NHS,1,Rural,7,Local,2,County Highway Agency,4,County Road,CR- MAPLE GROVE RD,,29,29,37.06412222,37.06412222,-84.117108330,-84.11710833,0,No Special Jurisdiction,1,Rollover/Overturn,0,The First Harmful Event was Not a Collision with a Motor Vehicle in Transport,0,No,1,Non-Junction,1,Not an Intersection,0,None,,,4,On Roadside,1,Daylight,,,,,2,Rain,0,No,0000000,Not Applicable,16,4:00pm-4:59pm,14,14,16,4:00pm-4:59pm,20,20,16,4:00pm-4:59pm,35,35,,,,,,,1,
2022,21,210418,Kentucky,3,3,0,0,0,6,6,29,BULLITT (29),0,NOT APPLICABLE,25,25,7,July,2022,2,Monday,14,2:00pm-2:59pm,46,46,0,This section IS NOT on the NHS,2,Urban,4,Minor Arterial,1,State Highway Agency,3,State Highway,SR-1526 JOHN HARPER WAY,MORNINGSIDE DR,122,122,38.05807500,38.05807500,-85.687741670,-85.68774167,0,No Special Jurisdiction,12,Motor Vehicle In-Transport,8,Sideswipe - Opposite Direction,0,No,3,Intersection-Related,98,Not Reported,0,None,,,1,On Roadway,1,Daylight,,,,,1,Clear,0,No,0000000,Not Applicable,14,2:00pm-2:59pm,48,48,14,2:00pm-2:59pm,52,52,15,3:00pm-3:59pm,13,13,,,,,,,1,
2022,21,210419,Kentucky,1,1,0,0,0,1,1,233,WEBSTER (233),0,NOT APPLICABLE,29,29,6,June,2022,4,Wednesday,14,2:00pm-2:59pm,25,25,0,This section IS NOT on the NHS,1,Rural,6,Minor Collector,1,State Highway Agency,3,State Highway,SR-630,,31,31,37.48937778,37.48937778,-87.647686110,-87.64768611,0,No Special Jurisdiction,42,Tree (Standing Only),0,The First Harmful Event was Not a Collision with a Motor Vehicle in Transport,0,No,1,Non-Junction,1,Not an Intersection,0,None,,,4,On Roadside,1,Daylight,,,,,1,Clear,0,No,0000000,Not Applicable,14,2:00pm-2:59pm,28,28,14,2:00pm-2:59pm,39,39,88,"Not Applicable (Not Transported) ",88,Not Applicable (Not Transported),,,,,,,1,
2022,21,210420,Kentucky,3,3,0,0,0,3,3,53,CLINTON (53),0,NOT APPLICABLE,3,3,9,September,2022,7,Saturday,19,7:00pm-7:59pm,43,43,0,This section IS NOT on the NHS,1,Rural,4,Minor Arterial,1,State Highway Agency,3,State Highway,SR-90,SR-558,63,63,36.75336389,36.75336389,-85.118097220,-85.11809722,0,No Special Jurisdiction,12,Motor Vehicle In-Transport,6,Angle,0,No,2,Intersection,2,Four-Way Intersection,0,None,,,1,On Roadway,2,Dark - Not Lighted,,,,,10,Cloudy,0,No,0000000,Not Applicable,19,7:00pm-7:59pm,44,44,19,7:00pm-7:59pm,50,50,20,8:00pm-8:59pm,24,24,,,,,,,1,
2022,21,210421,Kentucky,1,1,0,0,0,4,4,67,FAYETTE (67),1980,LEXINGTON-FAYETTE,4,4,9,September,2022,1,Sunday,3,3:00am-3:59am,0,0,0,This section IS NOT on the NHS,1,Rural,5,Major Collector,1,State Highway Agency,3,State Highway,SR-57 BRYAN STATION RD,,22,22,38.07294444,38.07294444,-84.427394440,-84.42739444,0,No Special Jurisdiction,35,Embankment,0,The First Harmful Event was Not a Collision with a Motor Vehicle in Transport,0,No,1,Non-Junction,1,Not an Intersection,0,None,,,4,On Roadside,2,Dark - Not Lighted,,,,,2,Rain,0,No,0000000,Not Applicable,3,3:00am-3:59am,8,8,3,3:00am-3:59am,15,15,3,3:00am-3:59am,39,39,,,,,,,1,
2022,21,210422,Kentucky,2,2,0,0,0,2,2,53,CLINTON (53),0,NOT APPLICABLE,4,4,9,September,2022,1,Sunday,17,5:00pm-5:59pm,50,50,1,This section IS ON the NHS,1,Rural,3,Principal Arterial - Other,1,State Highway Agency,2,U.S. Highway,US-127,SR-553,61,61,36.68917778,36.68917778,-85.155733330,-85.15573333,0,No Special Jurisdiction,12,Motor Vehicle In-Transport,6,Angle,0,No,2,Intersection,98,Not Reported,0,None,,,1,On Roadway,1,Daylight,,,,,10,Cloudy,0,No,0000000,Not Applicable,18,6:00pm-6:59pm,0,0,18,6:00pm-6:59pm,2,2,18,6:00pm-6:59pm,17,17,,,,,,,1,
2022,21,210423,Kentucky,3,3,0,0,0,3,3,85,GRAYSON (85),0,NOT APPLICABLE,5,5,9,September,2022,2,Monday,12,12:00pm-12:59pm,34,34,1,This section IS ON the NHS,1,Rural,2,Principal Arterial - Other Freeways and Expressways,1,State Highway Agency,3,State Highway,SR-9001 WESTERN KENTUCKY PKWY,,951,951,37.41151667,37.41151667,-86.486638890,-86.48663889,0,No Special Jurisdiction,12,Motor Vehicle In-Transport,1,Front-to-Rear,0,No,1,Non-Junction,1,Not an Intersection,0,None,,,1,On Roadway,1,Daylight,,,,,1,Clear,0,No,0000000,Not Applicable,12,12:00pm-12:59pm,12,12,12,12:00pm-12:59pm,24,24,12,12:00pm-12:59pm,57,57,,,,,,,1,
2022,21,210424,Kentucky,1,1,0,0,0,1,1,103,HENRY (103),0,NOT APPLICABLE,6,6,9,September,2022,3,Tuesday,6,6:00am-6:59am,15,15,0,This section IS NOT on the NHS,1,Rural,6,Minor Collector,1,State Highway Agency,3,State Highway,SR-193 PORT ROYAL RD,,47,47,38.52706111,38.52706111,-85.129527780,-85.12952778,0,No Special Jurisdiction,38,Fence,0,The First Harmful Event was Not a Collision with a Motor Vehicle in Transport,0,No,1,Non-Junction,1,Not an Intersection,0,None,,,4,On Roadside,2,Dark - Not Lighted,,,,,5,"Fog, Smog, Smoke",0,No,0000000,Not Applicable,6,6:00am-6:59am,15,15,6,6:00am-6:59am,30,30,88,"Not Applicable (Not Transported) ",88,Not Applicable (Not Transported),,,,,,,1,
2022,21,210426,Kentucky,2,2,0,0,0,3,3,3,ALLEN (3),2910,SCOTTSVILLE,1,1,9,September,2022,5,Thursday,8,8:00am-8:59am,15,15,1,This section IS ON the NHS,1,Rural,3,Principal Arterial - Other,1,State Highway Agency,2,U.S. Highway,US-31 NEW GALLATIN RD,SR-100 FRANKLIN RD,74,74,36.73994167,36.73994167,-86.218772220,-86.21877222,0,No Special Jurisdiction,12,Motor Vehicle In-Transport,6,Angle,0,No,2,Intersection,2,Four-Way Intersection,0,None,,,1,On Roadway,1,Daylight,,,,,1,Clear,0,No,0000000,Not Applicable,8,8:00am-8:59am,17,17,8,8:00am-8:59am,19,19,9,9:00am-9:59am,44,44,,,,,,,1,
2022,21,210427,Kentucky,1,1,0,0,0,1,1,141,LOGAN (141),0,NOT APPLICABLE,8,8,9,September,2022,5,Thursday,2,2:00am-2:59am,16,16,1,This section IS ON the NHS,1,Rural,3,Principal Arterial - Other,1,State Highway Agency,2,U.S. Highway,US-79 CLARKSVILLE RD,,88,88,36.81594167,36.81594167,-86.931836110,-86.93183611,0,No Special Jurisdiction,1,Rollover/Overturn,0,The First Harmful Event was Not a Collision with a Motor Vehicle in Transport,0,No,1,Non-Junction,1,Not an Intersection,0,None,,,4,On Roadside,2,Dark - Not Lighted,,,,,1,Clear,0,No,0000000,Not Applicable,2,2:00am-2:59am,16,16,2,2:00am-2:59am,21,21,88,"Not Applicable (Not Transported) ",88,Not Applicable (Not Transported),,,,,,,1,
2022,21,210428,Kentucky,2,2,0,0,0,2,2,9,BARREN (9),0,NOT APPLICABLE,8,8,9,September,2022,5,Thursday,12,12:00pm-12:59pm,50,50,0,This section IS NOT on the NHS,1,Rural,4,Minor Arterial,1,State Highway Agency,3,State Highway,SR-90 HAPPY VALLEY RD,,15,15,37.11758333,37.11758333,-85.962822220,-85.96282222,0,No Special Jurisdiction,12,Motor Vehicle In-Transport,2,Front-to-Front,0,No,1,Non-Junction,1,Not an Intersection,0,None,,,1,On Roadway,1,Daylight,,,,,1,Clear,0,No,0000000,Not Applicable,12,12:00pm-12:59pm,30,30,12,12:00pm-12:59pm,41,41,88,"Not Applicable (Not Transported) ",88,Not Applicable (Not Transported),,,,,,,1,
2022,21,210429,Kentucky,2,2,0,0,0,2,2,209,SCOTT (209),1280,GEORGETOWN,9,9,9,September,2022,6,Friday,16,4:00pm-4:59pm,22,22,1,This section IS ON the NHS,2,Urban,3,Principal Arterial - Other,1,State Highway Agency,2,U.S. Highway,US-25 LEXINGTON RD,US-62 MCCKELLAND CIR,20,20,38.18329722,38.18329722,-84.561122220,-84.56112222,0,No Special Jurisdiction,12,Motor Vehicle In-Transport,6,Angle,0,No,2,Intersection,98,Not Reported,0,None,,,1,On Roadway,1,Daylight,,,,,1,Clear,0,No,0000000,Not Applicable,4,4:00am-4:59am,24,24,4,4:00am-4:59am,27,27,88,"Not Applicable (Not Transported) ",88,Not Applicable (Not Transported),,,,,,,1,
2022,21,210430,Kentucky,1,1,0,0,0,1,1,83,GRAVES (83),0,NOT APPLICABLE,10,10,9,September,2022,7,Saturday,1,1:00am-1:59am,50,50,0,This section IS NOT on the NHS,1,Rural,5,Major Collector,1,State Highway Agency,2,U.S. Highway,US-45,,123,123,36.70028056,36.70028056,-88.701327780,-88.70132778,0,No Special Jurisdiction,1,Rollover/Overturn,0,The First Harmful Event was Not a Collision with a Motor Vehicle in Transport,0,No,1,Non-Junction,1,Not an Intersection,0,None,,,4,On Roadside,2,Dark - Not Lighted,,,,,1,Clear,0,No,0000000,Not Applicable,2,2:00am-2:59am,4,4,2,2:00am-2:59am,10,10,88,"Not Applicable (Not Transported) ",88,Not Applicable (Not Transported),,,,,,,1,
2022,21,210431,Kentucky,1,1,0,0,0,4,4,111,JEFFERSON (111),2090,LOUISVILLE,10,10,9,September,2022,7,Saturday,2,2:00am-2:59am,22,22,0,This section IS NOT on the NHS,2,Urban,4,Minor Arterial,4,City or Municipal Highway Agency,6,Local Street - Municipality,ALGONQUIN PKWY,,2,2,38.22627500,38.22627500,-85.826002780,-85.82600278,0,No Special Jurisdiction,42,Tree (Standing Only),0,The First Harmful Event was Not a Collision with a Motor Vehicle in Transport,0,No,1,Non-Junction,1,Not an Intersection,0,None,,,4,On Roadside,3,Dark - Lighted,,,,,1,Clear,0,No,0000000,Not Applicable,2,2:00am-2:59am,22,22,2,2:00am-2:59am,37,37,3,3:00am-3:59am,5,5,,,,,,,1,