caseyear,state,st_case,statename,ve_total,ve_forms,pvh_invl,peds,pernotmvit,permvit,persons,county,countyname,city,cityname,day,dayname,month,monthname,year,day_week,day_weekname,hour,hourname,minute,minutename,nhs,nhsname,rur_urb,rur_urbname,func_sys,func_sysname,rd_owner,rd_ownername,route,routename,tway_id,tway_id2,milept,mileptname,latitude,latitudename,longitud,longitudname,sp_jur,sp_jurname,harm_ev,harm_evname,man_coll,man_collname,reljct1,reljct1name,reljct2,reljct2name,typ_int,typ_intname,wrk_zone,wrk_zonename,road_fnc,road_fncname,rel_road,rel_roadname,lgt_cond,lgt_condname,weather1,weather1name,weather2,weather2name,weather,weathername,sch_bus,sch_busname,rail,railname,not_hour,not_hourname,not_min,not_minname,arr_hour,arr_hourname,arr_min,arr_minname,hosp_hr,hosp_hrname,hosp_mn,hosp_mnname,cf1,cf1name,cf2,cf2name,cf3,cf3name,fatals,drunk_dr
2022,21,210432,Kentucky,1,1,0,0,0,1,1,111,JEFFERSON (111),2090,LOUISVILLE,7,7,9,September,2022,4,Wednesday,12,12:00pm-12:59pm,16,16,1,This section IS ON the NHS,2,Urban,1,Interstate,1,State Highway Agency,1,Interstate,I-265,,143,143,38.12076944,38.12076944,-85.629838890,-85.62983889,0,No Special Jurisdiction,93,Unknown Fixed Object,0,The First Harmful Event was Not a Collision with a Motor Vehicle in Transport,0,No,1,Non-Junction,1,Not an Intersection,0,None,,,4,On Roadside,1,Daylight,,,,,10,Cloudy,0,No,0000000,Not Applicable,12,12:00pm-12:59pm,17,17,12,12:00pm-12:59pm,22,22,12,12:00pm-12:59pm,59,59,,,,,,,1,
2022,21,210433,Kentucky,2,2,0,0,0,2,2,71,FLOYD (71),0,NOT APPLICABLE,12,12,9,September,2022,2,Monday,6,6:00am-6:59am,10,10,1,This section IS ON the NHS,1,Rural,3,Principal Arterial - Other,1,State Highway Agency,3,State Highway,SR-80,HENRYS BRANCH RD,63,63,37.53516111,37.53516111,-82.783166670,-82.78316667,0,No Special Jurisdiction,12,Motor Vehicle In-Transport,6,Angle,0,No,2,Intersection,3,T-Intersection,0,None,,,1,On Roadway,4,Dawn,,,,,1,Clear,0,No,0000000,Not Applicable,0,0:00am-0:59am,0,0,0,0:00am-0:59am,0,0,0,0:00am-0:59am,0,0,,,,,,,1,
2022,21,210434,Kentucky,1,1,0,1,1,1,1,49,CLARK (49),0,NOT APPLICABLE,6,6,9,September,2022,3,Tuesday,10,10:00am-10:59am,40,40,1,This section IS ON the NHS,1,Rural,2,Principal Arterial - Other Freeways and Expressways,1,State Highway Agency,3,State Highway,SR-9000 MOUNTAIN PKWY,,41,41,37.98524722,37.98524722,-84.094058330,-84.09405833,0,No Special Jurisdiction,8,Pedestrian,0,The First Harmful Event was Not a Collision with a Motor Vehicle in Transport,0,No,1,Non-Junction,1,Not an Intersection,0,None,,,1,On Roadway,1,Daylight,,,,,1,Clear,0,No,0000000,Not Applicable,0,0:00am-0:59am,0,0,0,0:00am-0:59am,0,0,88,"Not Applicable (Not Transported) ",88,Not Applicable (Not Transported),,,,,,,1,
2022,21,210435,Kentucky,1,1,0,0,0,1,1,201,ROBERTSON (201),0,NOT APPLICABLE,13,13,9,September,2022,3,Tuesday,17,5:00pm-5:59pm,55,55,0,This section IS NOT on the NHS,1,Rural,6,Minor Collector,1,State Highway Agency,3,State Highway,SR-1029 BLUE LICK RD,,0,None,38.46076944,38.46076944,-83.991641670,-83.99164167,0,No Special Jurisdiction,35,Embankment,0,The First Harmful Event was Not a Collision with a Motor Vehicle in Transport,0,No,1,Non-Junction,1,Not an Intersection,0,None,,,4,On Roadside,1,Daylight,,,,,1,Clear,0,No,0000000,Not Applicable,18,6:00pm-6:59pm,2,2,18,6:00pm-6:59pm,16,16,88,"Not Applicable (Not Transported) ",88,Not Applicable (Not Transported),,,,,,,1,
2022,21,210436,Kentucky,1,1,0,1,1,1,1,151,MADISON (151),270,BEREA,13,13,9,September,2022,3,Tuesday,18,6:00pm-6:59pm,7,7,0,This section IS NOT on the NHS,2,Urban,4,Minor Arterial,1,State Highway Agency,3,State Highway,SR-21 BIG HILL RD,,104,104,37.56525000,37.56525000,-84.269350000,-84.26935000,0,No Special Jurisdiction,8,Pedestrian,0,The First Harmful Event was Not a Collision with a Motor Vehicle in Transport,0,No,1,Non-Junction,1,Not an Intersection,0,None,,,1,On Roadway,1,Daylight,,,,,1,Clear,0,No,0000000,Not Applicable,18,6:00pm-6:59pm,7,7,18,6:00pm-6:59pm,14,14,19,7:00pm-7:59pm,37,37,,,,,,,1,
2022,21,210437,Kentucky,2,2,0,0,0,3,3,151,MADISON (151),0,NOT APPLICABLE,14,14,9,September,2022,4,Wednesday,16,4:00pm-4:59pm,28,28,0,This section IS NOT on the NHS,1,Rural,4,Minor Arterial,1,State Highway Agency,3,State Highway,SR-52 LANCASTER RD,,73,73,37.69461389,37.69461389,-84.328816670,-84.32881667,0,No Special Jurisdiction,12,Motor Vehicle In-Transport,2,Front-to-Front,0,No,1,Non-Junction,1,Not an Intersection,0,None,,,1,On Roadway,1,Daylight,,,,,1,Clear,0,No,0000000,Not Applicable,15,3:00pm-3:59pm,51,51,15,3:00pm-3:59pm,56,56,16,4:00pm-4:59pm,52,52,,,,,,,2,
2022,21,210438,Kentucky,2,2,0,0,0,2,2,111,JEFFERSON (111),2090,LOUISVILLE,16,16,9,September,2022,6,Friday,20,8:00pm-8:59pm,14,14,0,This section IS NOT on the NHS,2,Urban,4,Minor Arterial,1,State Highway Agency,3,State Highway,SR-3082 BANK ST,35TH ST,2,2,38.27236111,38.27236111,-85.804775000,-85.80477500,0,No Special Jurisdiction,12,Motor Vehicle In-Transport,6,Angle,0,No,2,Intersection,2,Four-Way Intersection,0,None,,,1,On Roadway,1,Daylight,,,,,1,Clear,0,No,0000000,Not Applicable,20,8:00pm-8:59pm,15,15,0,0:00am-0:59am,0,0,20,8:00pm-8:59pm,45,45,,,,,,,1,
2022,21,210439,Kentucky,1,1,0,0,0,4,4,111,JEFFERSON (111),2090,LOUISVILLE,16,16,9,September,2022,6,Friday,22,10:00pm-10:59pm,10,10,0,This section IS NOT on the NHS,2,Urban,4,Minor Arterial,1,State Highway Agency,3,State Highway,SR-907 3RD ST RD,,51,51,38.13301111,38.13301111,-85.790458330,-85.79045833,0,No Special Jurisdiction,93,Unknown Fixed Object,0,The First Harmful Event was Not a Collision with a Motor Vehicle in Transport,0,No,1,Non-Junction,1,Not an Intersection,0,None,,,4,On Roadside,2,Dark - Not Lighted,,,,,1,Clear,0,No,0000000,Not Applicable,22,10:00pm-10:59pm,11,11,22,10:00pm-10:59pm,12,12,23,11:00pm-11:59pm,10,10,,,,,,,1,
2022,21,210440,Kentucky,3,3,0,0,0,4,4,223,TRIMBLE (223),0,NOT APPLICABLE,17,17,9,September,2022,7,Saturday,11,11:00am-11:59am,0,0,0,This section IS NOT on the NHS,1,Rural,4,Minor Arterial,1,State Highway Agency,2,U.S. Highway,US-42,SR-3175 BEDFORD RD,65,65,38.57207500,38.57207500,-85.323494440,-85.32349444,0,No Special Jurisdiction,12,Motor Vehicle In-Transport,9,Rear-to-Side,0,No,3,Intersection-Related,98,Not Reported,0,None,,,1,On Roadway,1,Daylight,,,,,1,Clear,0,No,0000000,Not Applicable,11,11:00am-11:59am,5,5,11,11:00am-11:59am,11,11,0,0:00am-0:59am,0,0,,,,,,,1,
2022,21,210441,Kentucky,1,1,0,0,0,1,1,195,PIKE (195),3199,STOPOVER,17,17,9,September,2022,7,Saturday,16,4:00pm-4:59pm,52,52,0,This section IS NOT on the NHS,1,Rural,5,Major Collector,1,State Highway Agency,3,State Highway,SR-194,,701,701,37.49676944,37.49676944,-82.056700000,-82.05670000,0,No Special Jurisdiction,52,Guardrail End,0,The First Harmful Event was Not a Collision with a Motor Vehicle in Transport,0,No,1,Non-Junction,1,Not an Intersection,0,None,,,4,On Roadside,1,Daylight,,,,,1,Clear,0,No,0000000,Not Applicable,16,4:00pm-4:59pm,56,56,18,6:00pm-6:59pm,10,10,88,"Not Applicable (Not Transported) ",88,Not Applicable (Not Transported),,,,,,,1,
2022,21,210442,Kentucky,1,1,0,0,0,1,1,141,LOGAN (141),0,NOT APPLICABLE,17,17,9,September,2022,7,Saturday,23,11:00pm-11:59pm,35,35,1,This section IS ON the NHS,1,Rural,3,Principal Arterial - Other,1,State Highway Agency,2,U.S. Highway,US--68 HOPKINSVILLE RD,,3,3,36.80606667,36.80606667,-87.053063890,-87.05306389,0,No Special Jurisdiction,1,Rollover/Overturn,0,The First Harmful Event was Not a Collision with a Motor Vehicle in Transport,0,No,1,Non-Junction,1,Not an Intersection,0,None,,,3,On Median,2,Dark - Not Lighted,,,,,1,Clear,0,No,0000000,Not Applicable,22,10:00pm-10:59pm,52,52,22,10:00pm-10:59pm,55,55,88,"Not Applicable (Not Transported) ",88,Not Applicable (Not Transported),,,,,,,1,
2022,21,210443,Kentucky,1,1,0,1,1,1,1,81,GRANT (81),820,CRITTENDEN,18,18,9,September,2022,1,Sunday,1,1:00am-1:59am,19,19,0,This section IS NOT on the NHS,1,Rural,5,Major Collector,1,State Highway Agency,2,U.S. Highway,US-25,,229,229,38.78155278,38.78155278,-84.605911110,-84.60591111,0,No Special Jurisdiction,8,Pedestrian,0,The First Harmful Event was Not a Collision with a Motor Vehicle in Transport,0,No,1,Non-Junction,1,Not an Intersection,0,None,,,1,On Roadway,2,Dark - Not Lighted,,,,,1,Clear,0,No,0000000,Not Applicable,1,1:00am-1:59am,29,29,1,1:00am-1:59am,30,30,1,1:00am-1:59am,56,56,,,,,,,1,
2022,21,210444,Kentucky,1,1,0,0,0,1,1,11,BATH (11),0,NOT APPLICABLE,17,17,9,September,2022,7,Saturday,20,8:00pm-8:59pm,59,59,0,This section IS NOT on the NHS,1,Rural,5,Major Collector,1,State Highway Agency,3,State Highway,SR-36,,223,223,38.04188056,38.04188056,-83.651702780,-83.65170278,0,No Special Jurisdiction,53,Mail Box,0,The First Harmful Event was Not a Collision with a Motor Vehicle in Transport,0,No,1,Non-Junction,1,Not an Intersection,0,None,,,4,On Roadside,2,Dark - Not Lighted,,,,,1,Clear,0,No,0000000,Not Applicable,20,8:00pm-8:59pm,59,59,21,9:00pm-9:59pm,10,10,88,"Not Applicable (Not Transported) ",88,Not Applicable (Not Transported),,,,,,,1,
2022,21,210445,Kentucky,2,2,0,0,0,2,2,15,BOONE (15),0,NOT APPLICABLE,19,19,9,September,2022,2,Monday,8,8:00am-8:59am,12,12,1,This section IS ON the NHS,2,Urban,3,Principal Arterial - Other,1,State Highway Agency,3,State Highway,SR-237 N BEND RD,,82,82,39.04991944,39.04991944,-84.704652780,-84.70465278,0,No Special Jurisdiction,12,Motor Vehicle In-Transport,7,Sideswipe - Same Direction,0,No,1,Non-Junction,1,Not an Intersection,0,None,,,1,On Roadway,1,Daylight,,,,,10,Cloudy,0,No,0000000,Not Applicable,8,8:00am-8:59am,12,12,8,8:00am-8:59am,14,14,88,"Not Applicable (Not Transported) ",88,Not Applicable (Not Transported),,,,,,,1,
2022,21,210446,Kentucky,2,2,0,0,0,3,3,111,JEFFERSON (111),2090,LOUISVILLE,19,19,9,September,2022,2,Monday,22,10:00pm-10:59pm,59,59,1,This section IS ON the NHS,2,Urban,3,Principal Arterial - Other,1,State Highway Agency,3,State Highway,SR-1747 S HURSTBOURNE PKWY,,61,61,38.15900556,38.15900556,-85.625591670,-85.62559167,0,No Special Jurisdiction,33,Curb,0,The First Harmful Event was Not a Collision with a Motor Vehicle in Transport,0,No,1,Non-Junction,1,Not an Intersection,0,None,,,3,On Median,2,Dark - Not Lighted,,,,,1,Clear,0,No,0000000,Not Applicable,23,11:00pm-11:59pm,1,1,23,11:00pm-11:59pm,6,6,88,"Not Applicable (Not Transported) ",88,Not Applicable (Not Transported),,,,,,,1,
2022,21,210447,Kentucky,2,2,0,0,0,2,2,111,JEFFERSON (111),2090,LOUISVILLE,18,18,9,September,2022,1,Sunday,3,3:00am-3:59am,27,27,0,This section IS NOT on the NHS,2,Urban,4,Minor Arterial,1,State Highway Agency,3,State Highway,SR-1065 OUTER LOOP,,47,47,38.13693333,38.13693333,-85.709441670,-85.70944167,0,No Special Jurisdiction,12,Motor Vehicle In-Transport,6,Angle,1,Yes,5,Entrance/Exit Ramp Related,1,Not an Intersection,0,None,,,1,On Roadway,3,Dark - Lighted,,,,,1,Clear,0,No,0000000,Not Applicable,3,3:00am-3:59am,27,27,3,3:00am-3:59am,33,33,4,4:00am-4:59am,18,18,,,,,,,1,
2022,21,210448,Kentucky,1,1,0,0,0,1,1,151,MADISON (151),0,NOT APPLICABLE,20,20,9,September,2022,3,Tuesday,13,1:00pm-1:59pm,36,36,1,This section IS ON the NHS,1,Rural,3,Principal Arterial - Other,1,State Highway Agency,3,State Highway,SR-627 BOONESBOROUGH RD,,42,42,37.88502778,37.88502778,-84.286847220,-84.28684722,0,No Special Jurisdiction,32,Culvert,0,The First Harmful Event was Not a Collision with a Motor Vehicle in Transport,0,No,1,Non-Junction,1,Not an Intersection,0,None,,,4,On Roadside,1,Daylight,,,,,1,Clear,0,No,0000000,Not Applicable,13,1:00pm-1:59pm,38,38,13,1:00pm-1:59pm,43,43,88,"Not Applicable (Not Transported) ",88,Not Applicable (Not Transported),,,,,,,1,
2022,21,210449,Kentucky,2,2,0,0,0,6,6,9,BARREN (9),0,NOT APPLICABLE,20,20,9,September,2022,3,Tuesday,20,8:00pm-8:59pm,2,2,0,This section IS NOT on the NHS,1,Rural,4,Minor Arterial,1,State Highway Agency,3,State Highway,SR-90 HAPPY VALLEY RD,,27,27,37.10324722,37.10324722,-85.972336110,-85.97233611,0,No Special Jurisdiction,12,Motor Vehicle In-Transport,2,Front-to-Front,0,No,1,Non-Junction,1,Not an Intersection,0,None,,,1,On Roadway,2,Dark - Not Lighted,,,,,1,Clear,0,No,0000000,Not Applicable,20,8:00pm-8:59pm,2,2,20,8:00pm-8:59pm,5,5,20,8:00pm-8:59pm,27,27,,,,,,,3,
2022,21,210450,Kentucky,1,1,0,0,0,1,1,99,HART (99),0,NOT APPLICABLE,21,21,9,September,2022,4,Wednesday,13,1:00pm-1:59pm,53,53,0,This section IS NOT on the NHS,1,Rural,5,Major Collector,1,State Highway Agency,2,U.S. Highway,US-31 DIXIE HWY,,150,150,37.33295278,37.33295278,-85.908666670,-85.90866667,0,No Special Jurisdiction,42,Tree (Standing Only),0,The First Harmful Event was Not a Collision with a Motor Vehicle in Transport,0,No,1,Non-Junction,1,Not an Intersection,0,None,,,4,On Roadside,1,Daylight,,,,,1,Clear,0,No,0000000,Not Applicable,13,1:00pm-1:59pm,54,54,14,2:00pm-2:59pm,1,1,88,"Not Applicable (Not Transported) ",88,Not Applicable (Not Transported),,,,,,,1,
2022,21,210451,Kentucky,2,2,0,0,0,2,2,177,MUHLENBERG (177),1360,GREENVILLE,2,2,9,September,2022,6,Friday,0,0:00am-0:59am,20,20,0,This section IS NOT on the NHS,2,Urban,4,Minor Arterial,1,State Highway Agency,2,U.S. Highway,US-62 HOPKINSVILLE ST,,96,96,37.19683611,37.19683611,-87.190213890,-87.19021389,0,No Special Jurisdiction,12,Motor Vehicle In-Transport,6,Angle,0,No,1,Non-Junction,1,Not an Intersection,0,None,,,1,On Roadway,3,Dark - Lighted,,,,,1,Clear,0,No,0000000,Not Applicable,0,0:00am-0:59am,21,21,0,0:00am-0:59am,33,33,0,0:00am-0:59am,33,33,,,,,,,1,
2022,21,210452,Kentucky,1,1,0,0,0,2,2,105,HICKMAN (105),0,NOT APPLICABLE,7,7,9,September,2022,4,Wednesday,20,8:00pm-8:59pm,50,50,0,This section IS NOT on the NHS,1,Rural,6,Minor Collector,1,State Highway Agency,3,State Highway,SR-123,,31,31,36.68518611,36.68518611,-88.923736110,-88.92373611,0,No Special Jurisdiction,34,Ditch,0,The First Harmful Event was Not a Collision with a Motor Vehicle in Transport,0,No,1,Non-Junction,1,Not an Intersection,0,None,,,4,On Roadside,2,Dark - Not Lighted,,,,,1,Clear,0,No,0000000,Not Applicable,20,8:00pm-8:59pm,51,51,21,9:00pm-9:59pm,5,5,88,"Not Applicable (Not Transported) ",88,Not Applicable (Not Transported),,,,,,,1,
2022,21,210453,Kentucky,1,1,0,0,0,1,1,107,HOPKINS (107),0,NOT APPLICABLE,12,12,9,September,2022,2,Monday,10,10:00am-10:59am,44,44,0,This section IS NOT on the NHS,1,Rural,6,Minor Collector,1,State Highway Agency,3,State Highway,SR-70 BEULAH RD,,5,5,37.27588333,37.27588333,-87.790488890,-87.79048889,0,No Special Jurisdiction,93,Unknown Fixed Object,0,The First Harmful Event was Not a Collision with a Motor Vehicle in Transport,0,No,1,Non-Junction,1,Not an Intersection,0,None,,,4,On Roadside,1,Daylight,,,,,1,Clear,0,No,0000000,Not Applicable,10,10:00am-10:59am,48,48,11,11:00am-11:59am,12,12,11,11:00am-11:59am,46,46,,,,,,,1,
2022,21,210454,Kentucky,1,1,0,0,0,1,1,31,BUTLER (31),0,NOT APPLICABLE,13,13,9,September,2022,3,Tuesday,14,2:00pm-2:59pm,11,11,1,This section IS ON the NHS,1,Rural,1,Interstate,1,State Highway Agency,2,U.S. Highway,US-231 BEAVER DAM RD,SR-9007,0,None,37.29867778,37.29867778,-86.737408330,-86.73740833,0,No Special Jurisdiction,38,Fence,0,The First Harmful Event was Not a Collision with a Motor Vehicle in Transport,1,Yes,3,Intersection-Related,3,T-Intersection,0,None,,,8,Gore,1,Daylight,,,,,1,Clear,0,No,0000000,Not Applicable,14,2:00pm-2:59pm,11,11,14,2:00pm-2:59pm,18,18,88,"Not Applicable (Not Transported) ",88,Not Applicable (Not Transported),,,,,,,1,
2022,21,210455,Kentucky,1,1,0,0,0,1,1,103,HENRY (103),0,NOT APPLICABLE,14,14,9,September,2022,4,Wednesday,17,5:00pm-5:59pm,59,59,0,This section IS NOT on the NHS,1,Rural,6,Minor Collector,1,State Highway Agency,3,State Highway,SR-202 DRENNON RD,,96,96,38.51263056,38.51263056,-85.037277780,-85.03727778,0,No Special Jurisdiction,93,Unknown Fixed Object,0,The First Harmful Event was Not a Collision with a Motor Vehicle in Transport,0,No,1,Non-Junction,1,Not an Intersection,0,None,,,4,On Roadside,1,Daylight,,,,,1,Clear,0,No,0000000,Not Applicable,18,6:00pm-6:59pm,1,1,18,6:00pm-6:59pm,17,17,88,"Not Applicable (Not Transported) ",88,Not Applicable (Not Transported),,,,,,,1,
2022,21,210456,Kentucky,1,1,0,0,0,1,1,225,UNION (225),3310,UNIONTOWN,16,16,9,September,2022,6,Friday,13,1:00pm-1:59pm,20,20,0,This section IS NOT on the NHS,1,Rural,7,Local,1,State Highway Agency,3,State Highway,SR-130 MILL ST,,157,157,37.77119722,37.77119722,-87.938569440,-87.93856944,0,No Special Jurisdiction,43,Other Fixed Object,0,The First Harmful Event was Not a Collision with a Motor Vehicle in Transport,0,No,1,Non-Junction,1,Not an Intersection,0,None,,,4,On Roadside,1,Daylight,,,,,1,Clear,0,No,0000000,Not Applicable,13,1:00pm-1:59pm,22,22,13,1:00pm-1:59pm,31,31,88,"Not Applicable (Not Transported) ",88,Not Applicable (Not Transported),,,,,,,1,
2022,21,210457,Kentucky,3,3,0,0,0,3,3,101,HENDERSON (101),0,NOT APPLICABLE,22,22,9,September,2022,5,Thursday,11,11:00am-11:59am,31,31,1,This section IS ON the NHS,2,Urban,3,Principal Arterial - Other,1,State Highway Agency,2,U.S. Highway,US-41,,209,209,37.92044722,37.92044722,-87.549188890,-87.54918889,0,No Special Jurisdiction,24,Guardrail Face,0,The First Harmful Event was Not a Collision with a Motor Vehicle in Transport,1,Yes,19,Other location within Interchange Area,1,Not an Intersection,0,None,,,4,On Roadside,1,Daylight,,,,,1,Clear,0,No,0000000,Not Applicable,11,11:00am-11:59am,32,32,11,11:00am-11:59am,32,32,11,11:00am-11:59am,32,32,,,,,,,1,
2022,21,210458,Kentucky,2,2,0,0,0,2,2,217,TAYLOR (217),0,NOT APPLICABLE,23,23,9,September,2022,6,Friday,7,7:00am-7:59am,18,18,0,This section IS NOT on the NHS,1,Rural,7,Local,1,State Highway Agency,3,State Highway,SR-323 BENGAL RD,,50,50,37.35153333,37.35153333,-85.400480560,-85.40048056,0,No Special Jurisdiction,12,Motor Vehicle In-Transport,1,Front-to-Rear,0,No,8,Driveway Access Related,1,Not an Intersection,0,None,,,1,On Roadway,1,Daylight,,,,,1,Clear,0,No,0000000,Not Applicable,7,7:00am-7:59am,53,53,8,8:00am-8:59am,2,2,88,"Not Applicable (Not Transported) ",88,Not Applicable (Not Transported),,,,,,,1,
2022,21,210459,Kentucky,1,1,0,0,0,1,1,173,MONTGOMERY (173),1741,JEFFERSONVILLE,24,24,9,September,2022,7,Saturday,17,5:00pm-5:59pm,1,1,0,This section IS NOT on the NHS,1,Rural,4,Minor Arterial,1,State Highway Agency,2,U.S. Highway,US-460 MAIN ST,,203,203,37.96310833,37.96310833,-83.800777780,-83.80077778,0,No Special Jurisdiction,35,Embankment,0,The First Harmful Event was Not a Collision with a Motor Vehicle in Transport,0,No,1,Non-Junction,1,Not an Intersection,0,None,,,4,On Roadside,1,Daylight,,,,,1,Clear,0,No,0000000,Not Applicable,17,5:00pm-5:59pm,2,2,17,5:00pm-5:59pm,16,16,88,"Not Applicable (Not Transported) ",88,Not Applicable (Not Transported),,,,,,,1,
2022,21,210460,Kentucky,2,2,0,0,0,2,2,111,JEFFERSON (111),2090,LOUISVILLE,25,25,9,September,2022,1,Sunday,19,7:00pm-7:59pm,50,50,1,This section IS ON the NHS,2,Urban,3,Principal Arterial - Other,1,State Highway Agency,3,State Highway,SR-1865 NEW CUT RD,,22,22,38.13923333,38.13923333,-85.773880560,-85.77388056,0,No Special Jurisdiction,12,Motor Vehicle In-Transport,6,Angle,0,No,4,Driveway Access,1,Not an Intersection,0,None,,,1,On Roadway,3,Dark - Lighted,,,,,1,Clear,0,No,0000000,Not Applicable,19,7:00pm-7:59pm,51,51,19,7:00pm-7:59pm,57,57,20,8:00pm-8:59pm,41,41,,,,,,,1,
2022,21,210461,Kentucky,2,2,0,0,0,3,3,195,PIKE (195),1010,ELKHORN CITY,26,26,9,September,2022,2,Monday,7,7:00am-7:59am,59,59,0,This section IS NOT on the NHS,1,Rural,5,Major Collector,1,State Highway Agency,3,State Highway,SR-197 W RUSSEL ST,,162,162,37.29914444,37.29914444,-82.354897220,-82.35489722,0,No Special Jurisdiction,12,Motor Vehicle In-Transport,8,Sideswipe - Opposite Direction,0,No,1,Non-Junction,1,Not an Intersection,0,None,,,1,On Roadway,1,Daylight,,,,,1,Clear,1,Yes,0000000,Not Applicable,8,8:00am-8:59am,30,30,8,8:00am-8:59am,56,56,88,"Not Applicable (Not Transported) ",88,Not Applicable (Not Transported),,,,,,,1,
2022,21,210462,Kentucky,2,2,0,0,0,2,2,71,FLOYD (71),2670,PRESTONSBURG,26,26,9,September,2022,2,Monday,10,10:00am-10:59am,24,24,1,This section IS ON the NHS,1,Rural,3,Principal Arterial - Other,1,State Highway Agency,2,U.S. Highway,US-23,SR-1428 UNIVERSITY DR,178,178,37.68663611,37.68663611,-82.789833330,-82.78983333,0,No Special Jurisdiction,12,Motor Vehicle In-Transport,6,Angle,0,No,2,Intersection,3,T-Intersection,0,None,,,1,On Roadway,1,Daylight,,,,,1,Clear,0,No,0000000,Not Applicable,10,10:00am-10:59am,32,32,10,10:00am-10:59am,36,36,10,10:00am-10:59am,58,58,,,,,,,1,
2022,21,210463,Kentucky,2,2,0,0,0,4,4,207,RUSSELL (207),0,NOT APPLICABLE,26,26,9,September,2022,2,Monday,17,5:00pm-5:59pm,18,18,0,This section IS NOT on the NHS,1,Rural,5,Major Collector,1,State Highway Agency,3,State Highway,SR-80,FOLEY DR,50,50,37.07179444,37.07179444,-85.053847220,-85.05384722,0,No Special Jurisdiction,12,Motor Vehicle In-Transport,6,Angle,0,No,2,Intersection,3,T-Intersection,0,None,,,1,On Roadway,1,Daylight,,,,,1,Clear,0,No,0000000,Not Applicable,17,5:00pm-5:59pm,12,12,17,5:00pm-5:59pm,20,20,17,5:00pm-5:59pm,58,58,,,,,,,1,
2022,21,210465,Kentucky,1,1,0,1,1,1,1,111,JEFFERSON (111),2090,LOUISVILLE,24,24,9,September,2022,7,Saturday,7,7:00am-7:59am,7,7,1,This section IS ON the NHS,2,Urban,3,Principal Arterial - Other,1,State Highway Agency,3,State Highway,SR-1747 HURTBOURNE PKWY,,73,73,38.16642500,38.16642500,-85.606822220,-85.60682222,0,No Special Jurisdiction,8,Pedestrian,0,The First Harmful Event was Not a Collision with a Motor Vehicle in Transport,0,No,1,Non-Junction,1,Not an Intersection,0,None,,,1,On Roadway,4,Dawn,,,,,1,Clear,0,No,0000000,Not Applicable,7,7:00am-7:59am,11,11,7,7:00am-7:59am,15,15,8,8:00am-8:59am,6,6,,,,,,,1,
2022,21,210466,Kentucky,3,3,0,0,0,3,3,81,GRANT (81),0,NOT APPLICABLE,27,27,9,September,2022,3,Tuesday,16,4:00pm-4:59pm,34,34,0,This section IS NOT on the NHS,1,Rural,6,Minor Collector,1,State Highway Agency,3,State Highway,SR-330 CORNITH RD,,40,40,38.50237778,38.50237778,-84.552188890,-84.55218889,0,No Special Jurisdiction,12,Motor Vehicle In-Transport,8,Sideswipe - Opposite Direction,0,No,1,Non-Junction,1,Not an Intersection,0,None,,,1,On Roadway,1,Daylight,,,,,1,Clear,0,No,0000000,Not Applicable,16,4:00pm-4:59pm,38,38,16,4:00pm-4:59pm,48,48,0,0:00am-0:59am,0,0,,,,,,,1,
2022,21,210468,Kentucky,1,1,0,0,0,1,1,59,DAVIESS (59),0,NOT APPLICABLE,17,17,9,September,2022,7,Saturday,19,7:00pm-7:59pm,20,20,0,This section IS NOT on the NHS,1,Rural,6,Minor Collector,1,State Highway Agency,3,State Highway,SR-657,,6,6,37.82980833,37.82980833,-86.900405560,-86.90040556,0,No Special Jurisdiction,93,Unknown Fixed Object,0,The First Harmful Event was Not a Collision with a Motor Vehicle in Transport,0,No,1,Non-Junction,1,Not an Intersection,0,None,,,4,On Roadside,2,Dark - Not Lighted,,,,,1,Clear,0,No,0000000,Not Applicable,19,7:00pm-7:59pm,20,20,19,7:00pm-7:59pm,36,36,20,8:00pm-8:59pm,8,8,,,,,,,1,
2022,21,210469,Kentucky,3,3,0,0,0,4,4,111,JEFFERSON (111),2090,LOUISVILLE,23,23,9,September,2022,6,Friday,7,7:00am-7:59am,2,2,1,This section IS ON the NHS,2,Urban,1,Interstate,1,State Highway Agency,1,Interstate,I-65,,1253,1253,38.11704722,38.11704722,-85.701822220,-85.70182222,0,No Special Jurisdiction,12,Motor Vehicle In-Transport,9,Rear-to-Side,1,Yes,18,Through Roadway,1,Not an Intersection,0,None,,,1,On Roadway,4,Dawn,,,,,10,Cloudy,0,No,0000000,Not Applicable,7,7:00am-7:59am,12,12,7,7:00am-7:59am,24,24,7,7:00am-7:59am,58,58,,,,,,,1,
2022,21,210470,Kentucky,1,1,0,1,1,1,1,135,LEWIS (135),3279,TOLLESBORO,29,29,9,September,2022,5,Thursday,8,8:00am-8:59am,48,48,1,This section IS ON the NHS,1,Rural,3,Principal Arterial - Other,1,State Highway Agency,3,State Highway,SR-9,,281,281,38.55275833,38.55275833,-83.580666670,-83.58066667,0,No Special Jurisdiction,8,Pedestrian,0,The First Harmful Event was Not a Collision with a Motor Vehicle in Transport,0,No,1,Non-Junction,1,Not an Intersection,1,Construction,,,2,On Shoulder,1,Daylight,,,,,10,Cloudy,0,No,0000000,Not Applicable,8,8:00am-8:59am,42,42,8,8:00am-8:59am,55,55,9,9:00am-9:59am,31,31,,,,,,,1,