caseyear,state,st_case,statename,ve_total,ve_forms,pvh_invl,peds,pernotmvit,permvit,persons,county,countyname,city,cityname,day,dayname,month,monthname,year,day_week,day_weekname,hour,hourname,minute,minutename,nhs,nhsname,rur_urb,rur_urbname,func_sys,func_sysname,rd_owner,rd_ownername,route,routename,tway_id,tway_id2,milept,mileptname,latitude,latitudename,longitud,longitudname,sp_jur,sp_jurname,harm_ev,harm_evname,man_coll,man_collname,reljct1,reljct1name,reljct2,reljct2name,typ_int,typ_intname,wrk_zone,wrk_zonename,road_fnc,road_fncname,rel_road,rel_roadname,lgt_cond,lgt_condname,weather1,weather1name,weather2,weather2name,weather,weathername,sch_bus,sch_busname,rail,railname,not_hour,not_hourname,not_min,not_minname,arr_hour,arr_hourname,arr_min,arr_minname,hosp_hr,hosp_hrname,hosp_mn,hosp_mnname,cf1,cf1name,cf2,cf2name,cf3,cf3name,fatals,drunk_dr
2022,21,210508,Kentucky,2,2,0,0,0,2,2,231,WAYNE (231),0,NOT APPLICABLE,6,6,10,October,2022,5,Thursday,16,4:00pm-4:59pm,54,54,0,This section IS NOT on the NHS,1,Rural,6,Minor Collector,1,State Highway Agency,3,State Highway,SR-1275,,56,56,36.88035000,36.88035000,-84.836916670,-84.83691667,0,No Special Jurisdiction,12,Motor Vehicle In-Transport,2,Front-to-Front,0,No,1,Non-Junction,1,Not an Intersection,0,None,,,1,On Roadway,1,Daylight,,,,,1,Clear,0,No,0000000,Not Applicable,16,4:00pm-4:59pm,18,18,16,4:00pm-4:59pm,26,26,16,4:00pm-4:59pm,48,48,,,,,,,1,
2022,21,210509,Kentucky,1,1,0,1,1,1,1,111,JEFFERSON (111),2090,LOUISVILLE,5,5,10,October,2022,4,Wednesday,19,7:00pm-7:59pm,43,43,0,This section IS NOT on the NHS,2,Urban,7,Local,1,State Highway Agency,2,U.S. Highway,US-60 BERRY BLVD,GEORGETOWN PL,99998,Not Reported,38.19661667,38.19661667,-85.793330560,-85.79333056,0,No Special Jurisdiction,8,Pedestrian,0,The First Harmful Event was Not a Collision with a Motor Vehicle in Transport,0,No,3,Intersection-Related,98,Not Reported,0,None,,,1,On Roadway,5,Dusk,,,,,1,Clear,0,No,0000000,Not Applicable,19,7:00pm-7:59pm,45,45,19,7:00pm-7:59pm,49,49,88,"Not Applicable (Not Transported) ",88,Not Applicable (Not Transported),,,,,,,1,
2022,21,210510,Kentucky,2,2,0,0,0,2,2,87,GREEN (87),1340,GREENSBURG,7,7,10,October,2022,6,Friday,13,1:00pm-1:59pm,7,7,0,This section IS NOT on the NHS,1,Rural,4,Minor Arterial,1,State Highway Agency,2,U.S. Highway,US-68,US-61,142,142,37.27111111,37.27111111,-85.496130560,-85.49613056,0,No Special Jurisdiction,12,Motor Vehicle In-Transport,6,Angle,0,No,2,Intersection,2,Four-Way Intersection,0,None,,,1,On Roadway,1,Daylight,,,,,1,Clear,0,No,0000000,Not Applicable,12,12:00pm-12:59pm,56,56,12,12:00pm-12:59pm,56,56,88,"Not Applicable (Not Transported) ",88,Not Applicable (Not Transported),,,,,,,1,
2022,21,210511,Kentucky,1,1,0,0,0,1,1,67,FAYETTE (67),1980,LEXINGTON-FAYETTE,9,9,10,October,2022,1,Sunday,9,9:00am-9:59am,37,37,0,This section IS NOT on the NHS,2,Urban,7,Local,3,Town or Township Highway Agency,5,Local Street - Township,MONTICELLO BLVD,POST RD,2,2,37.99207500,37.99207500,-84.547341670,-84.54734167,0,No Special Jurisdiction,53,Mail Box,0,The First Harmful Event was Not a Collision with a Motor Vehicle in Transport,0,No,3,Intersection-Related,3,T-Intersection,0,None,,,4,On Roadside,1,Daylight,,,,,1,Clear,0,No,0000000,Not Applicable,9,9:00am-9:59am,39,39,9,9:00am-9:59am,45,45,10,10:00am-10:59am,6,6,,,,,,,1,
2022,21,210512,Kentucky,2,2,0,0,0,3,3,15,BOONE (15),0,NOT APPLICABLE,4,4,10,October,2022,3,Tuesday,0,0:00am-0:59am,4,4,1,This section IS ON the NHS,2,Urban,1,Interstate,1,State Highway Agency,1,Interstate,I-75,,1749,1749,38.91095278,38.91095278,-84.628200000,-84.62820000,0,No Special Jurisdiction,12,Motor Vehicle In-Transport,1,Front-to-Rear,1,Yes,18,Through Roadway,1,Not an Intersection,0,None,,,1,On Roadway,3,Dark - Lighted,,,,,1,Clear,0,No,0000000,Not Applicable,0,0:00am-0:59am,9,9,0,0:00am-0:59am,15,15,0,0:00am-0:59am,30,30,,,,,,,1,
2022,21,210513,Kentucky,1,1,0,1,1,1,1,111,JEFFERSON (111),2090,LOUISVILLE,6,6,10,October,2022,5,Thursday,1,1:00am-1:59am,39,39,0,This section IS NOT on the NHS,2,Urban,4,Minor Arterial,4,City or Municipal Highway Agency,6,Local Street - Municipality,W BROADWAY,,11,11,38.24991667,38.24991667,-85.808972220,-85.80897222,0,No Special Jurisdiction,8,Pedestrian,0,The First Harmful Event was Not a Collision with a Motor Vehicle in Transport,0,No,1,Non-Junction,1,Not an Intersection,0,None,,,1,On Roadway,2,Dark - Not Lighted,,,,,1,Clear,0,No,0000000,Not Applicable,1,1:00am-1:59am,46,46,1,1:00am-1:59am,47,47,88,"Not Applicable (Not Transported) ",88,Not Applicable (Not Transported),,,,,,,1,
2022,21,210514,Kentucky,2,2,0,1,1,3,3,203,ROCKCASTLE (203),0,NOT APPLICABLE,6,6,10,October,2022,5,Thursday,20,8:00pm-8:59pm,6,6,1,This section IS ON the NHS,1,Rural,3,Principal Arterial - Other,1,State Highway Agency,3,State Highway,SR-461 LAKE CUMBERLAND RD,REVEREND GRN LP,91,91,37.36772778,37.36772778,-84.341097220,-84.34109722,0,No Special Jurisdiction,9,Pedalcyclist,0,The First Harmful Event was Not a Collision with a Motor Vehicle in Transport,0,No,2,Intersection,98,Not Reported,0,None,,,1,On Roadway,2,Dark - Not Lighted,,,,,1,Clear,0,No,0000000,Not Applicable,20,8:00pm-8:59pm,9,9,20,8:00pm-8:59pm,12,12,20,8:00pm-8:59pm,16,16,,,,,,,1,
2022,21,210515,Kentucky,2,2,0,0,0,2,2,37,CAMPBELL (37),730,COLD SPRING,2,2,10,October,2022,1,Sunday,17,5:00pm-5:59pm,53,53,1,This section IS ON the NHS,2,Urban,3,Principal Arterial - Other,1,State Highway Agency,2,U.S. Highway,"US-27 ALEXANDRIA PIKE ",ST  JOSEPH,155,155,39.02319167,39.02319167,-84.441586110,-84.44158611,0,No Special Jurisdiction,12,Motor Vehicle In-Transport,6,Angle,0,No,2,Intersection,2,Four-Way Intersection,0,None,,,1,On Roadway,1,Daylight,,,,,1,Clear,0,No,0000000,Not Applicable,17,5:00pm-5:59pm,54,54,17,5:00pm-5:59pm,56,56,18,6:00pm-6:59pm,25,25,,,,,,,1,
2022,21,210516,Kentucky,2,2,0,0,0,4,4,111,JEFFERSON (111),2090,LOUISVILLE,9,9,10,October,2022,1,Sunday,20,8:00pm-8:59pm,5,5,0,This section IS NOT on the NHS,2,Urban,4,Minor Arterial,1,State Highway Agency,3,State Highway,SR-1934 CANE RUN RD,,105,105,38.21392222,38.21392222,-85.819600000,-85.81960000,0,No Special Jurisdiction,12,Motor Vehicle In-Transport,6,Angle,0,No,1,Non-Junction,1,Not an Intersection,0,None,,,1,On Roadway,3,Dark - Lighted,,,,,1,Clear,0,No,0000000,Not Applicable,22,10:00pm-10:59pm,9,9,20,8:00pm-8:59pm,12,12,20,8:00pm-8:59pm,41,41,,,,,,,1,
2022,21,210517,Kentucky,2,2,0,0,0,4,4,9,BARREN (9),0,NOT APPLICABLE,12,12,10,October,2022,4,Wednesday,6,6:00am-6:59am,0,0,1,This section IS ON the NHS,1,Rural,1,Interstate,1,State Highway Agency,1,Interstate,I-65,,501,501,37.12004167,37.12004167,-86.014319440,-86.01431944,0,No Special Jurisdiction,93,Unknown Fixed Object,0,The First Harmful Event was Not a Collision with a Motor Vehicle in Transport,0,No,1,Non-Junction,1,Not an Intersection,0,None,,,4,On Roadside,2,Dark - Not Lighted,,,,,1,Clear,0,No,0000000,Not Applicable,6,6:00am-6:59am,0,0,6,6:00am-6:59am,15,15,6,6:00am-6:59am,25,25,,,,,,,1,
2022,21,210518,Kentucky,1,1,0,0,0,1,1,213,SIMPSON (213),0,NOT APPLICABLE,12,12,10,October,2022,4,Wednesday,20,8:00pm-8:59pm,42,42,1,This section IS ON the NHS,1,Rural,1,Interstate,1,State Highway Agency,1,Interstate,I-65,,118,118,36.79012500,36.79012500,-86.475488890,-86.47548889,0,No Special Jurisdiction,42,Tree (Standing Only),0,The First Harmful Event was Not a Collision with a Motor Vehicle in Transport,0,No,1,Non-Junction,1,Not an Intersection,1,Construction,,,4,On Roadside,3,Dark - Lighted,,,,,1,Clear,0,No,0000000,Not Applicable,20,8:00pm-8:59pm,44,44,21,9:00pm-9:59pm,1,1,88,"Not Applicable (Not Transported) ",88,Not Applicable (Not Transported),,,,,,,1,
2022,21,210519,Kentucky,1,1,0,0,0,2,2,225,UNION (225),0,NOT APPLICABLE,13,13,10,October,2022,5,Thursday,15,3:00pm-3:59pm,23,23,0,This section IS NOT on the NHS,1,Rural,6,Minor Collector,1,State Highway Agency,3,State Highway,SR-141,,176,176,37.68982500,37.68982500,-87.800036110,-87.80003611,0,No Special Jurisdiction,23,Bridge Rail (Includes parapet),0,The First Harmful Event was Not a Collision with a Motor Vehicle in Transport,0,No,1,Non-Junction,1,Not an Intersection,0,None,,,4,On Roadside,1,Daylight,,,,,1,Clear,0,No,0000000,Not Applicable,15,3:00pm-3:59pm,27,27,15,3:00pm-3:59pm,38,38,16,4:00pm-4:59pm,57,57,,,,,,,1,
2022,21,210520,Kentucky,1,1,0,0,0,1,1,103,HENRY (103),0,NOT APPLICABLE,14,14,10,October,2022,6,Friday,12,12:00pm-12:59pm,4,4,0,This section IS NOT on the NHS,1,Rural,6,Minor Collector,1,State Highway Agency,3,State Highway,SR-153 LAKE JERICHO RD,,28,28,38.41636389,38.41636389,-85.288355560,-85.28835556,0,No Special Jurisdiction,1,Rollover/Overturn,0,The First Harmful Event was Not a Collision with a Motor Vehicle in Transport,0,No,1,Non-Junction,1,Not an Intersection,0,None,,,4,On Roadside,1,Daylight,,,,,1,Clear,0,No,0000000,Not Applicable,12,12:00pm-12:59pm,4,4,12,12:00pm-12:59pm,19,19,88,"Not Applicable (Not Transported) ",88,Not Applicable (Not Transported),,,,,,,1,
2022,21,210521,Kentucky,1,1,0,0,0,2,2,155,MARION (155),2056,LORETTO,14,14,10,October,2022,6,Friday,16,4:00pm-4:59pm,29,29,0,This section IS NOT on the NHS,1,Rural,5,Major Collector,1,State Highway Agency,3,State Highway,SR-49 N LORETTO RD,,263,263,37.62748056,37.62748056,-85.384972220,-85.38497222,0,No Special Jurisdiction,1,Rollover/Overturn,0,The First Harmful Event was Not a Collision with a Motor Vehicle in Transport,0,No,1,Non-Junction,1,Not an Intersection,0,None,,,4,On Roadside,1,Daylight,,,,,1,Clear,0,No,0000000,Not Applicable,16,4:00pm-4:59pm,29,29,16,4:00pm-4:59pm,40,40,17,5:00pm-5:59pm,21,21,,,,,,,1,
2022,21,210522,Kentucky,2,2,0,0,0,5,5,163,MEADE (163),0,NOT APPLICABLE,15,15,10,October,2022,7,Saturday,20,8:00pm-8:59pm,36,36,0,This section IS NOT on the NHS,1,Rural,4,Minor Arterial,1,State Highway Agency,2,U.S. Highway,US-60 OWENSBORO HWY,SR-1238,60,60,37.88739722,37.88739722,-86.133163890,-86.13316389,0,No Special Jurisdiction,12,Motor Vehicle In-Transport,6,Angle,0,No,2,Intersection,3,T-Intersection,0,None,,,1,On Roadway,3,Dark - Lighted,,,,,1,Clear,0,No,0000000,Not Applicable,20,8:00pm-8:59pm,41,41,20,8:00pm-8:59pm,45,45,21,9:00pm-9:59pm,20,20,,,,,,,1,
2022,21,210523,Kentucky,2,2,0,0,0,3,3,37,CAMPBELL (37),2400,NEWPORT,17,17,10,October,2022,2,Monday,1,1:00am-1:59am,36,36,1,This section IS ON the NHS,2,Urban,1,Interstate,1,State Highway Agency,1,Interstate,I-471,,48,48,39.09990833,39.09990833,-84.493347220,-84.49334722,0,No Special Jurisdiction,12,Motor Vehicle In-Transport,2,Front-to-Front,0,No,1,Non-Junction,1,Not an Intersection,0,None,,,1,On Roadway,3,Dark - Lighted,,,,,1,Clear,0,No,0000000,Not Applicable,1,1:00am-1:59am,38,38,1,1:00am-1:59am,44,44,2,2:00am-2:59am,3,3,,,,,,,1,
2022,21,210524,Kentucky,2,2,0,0,0,2,2,29,BULLITT (29),0,NOT APPLICABLE,14,14,10,October,2022,6,Friday,20,8:00pm-8:59pm,4,4,0,This section IS NOT on the NHS,1,Rural,6,Minor Collector,1,State Highway Agency,3,State Highway,SR-1526 KNOB CREEK RD,,27,27,38.02821944,38.02821944,-85.826205560,-85.82620556,0,No Special Jurisdiction,53,Mail Box,0,The First Harmful Event was Not a Collision with a Motor Vehicle in Transport,0,No,1,Non-Junction,1,Not an Intersection,0,None,,,4,On Roadside,2,Dark - Not Lighted,,,,,1,Clear,0,No,0000000,Not Applicable,20,8:00pm-8:59pm,2,2,20,8:00pm-8:59pm,13,13,88,"Not Applicable (Not Transported) ",88,Not Applicable (Not Transported),,,,,,,1,
2022,21,210525,Kentucky,1,1,0,1,1,1,1,111,JEFFERSON (111),2090,LOUISVILLE,15,15,10,October,2022,7,Saturday,1,1:00am-1:59am,2,2,0,This section IS NOT on the NHS,2,Urban,4,Minor Arterial,1,State Highway Agency,3,State Highway,SR-61 PRESTON HWY,,90,90,38.20082500,38.20082500,-85.733658330,-85.73365833,0,No Special Jurisdiction,8,Pedestrian,0,The First Harmful Event was Not a Collision with a Motor Vehicle in Transport,0,No,1,Non-Junction,1,Not an Intersection,0,None,,,1,On Roadway,3,Dark - Lighted,,,,,1,Clear,0,No,0000000,Not Applicable,1,1:00am-1:59am,2,2,1,1:00am-1:59am,5,5,88,"Not Applicable (Not Transported) ",88,Not Applicable (Not Transported),,,,,,,1,
2022,21,210526,Kentucky,1,1,0,4,4,1,1,9,BARREN (9),0,NOT APPLICABLE,17,17,10,October,2022,2,Monday,8,8:00am-8:59am,7,7,0,This section IS NOT on the NHS,1,Rural,6,Minor Collector,1,State Highway Agency,3,State Highway,SR-1297 OLD BOWLING GREEN RD,,58,58,36.98466111,36.98466111,-86.048916670,-86.04891667,0,No Special Jurisdiction,49,Ridden Animal or Animal Drawn Conveyance,0,The First Harmful Event was Not a Collision with a Motor Vehicle in Transport,0,No,1,Non-Junction,1,Not an Intersection,0,None,,,1,On Roadway,1,Daylight,,,,,1,Clear,0,No,0000000,Not Applicable,8,8:00am-8:59am,9,9,8,8:00am-8:59am,29,29,8,8:00am-8:59am,45,45,,,,,,,1,
2022,21,210527,Kentucky,1,1,0,0,0,1,1,111,JEFFERSON (111),2090,LOUISVILLE,21,21,10,October,2022,6,Friday,4,4:00am-4:59am,8,8,1,This section IS ON the NHS,2,Urban,1,Interstate,1,State Highway Agency,1,Interstate,I-64,,83,83,38.24470278,38.24470278,-85.697444440,-85.69744444,0,No Special Jurisdiction,30,Utility Pole/Light Support,0,The First Harmful Event was Not a Collision with a Motor Vehicle in Transport,1,Yes,19,Other location within Interchange Area,1,Not an Intersection,0,None,,,3,On Median,2,Dark - Not Lighted,,,,,10,Cloudy,0,No,0000000,Not Applicable,4,4:00am-4:59am,9,9,4,4:00am-4:59am,21,21,88,"Not Applicable (Not Transported) ",88,Not Applicable (Not Transported),,,,,,,1,
2022,21,210528,Kentucky,1,1,0,0,0,2,2,177,MUHLENBERG (177),0,NOT APPLICABLE,21,21,10,October,2022,6,Friday,13,1:00pm-1:59pm,52,52,0,This section IS NOT on the NHS,1,Rural,7,Local,3,Town or Township Highway Agency,5,Local Street - Township,PM HAUL RD,,48,48,37.24849722,37.24849722,-87.034497220,-87.03449722,0,No Special Jurisdiction,35,Embankment,0,The First Harmful Event was Not a Collision with a Motor Vehicle in Transport,0,No,1,Non-Junction,1,Not an Intersection,0,None,,,4,On Roadside,1,Daylight,,,,,1,Clear,0,No,0000000,Not Applicable,13,1:00pm-1:59pm,55,55,14,2:00pm-2:59pm,7,7,88,"Not Applicable (Not Transported) ",88,Not Applicable (Not Transported),,,,,,,1,
2022,21,210529,Kentucky,1,1,0,0,0,1,1,35,CALLOWAY (35),0,NOT APPLICABLE,21,21,10,October,2022,6,Friday,22,10:00pm-10:59pm,23,23,0,This section IS NOT on the NHS,1,Rural,7,Local,2,County Highway Agency,4,County Road,CR-1140 POPLAR SPRINGS RD,,0,None,36.61322778,36.61322778,-88.175175000,-88.17517500,0,No Special Jurisdiction,59,"Traffic Sign Support ",0,The First Harmful Event was Not a Collision with a Motor Vehicle in Transport,0,No,1,Non-Junction,1,Not an Intersection,0,None,,,4,On Roadside,2,Dark - Not Lighted,,,,,1,Clear,0,No,0000000,Not Applicable,22,10:00pm-10:59pm,25,25,22,10:00pm-10:59pm,37,37,88,"Not Applicable (Not Transported) ",88,Not Applicable (Not Transported),,,,,,,1,
2022,21,210530,Kentucky,1,1,0,0,0,1,1,71,FLOYD (71),3460,WEEKSBURY,22,22,10,October,2022,7,Saturday,8,8:00am-8:59am,23,23,0,This section IS NOT on the NHS,1,Rural,7,Local,1,State Highway Agency,3,State Highway,SR-466,,2,2,37.30448889,37.30448889,-82.707711110,-82.70771111,0,No Special Jurisdiction,93,Unknown Fixed Object,0,The First Harmful Event was Not a Collision with a Motor Vehicle in Transport,0,No,1,Non-Junction,1,Not an Intersection,0,None,,,4,On Roadside,1,Daylight,,,,,1,Clear,0,No,0000000,Not Applicable,8,8:00am-8:59am,25,25,9,9:00am-9:59am,24,24,88,"Not Applicable (Not Transported) ",88,Not Applicable (Not Transported),,,,,,,1,
2022,21,210531,Kentucky,1,1,0,1,1,1,1,111,JEFFERSON (111),2090,LOUISVILLE,22,22,10,October,2022,7,Saturday,20,8:00pm-8:59pm,39,39,0,This section IS NOT on the NHS,2,Urban,4,Minor Arterial,1,State Highway Agency,3,State Highway,SR-1931 MANSLICK RD,,66,66,38.17132500,38.17132500,-85.797772220,-85.79777222,0,No Special Jurisdiction,8,Pedestrian,0,The First Harmful Event was Not a Collision with a Motor Vehicle in Transport,0,No,1,Non-Junction,1,Not an Intersection,0,None,,,1,On Roadway,2,Dark - Not Lighted,,,,,1,Clear,0,No,0000000,Not Applicable,20,8:00pm-8:59pm,40,40,20,8:00pm-8:59pm,50,50,88,"Not Applicable (Not Transported) ",88,Not Applicable (Not Transported),,,,,,,1,
2022,21,210532,Kentucky,2,2,0,0,0,3,3,117,KENTON (117),800,COVINGTON,23,23,10,October,2022,1,Sunday,7,7:00am-7:59am,7,7,1,This section IS ON the NHS,2,Urban,1,Interstate,1,State Highway Agency,1,Interstate,I-75,,1897,1897,39.06672778,39.06672778,-84.520638890,-84.52063889,0,No Special Jurisdiction,12,Motor Vehicle In-Transport,2,Front-to-Front,1,Yes,18,Through Roadway,1,Not an Intersection,0,None,,,1,On Roadway,3,Dark - Lighted,,,,,1,Clear,0,No,0000000,Not Applicable,7,7:00am-7:59am,8,8,7,7:00am-7:59am,15,15,8,8:00am-8:59am,1,1,,,,,,,1,
2022,21,210533,Kentucky,1,1,0,0,0,1,1,29,BULLITT (29),0,NOT APPLICABLE,21,21,10,October,2022,6,Friday,21,9:00pm-9:59pm,0,0,0,This section IS NOT on the NHS,1,Rural,6,Minor Collector,1,State Highway Agency,3,State Highway,SR-1494 BEECH GROVE RD,EDDINGTON LN,52,52,37.95643611,37.95643611,-85.751458330,-85.75145833,0,No Special Jurisdiction,1,Rollover/Overturn,0,The First Harmful Event was Not a Collision with a Motor Vehicle in Transport,0,No,3,Intersection-Related,3,T-Intersection,0,None,,,1,On Roadway,3,Dark - Lighted,,,,,1,Clear,0,No,0000000,Not Applicable,21,9:00pm-9:59pm,48,48,21,9:00pm-9:59pm,55,55,22,10:00pm-10:59pm,5,5,,,,,,,1,
2022,21,210534,Kentucky,1,1,0,1,1,1,1,101,HENDERSON (101),1510,HENDERSON,19,19,10,October,2022,4,Wednesday,21,9:00pm-9:59pm,18,18,1,This section IS ON the NHS,2,Urban,3,Principal Arterial - Other,1,State Highway Agency,2,U.S. Highway,US-41 GREEN ST,,153,153,37.83305556,37.83305556,-87.593966670,-87.59396667,0,No Special Jurisdiction,8,Pedestrian,0,The First Harmful Event was Not a Collision with a Motor Vehicle in Transport,0,No,1,Non-Junction,1,Not an Intersection,0,None,,,1,On Roadway,3,Dark - Lighted,,,,,1,Clear,0,No,0000000,Not Applicable,21,9:00pm-9:59pm,19,19,21,9:00pm-9:59pm,20,20,88,"Not Applicable (Not Transported) ",88,Not Applicable (Not Transported),,,,,,,1,
2022,21,210535,Kentucky,1,1,0,0,0,1,1,117,KENTON (117),3239,TAYLOR MILL,26,26,10,October,2022,4,Wednesday,6,6:00am-6:59am,0,0,0,This section IS NOT on the NHS,2,Urban,4,Minor Arterial,1,State Highway Agency,3,State Highway,SR-16 PRIDE PKWY,,120,120,39.01078611,39.01078611,-84.508066670,-84.50806667,0,No Special Jurisdiction,33,Curb,0,The First Harmful Event was Not a Collision with a Motor Vehicle in Transport,0,No,1,Non-Junction,1,Not an Intersection,0,None,,,3,On Median,2,Dark - Not Lighted,,,,,1,Clear,0,No,0000000,Not Applicable,6,6:00am-6:59am,1,1,6,6:00am-6:59am,8,8,6,6:00am-6:59am,52,52,,,,,,,1,
2022,21,210536,Kentucky,2,2,0,0,0,3,3,163,MEADE (163),0,NOT APPLICABLE,27,27,10,October,2022,5,Thursday,15,3:00pm-3:59pm,40,40,0,This section IS NOT on the NHS,1,Rural,4,Minor Arterial,1,State Highway Agency,3,State Highway,SR-79,,78,78,37.98646944,37.98646944,-86.195211110,-86.19521111,0,No Special Jurisdiction,12,Motor Vehicle In-Transport,6,Angle,0,No,1,Non-Junction,1,Not an Intersection,0,None,,,1,On Roadway,1,Daylight,,,,,1,Clear,0,No,0000000,Not Applicable,15,3:00pm-3:59pm,21,21,15,3:00pm-3:59pm,30,30,16,4:00pm-4:59pm,0,0,,,,,,,2,
2022,21,210537,Kentucky,1,1,0,1,1,2,2,111,JEFFERSON (111),2090,LOUISVILLE,20,20,10,October,2022,5,Thursday,22,10:00pm-10:59pm,44,44,1,This section IS ON the NHS,2,Urban,4,Minor Arterial,4,City or Municipal Highway Agency,6,Local Street - Municipality,S 3RD ST,,125,125,38.25195278,38.25195278,-85.755666670,-85.75566667,0,No Special Jurisdiction,8,Pedestrian,0,The First Harmful Event was Not a Collision with a Motor Vehicle in Transport,0,No,1,Non-Junction,1,Not an Intersection,0,None,,,1,On Roadway,3,Dark - Lighted,,,,,1,Clear,0,No,0000000,Not Applicable,22,10:00pm-10:59pm,45,45,22,10:00pm-10:59pm,45,45,23,11:00pm-11:59pm,1,1,,,,,,,1,
2022,21,210538,Kentucky,3,3,0,0,0,6,6,111,JEFFERSON (111),2090,LOUISVILLE,28,28,10,October,2022,6,Friday,15,3:00pm-3:59pm,6,6,1,This section IS ON the NHS,2,Urban,1,Interstate,1,State Highway Agency,1,Interstate,I-71,,100,100,38.31914444,38.31914444,-85.566275000,-85.56627500,0,No Special Jurisdiction,12,Motor Vehicle In-Transport,1,Front-to-Rear,0,No,1,Non-Junction,1,Not an Intersection,0,None,,,1,On Roadway,1,Daylight,,,,,1,Clear,0,No,0000000,Not Applicable,15,3:00pm-3:59pm,8,8,15,3:00pm-3:59pm,14,14,15,3:00pm-3:59pm,48,48,,,,,,,1,
2022,21,210539,Kentucky,2,2,0,0,0,2,2,67,FAYETTE (67),1980,LEXINGTON-FAYETTE,28,28,10,October,2022,6,Friday,15,3:00pm-3:59pm,9,9,0,This section IS NOT on the NHS,1,Rural,4,Minor Arterial,1,State Highway Agency,2,U.S. Highway,US-60 WINCHESTER RD,SR-1973 N CLEVELAND RD,156,156,38.02966944,38.02966944,-84.356347220,-84.35634722,0,No Special Jurisdiction,12,Motor Vehicle In-Transport,2,Front-to-Front,0,No,2,Intersection,98,Not Reported,0,None,,,1,On Roadway,1,Daylight,,,,,1,Clear,0,No,0000000,Not Applicable,15,3:00pm-3:59pm,53,53,15,3:00pm-3:59pm,53,53,16,4:00pm-4:59pm,10,10,,,,,,,1,
2022,21,210540,Kentucky,2,2,0,0,0,2,2,125,LAUREL (125),2040,LONDON,30,30,10,October,2022,1,Sunday,0,0:00am-0:59am,49,49,0,This section IS NOT on the NHS,2,Urban,6,Minor Collector,1,State Highway Agency,2,U.S. Highway,US-25 S MAIN ST,SR-229 BARBOURVILLE ST,112,112,37.11817778,37.11817778,-84.075130560,-84.07513056,0,No Special Jurisdiction,12,Motor Vehicle In-Transport,6,Angle,0,No,2,Intersection,3,T-Intersection,0,None,,,1,On Roadway,3,Dark - Lighted,,,,,10,Cloudy,0,No,0000000,Not Applicable,0,0:00am-0:59am,49,49,0,0:00am-0:59am,51,51,88,"Not Applicable (Not Transported) ",88,Not Applicable (Not Transported),,,,,,,1,
2022,21,210541,Kentucky,1,1,0,1,1,1,1,111,JEFFERSON (111),2090,LOUISVILLE,20,20,10,October,2022,5,Thursday,20,8:00pm-8:59pm,23,23,0,This section IS NOT on the NHS,2,Urban,7,Local,3,Town or Township Highway Agency,5,Local Street - Township,S 26TH ST,EDDY ST,3,3,38.25603611,38.25603611,-85.794158330,-85.79415833,0,No Special Jurisdiction,8,Pedestrian,0,The First Harmful Event was Not a Collision with a Motor Vehicle in Transport,0,No,3,Intersection-Related,3,T-Intersection,0,None,,,1,On Roadway,2,Dark - Not Lighted,,,,,1,Clear,0,No,0000000,Not Applicable,20,8:00pm-8:59pm,23,23,20,8:00pm-8:59pm,26,26,20,8:00pm-8:59pm,47,47,,,,,,,1,
2022,21,210542,Kentucky,1,1,0,0,0,2,2,111,JEFFERSON (111),2090,LOUISVILLE,23,23,10,October,2022,1,Sunday,2,2:00am-2:59am,59,59,0,This section IS NOT on the NHS,2,Urban,7,Local,3,Town or Township Highway Agency,5,Local Street - Township,E HILL ST,S PRESTON ST,1,1,38.22596389,38.22596389,-85.750922220,-85.75092222,0,No Special Jurisdiction,24,Guardrail Face,0,The First Harmful Event was Not a Collision with a Motor Vehicle in Transport,0,No,3,Intersection-Related,3,T-Intersection,0,None,,,4,On Roadside,3,Dark - Lighted,,,,,1,Clear,0,No,0000000,Not Applicable,2,2:00am-2:59am,59,59,3,3:00am-3:59am,3,3,3,3:00am-3:59am,29,29,,,,,,,1,
2022,21,210543,Kentucky,1,1,0,1,1,2,2,111,JEFFERSON (111),2090,LOUISVILLE,31,31,10,October,2022,2,Monday,19,7:00pm-7:59pm,53,53,0,This section IS NOT on the NHS,2,Urban,4,Minor Arterial,1,State Highway Agency,3,State Highway,SR-864 POPLAR LEVEL RD,,112,112,38.19487778,38.19487778,-85.707325000,-85.70732500,0,No Special Jurisdiction,8,Pedestrian,0,The First Harmful Event was Not a Collision with a Motor Vehicle in Transport,1,Yes,18,Through Roadway,1,Not an Intersection,0,None,,,1,On Roadway,3,Dark - Lighted,,,,,2,Rain,0,No,0000000,Not Applicable,19,7:00pm-7:59pm,53,53,20,8:00pm-8:59pm,0,0,20,8:00pm-8:59pm,15,15,,,,,,,1,