caseyear,state,st_case,statename,ve_total,ve_forms,pvh_invl,peds,pernotmvit,permvit,persons,county,countyname,city,cityname,day,dayname,month,monthname,year,day_week,day_weekname,hour,hourname,minute,minutename,nhs,nhsname,rur_urb,rur_urbname,func_sys,func_sysname,rd_owner,rd_ownername,route,routename,tway_id,tway_id2,milept,mileptname,latitude,latitudename,longitud,longitudname,sp_jur,sp_jurname,harm_ev,harm_evname,man_coll,man_collname,reljct1,reljct1name,reljct2,reljct2name,typ_int,typ_intname,wrk_zone,wrk_zonename,road_fnc,road_fncname,rel_road,rel_roadname,lgt_cond,lgt_condname,weather1,weather1name,weather2,weather2name,weather,weathername,sch_bus,sch_busname,rail,railname,not_hour,not_hourname,not_min,not_minname,arr_hour,arr_hourname,arr_min,arr_minname,hosp_hr,hosp_hrname,hosp_mn,hosp_mnname,cf1,cf1name,cf2,cf2name,cf3,cf3name,fatals,drunk_dr
2022,21,210544,Kentucky,2,2,0,0,0,2,2,111,JEFFERSON (111),2090,LOUISVILLE,9,9,10,October,2022,1,Sunday,19,7:00pm-7:59pm,31,31,0,This section IS NOT on the NHS,2,Urban,3,Principal Arterial - Other,1,State Highway Agency,3,State Highway,SR-1865 NEW CUT RD,SR-1065 OUTER LOOP,12,12,38.12638611,38.12638611,-85.776119440,-85.77611944,0,No Special Jurisdiction,12,Motor Vehicle In-Transport,6,Angle,0,No,2,Intersection,2,Four-Way Intersection,0,None,,,1,On Roadway,2,Dark - Not Lighted,,,,,1,Clear,0,No,0000000,Not Applicable,19,7:00pm-7:59pm,32,32,19,7:00pm-7:59pm,39,39,20,8:00pm-8:59pm,18,18,,,,,,,1,
2022,21,210545,Kentucky,2,2,0,0,0,6,6,209,SCOTT (209),1280,GEORGETOWN,11,11,10,October,2022,3,Tuesday,17,5:00pm-5:59pm,38,38,1,This section IS ON the NHS,2,Urban,3,Principal Arterial - Other,1,State Highway Agency,2,U.S. Highway,US-25 LEXINGTON RD,US-62 MCCLELLAND,20,20,38.18306667,38.18306667,-84.561186110,-84.56118611,0,No Special Jurisdiction,12,Motor Vehicle In-Transport,6,Angle,0,No,2,Intersection,98,Not Reported,0,None,,,1,On Roadway,1,Daylight,,,,,1,Clear,0,No,0000000,Not Applicable,17,5:00pm-5:59pm,38,38,17,5:00pm-5:59pm,40,40,18,6:00pm-6:59pm,0,0,,,,,,,1,
2022,21,210546,Kentucky,1,1,0,0,0,1,1,111,JEFFERSON (111),2090,LOUISVILLE,14,14,10,October,2022,6,Friday,2,2:00am-2:59am,18,18,0,This section IS NOT on the NHS,2,Urban,4,Minor Arterial,4,City or Municipal Highway Agency,6,Local Street - Municipality,W MARKET ST,,14,14,38.26148611,38.26148611,-85.812575000,-85.81257500,0,No Special Jurisdiction,1,Rollover/Overturn,0,The First Harmful Event was Not a Collision with a Motor Vehicle in Transport,0,No,1,Non-Junction,1,Not an Intersection,0,None,,,4,On Roadside,3,Dark - Lighted,,,,,1,Clear,0,No,0000000,Not Applicable,2,2:00am-2:59am,18,18,2,2:00am-2:59am,49,49,3,3:00am-3:59am,0,0,,,,,,,1,
2022,21,210547,Kentucky,1,1,0,0,0,2,2,93,HARDIN (93),0,NOT APPLICABLE,18,18,10,October,2022,3,Tuesday,20,8:00pm-8:59pm,18,18,1,This section IS ON the NHS,1,Rural,2,Principal Arterial - Other Freeways and Expressways,1,State Highway Agency,3,State Highway,SR-9002,,83,83,37.74161389,37.74161389,-85.693458330,-85.69345833,0,No Special Jurisdiction,93,Unknown Fixed Object,0,The First Harmful Event was Not a Collision with a Motor Vehicle in Transport,0,No,1,Non-Junction,1,Not an Intersection,0,None,,,3,On Median,2,Dark - Not Lighted,,,,,10,Cloudy,0,No,0000000,Not Applicable,20,8:00pm-8:59pm,19,19,20,8:00pm-8:59pm,36,36,0,0:00am-0:59am,0,0,,,,,,,1,
2022,21,210548,Kentucky,2,2,0,0,0,2,2,73,FRANKLIN (73),1220,FRANKFORT,20,20,10,October,2022,5,Thursday,6,6:00am-6:59am,3,3,1,This section IS ON the NHS,2,Urban,3,Principal Arterial - Other,1,State Highway Agency,2,U.S. Highway,US-127 WILKINSON BLVD,REILLEY RD,101,101,38.21536667,38.21536667,-84.866016670,-84.86601667,0,No Special Jurisdiction,12,Motor Vehicle In-Transport,6,Angle,0,No,2,Intersection,2,Four-Way Intersection,0,None,,,1,On Roadway,2,Dark - Not Lighted,,,,,1,Clear,0,No,0000000,Not Applicable,6,6:00am-6:59am,3,3,6,6:00am-6:59am,5,5,6,6:00am-6:59am,28,28,,,,,,,1,
2022,21,210549,Kentucky,2,2,0,0,0,2,2,223,TRIMBLE (223),0,NOT APPLICABLE,24,24,10,October,2022,2,Monday,5,5:00am-5:59am,25,25,0,This section IS NOT on the NHS,1,Rural,4,Minor Arterial,1,State Highway Agency,2,U.S. Highway,US-42,,65,65,38.57219722,38.57219722,-85.323377780,-85.32337778,0,No Special Jurisdiction,12,Motor Vehicle In-Transport,2,Front-to-Front,0,No,1,Non-Junction,1,Not an Intersection,0,None,,,1,On Roadway,2,Dark - Not Lighted,,,,,1,Clear,0,No,0000000,Not Applicable,5,5:00am-5:59am,25,25,5,5:00am-5:59am,36,36,6,6:00am-6:59am,55,55,,,,,,,1,
2022,21,210550,Kentucky,2,2,0,0,0,3,3,47,CHRISTIAN (47),0,NOT APPLICABLE,26,26,10,October,2022,4,Wednesday,13,1:00pm-1:59pm,57,57,0,This section IS NOT on the NHS,1,Rural,6,Minor Collector,1,State Highway Agency,3,State Highway,SR-117 HERNDON OAK GROVE RD,,47,47,36.70818611,36.70818611,-87.535958330,-87.53595833,0,No Special Jurisdiction,12,Motor Vehicle In-Transport,2,Front-to-Front,0,No,1,Non-Junction,1,Not an Intersection,0,None,,,1,On Roadway,1,Daylight,,,,,1,Clear,0,No,0000000,Not Applicable,13,1:00pm-1:59pm,59,59,14,2:00pm-2:59pm,12,12,15,3:00pm-3:59pm,24,24,,,,,,,1,
2022,21,210551,Kentucky,1,1,0,0,0,1,1,37,CAMPBELL (37),3560,WILDER,29,29,10,October,2022,7,Saturday,2,2:00am-2:59am,56,56,1,This section IS ON the NHS,2,Urban,3,Principal Arterial - Other,1,State Highway Agency,3,State Highway,SR-9,,175,175,39.02032500,39.02032500,-84.481605560,-84.48160556,0,No Special Jurisdiction,24,Guardrail Face,0,The First Harmful Event was Not a Collision with a Motor Vehicle in Transport,1,Yes,19,Other location within Interchange Area,1,Not an Intersection,0,None,,,4,On Roadside,3,Dark - Lighted,,,,,1,Clear,0,No,0000000,Not Applicable,2,2:00am-2:59am,58,58,3,3:00am-3:59am,0,0,3,3:00am-3:59am,46,46,,,,,,,1,
2022,21,210552,Kentucky,1,1,0,0,0,1,1,183,OHIO (183),0,NOT APPLICABLE,31,31,10,October,2022,2,Monday,5,5:00am-5:59am,30,30,0,This section IS NOT on the NHS,1,Rural,6,Minor Collector,1,State Highway Agency,3,State Highway,SR-505,,23,23,37.35730833,37.35730833,-86.745841670,-86.74584167,0,No Special Jurisdiction,42,Tree (Standing Only),0,The First Harmful Event was Not a Collision with a Motor Vehicle in Transport,0,No,1,Non-Junction,1,Not an Intersection,0,None,,,4,On Roadside,2,Dark - Not Lighted,,,,,10,Cloudy,0,No,0000000,Not Applicable,5,5:00am-5:59am,30,30,5,5:00am-5:59am,50,50,88,"Not Applicable (Not Transported) ",88,Not Applicable (Not Transported),,,,,,,1,
2022,21,210553,Kentucky,2,2,0,0,0,2,2,93,HARDIN (93),1000,ELIZABETHTOWN,31,31,10,October,2022,2,Monday,20,8:00pm-8:59pm,31,31,0,This section IS NOT on the NHS,2,Urban,4,Minor Arterial,1,State Highway Agency,2,U.S. Highway,US-62 N MULBERRY ST,,192,192,37.70673611,37.70673611,-85.842677780,-85.84267778,0,No Special Jurisdiction,12,Motor Vehicle In-Transport,2,Front-to-Front,0,No,1,Non-Junction,1,Not an Intersection,0,None,,,1,On Roadway,3,Dark - Lighted,,,,,2,Rain,0,No,0000000,Not Applicable,20,8:00pm-8:59pm,35,35,20,8:00pm-8:59pm,40,40,21,9:00pm-9:59pm,4,4,,,,,,,1,
2022,21,210554,Kentucky,1,1,0,0,0,1,1,111,JEFFERSON (111),2090,LOUISVILLE,31,31,10,October,2022,2,Monday,14,2:00pm-2:59pm,42,42,0,This section IS NOT on the NHS,2,Urban,4,Minor Arterial,1,State Highway Agency,3,State Highway,SR-1932 BRECKENRIDGE LN,,34,34,38.22805833,38.22805833,-85.636291670,-85.63629167,0,No Special Jurisdiction,25,Concrete Traffic Barrier,0,The First Harmful Event was Not a Collision with a Motor Vehicle in Transport,1,Yes,19,Other location within Interchange Area,1,Not an Intersection,0,None,,,4,On Roadside,1,Daylight,,,,,10,Cloudy,0,No,0000000,Not Applicable,14,2:00pm-2:59pm,43,43,14,2:00pm-2:59pm,55,55,15,3:00pm-3:59pm,30,30,,,,,,,1,
2022,21,210555,Kentucky,1,1,0,0,0,1,1,163,MEADE (163),193,BATTLETOWN,30,30,10,October,2022,1,Sunday,15,3:00pm-3:59pm,56,56,0,This section IS NOT on the NHS,1,Rural,6,Minor Collector,1,State Highway Agency,3,State Highway,SR-1844,,27,27,38.04673889,38.04673889,-86.308330560,-86.30833056,0,No Special Jurisdiction,42,Tree (Standing Only),0,The First Harmful Event was Not a Collision with a Motor Vehicle in Transport,0,No,1,Non-Junction,1,Not an Intersection,0,None,,,4,On Roadside,1,Daylight,,,,,10,Cloudy,0,No,0000000,Not Applicable,15,3:00pm-3:59pm,56,56,15,3:00pm-3:59pm,58,58,88,"Not Applicable (Not Transported) ",88,Not Applicable (Not Transported),,,,,,,1,
2022,21,210556,Kentucky,2,2,0,0,0,3,3,221,TRIGG (221),0,NOT APPLICABLE,31,31,10,October,2022,2,Monday,8,8:00am-8:59am,50,50,1,This section IS ON the NHS,1,Rural,3,Principal Arterial - Other,1,State Highway Agency,2,U.S. Highway,US-68 CANTON RD,SR-1489 BLUE SPRING RD,132,132,36.82650556,36.82650556,-87.871597220,-87.87159722,0,No Special Jurisdiction,12,Motor Vehicle In-Transport,6,Angle,0,No,2,Intersection,3,T-Intersection,0,None,,,1,On Roadway,1,Daylight,,,,,10,Cloudy,0,No,0000000,Not Applicable,8,8:00am-8:59am,54,54,9,9:00am-9:59am,5,5,9,9:00am-9:59am,43,43,,,,,,,1,
2022,21,210557,Kentucky,2,2,0,0,0,2,2,27,BRECKINRIDGE (27),0,NOT APPLICABLE,15,15,10,October,2022,7,Saturday,15,3:00pm-3:59pm,17,17,0,This section IS NOT on the NHS,1,Rural,4,Minor Arterial,1,State Highway Agency,2,U.S. Highway,US-60,US-86,225,225,37.79238056,37.79238056,-86.335197220,-86.33519722,0,No Special Jurisdiction,12,Motor Vehicle In-Transport,6,Angle,0,No,2,Intersection,3,T-Intersection,0,None,,,1,On Roadway,1,Daylight,,,,,1,Clear,0,No,0000000,Not Applicable,14,2:00pm-2:59pm,10,10,14,2:00pm-2:59pm,18,18,14,2:00pm-2:59pm,41,41,,,,,,,1,
2022,21,210558,Kentucky,2,2,0,0,0,2,2,227,WARREN (227),350,BOWLING GREEN,26,26,10,October,2022,4,Wednesday,16,4:00pm-4:59pm,50,50,1,This section IS ON the NHS,1,Rural,1,Interstate,1,State Highway Agency,1,Interstate,I-165,,42,42,36.94742500,36.94742500,-86.491813890,-86.49181389,0,No Special Jurisdiction,12,Motor Vehicle In-Transport,1,Front-to-Rear,0,No,1,Non-Junction,1,Not an Intersection,0,None,,,1,On Roadway,1,Daylight,,,,,1,Clear,0,No,0000000,Not Applicable,16,4:00pm-4:59pm,48,48,16,4:00pm-4:59pm,58,58,17,5:00pm-5:59pm,19,19,,,,,,,1,
2022,21,210559,Kentucky,2,2,0,0,0,2,2,139,LIVINGSTON (139),0,NOT APPLICABLE,31,31,10,October,2022,2,Monday,19,7:00pm-7:59pm,46,46,0,This section IS NOT on the NHS,1,Rural,4,Minor Arterial,1,State Highway Agency,2,U.S. Highway,US-60,,247,247,37.26260278,37.26260278,-88.294855560,-88.29485556,0,No Special Jurisdiction,12,Motor Vehicle In-Transport,8,Sideswipe - Opposite Direction,0,No,1,Non-Junction,1,Not an Intersection,0,None,,,1,On Roadway,2,Dark - Not Lighted,,,,,10,Cloudy,0,No,0000000,Not Applicable,19,7:00pm-7:59pm,46,46,19,7:00pm-7:59pm,54,54,88,"Not Applicable (Not Transported) ",88,Not Applicable (Not Transported),,,,,,,1,
2022,21,210560,Kentucky,1,1,0,0,0,1,1,213,SIMPSON (213),0,NOT APPLICABLE,13,13,10,October,2022,5,Thursday,17,5:00pm-5:59pm,33,33,0,This section IS NOT on the NHS,1,Rural,6,Minor Collector,1,State Highway Agency,3,State Highway,SR-664 SULPHER SPRING CHURCH R,,37,37,36.71904722,36.71904722,-86.691016670,-86.69101667,0,No Special Jurisdiction,1,Rollover/Overturn,0,The First Harmful Event was Not a Collision with a Motor Vehicle in Transport,0,No,1,Non-Junction,1,Not an Intersection,0,None,,,4,On Roadside,1,Daylight,,,,,1,Clear,0,No,0000000,Not Applicable,17,5:00pm-5:59pm,37,37,17,5:00pm-5:59pm,49,49,88,"Not Applicable (Not Transported) ",88,Not Applicable (Not Transported),,,,,,,1,
2022,21,210561,Kentucky,2,2,0,0,0,2,2,67,FAYETTE (67),1980,LEXINGTON-FAYETTE,1,1,10,October,2022,7,Saturday,23,11:00pm-11:59pm,23,23,1,This section IS ON the NHS,2,Urban,3,Principal Arterial - Other,1,State Highway Agency,3,State Highway,SR-1974 TATES CREEK RD,E NEW CIRCLE RD ON RAMP,95,95,37.99164444,37.99164444,-84.494947220,-84.49494722,0,No Special Jurisdiction,12,Motor Vehicle In-Transport,6,Angle,1,Yes,2,Intersection,2,Four-Way Intersection,0,None,,,1,On Roadway,3,Dark - Lighted,,,,,1,Clear,0,No,0000000,Not Applicable,0,0:00am-0:59am,23,23,23,11:00pm-11:59pm,26,26,23,11:00pm-11:59pm,39,39,,,,,,,1,
2022,21,210562,Kentucky,1,1,0,0,0,1,1,93,HARDIN (93),0,NOT APPLICABLE,4,4,10,October,2022,3,Tuesday,20,8:00pm-8:59pm,34,34,0,This section IS NOT on the NHS,1,Rural,7,Local,2,County Highway Agency,4,County Road,CR-MILLER RD,,50,50,37.69621667,37.69621667,-85.773775000,-85.77377500,0,No Special Jurisdiction,11,Live Animal,0,The First Harmful Event was Not a Collision with a Motor Vehicle in Transport,0,No,1,Non-Junction,1,Not an Intersection,0,None,,,1,On Roadway,2,Dark - Not Lighted,,,,,1,Clear,0,No,0000000,Not Applicable,20,8:00pm-8:59pm,35,35,20,8:00pm-8:59pm,48,48,21,9:00pm-9:59pm,28,28,,,,,,,1,
2022,21,210563,Kentucky,4,4,0,0,0,6,6,179,NELSON (179),0,NOT APPLICABLE,5,5,10,October,2022,4,Wednesday,11,11:00am-11:59am,25,25,0,This section IS NOT on the NHS,1,Rural,4,Minor Arterial,1,State Highway Agency,3,State Highway,SR-245 NEW SHEPHERDSVILLE RD,,82,82,37.87089722,37.87089722,-85.530738890,-85.53073889,0,No Special Jurisdiction,12,Motor Vehicle In-Transport,1,Front-to-Rear,0,No,1,Non-Junction,1,Not an Intersection,0,None,,,1,On Roadway,1,Daylight,,,,,1,Clear,0,No,0000000,Not Applicable,11,11:00am-11:59am,25,25,11,11:00am-11:59am,34,34,12,12:00pm-12:59pm,6,6,,,,,,,1,
2022,21,210564,Kentucky,2,2,0,0,0,2,2,113,JESSAMINE (113),2410,NICHOLASVILLE,15,15,10,October,2022,7,Saturday,18,6:00pm-6:59pm,25,25,0,This section IS NOT on the NHS,2,Urban,7,Local,3,Town or Township Highway Agency,5,Local Street - Township,BILOXI DR,,4,4,37.86613611,37.86613611,-84.589200000,-84.58920000,0,No Special Jurisdiction,12,Motor Vehicle In-Transport,7,Sideswipe - Same Direction,0,No,1,Non-Junction,1,Not an Intersection,0,None,,,1,On Roadway,1,Daylight,,,,,1,Clear,0,No,0000000,Not Applicable,18,6:00pm-6:59pm,25,25,18,6:00pm-6:59pm,30,30,18,6:00pm-6:59pm,59,59,,,,,,,1,
2022,21,210565,Kentucky,1,1,0,0,0,1,1,27,BRECKINRIDGE (27),0,NOT APPLICABLE,28,28,10,October,2022,6,Friday,16,4:00pm-4:59pm,9,9,0,This section IS NOT on the NHS,1,Rural,4,Minor Arterial,1,State Highway Agency,3,State Highway,SR-79,,73,73,37.64835278,37.64835278,-86.425927780,-86.42592778,0,No Special Jurisdiction,1,Rollover/Overturn,0,The First Harmful Event was Not a Collision with a Motor Vehicle in Transport,0,No,1,Non-Junction,1,Not an Intersection,0,None,,,4,On Roadside,1,Daylight,,,,,1,Clear,0,No,0000000,Not Applicable,16,4:00pm-4:59pm,8,8,16,4:00pm-4:59pm,20,20,16,4:00pm-4:59pm,53,53,,,,,,,1,
2022,21,210566,Kentucky,1,1,0,0,0,1,1,167,MERCER (167),0,NOT APPLICABLE,9,9,1,January,2022,1,Sunday,12,12:00pm-12:59pm,53,53,0,This section IS NOT on the NHS,1,Rural,7,Local,1,State Highway Agency,3,State Highway,SR-342 CURDSVILLE RD,,19,19,37.77632500,37.77632500,-84.732800000,-84.73280000,0,No Special Jurisdiction,38,Fence,0,The First Harmful Event was Not a Collision with a Motor Vehicle in Transport,0,No,1,Non-Junction,1,Not an Intersection,0,None,,,5,Outside Trafficway,1,Daylight,,,,,2,Rain,0,No,0000000,Not Applicable,12,12:00pm-12:59pm,55,55,13,1:00pm-1:59pm,10,10,88,"Not Applicable (Not Transported) ",88,Not Applicable (Not Transported),,,,,,,1,
2022,21,210567,Kentucky,1,1,0,0,0,1,1,7,BALLARD (7),0,NOT APPLICABLE,25,25,1,January,2022,3,Tuesday,16,4:00pm-4:59pm,52,52,0,This section IS NOT on the NHS,1,Rural,4,Minor Arterial,1,State Highway Agency,3,State Highway,SR-286 WICKLIFFE RD,,115,115,36.99386667,36.99386667,-88.882047220,-88.88204722,0,No Special Jurisdiction,35,Embankment,0,The First Harmful Event was Not a Collision with a Motor Vehicle in Transport,0,No,1,Non-Junction,1,Not an Intersection,0,None,,,4,On Roadside,1,Daylight,,,,,1,Clear,0,No,0000000,Not Applicable,16,4:00pm-4:59pm,56,56,17,5:00pm-5:59pm,10,10,18,6:00pm-6:59pm,18,18,,,,,,,1,
2022,21,210568,Kentucky,2,2,0,0,0,3,3,199,PULASKI (199),0,NOT APPLICABLE,2,2,11,November,2022,4,Wednesday,20,8:00pm-8:59pm,24,24,1,This section IS ON the NHS,1,Rural,3,Principal Arterial - Other,1,State Highway Agency,2,U.S. Highway,US-27,SR-70,298,298,37.27568611,37.27568611,-84.643816670,-84.64381667,0,No Special Jurisdiction,12,Motor Vehicle In-Transport,6,Angle,0,No,2,Intersection,98,Not Reported,0,None,,,1,On Roadway,2,Dark - Not Lighted,,,,,1,Clear,0,No,0000000,Not Applicable,20,8:00pm-8:59pm,26,26,20,8:00pm-8:59pm,38,38,21,9:00pm-9:59pm,41,41,,,,,,,2,
2022,21,210569,Kentucky,2,2,0,0,0,5,5,121,KNOX (121),160,BARBOURVILLE,1,1,11,November,2022,3,Tuesday,18,6:00pm-6:59pm,34,34,1,This section IS ON the NHS,2,Urban,3,Principal Arterial - Other,1,State Highway Agency,2,U.S. Highway,US-25,SR-1304,69,69,36.87341944,36.87341944,-83.830444440,-83.83044444,0,No Special Jurisdiction,12,Motor Vehicle In-Transport,6,Angle,0,No,2,Intersection,3,T-Intersection,0,None,,,1,On Roadway,1,Daylight,,,,,1,Clear,0,No,0000000,Not Applicable,18,6:00pm-6:59pm,45,45,18,6:00pm-6:59pm,50,50,19,7:00pm-7:59pm,30,30,,,,,,,1,
2022,21,210570,Kentucky,1,1,0,1,1,1,1,111,JEFFERSON (111),2090,LOUISVILLE,1,1,11,November,2022,3,Tuesday,20,8:00pm-8:59pm,17,17,0,This section IS NOT on the NHS,2,Urban,4,Minor Arterial,1,State Highway Agency,3,State Highway,SR-61 PRESTON HWY,,37,37,38.13502222,38.13502222,-85.684908330,-85.68490833,0,No Special Jurisdiction,9,Pedalcyclist,0,The First Harmful Event was Not a Collision with a Motor Vehicle in Transport,0,No,1,Non-Junction,1,Not an Intersection,0,None,,,1,On Roadway,2,Dark - Not Lighted,,,,,1,Clear,0,No,0000000,Not Applicable,20,8:00pm-8:59pm,17,17,21,9:00pm-9:59pm,21,21,21,9:00pm-9:59pm,11,11,,,,,,,1,
2022,21,210571,Kentucky,2,2,0,2,2,3,3,51,CLAY (51),2160,MANCHESTER,4,4,11,November,2022,6,Friday,20,8:00pm-8:59pm,41,41,1,This section IS ON the NHS,1,Rural,4,Minor Arterial,1,State Highway Agency,2,U.S. Highway,US-421,,204,204,37.18355833,37.18355833,-83.772808330,-83.77280833,0,No Special Jurisdiction,9,Pedalcyclist,0,The First Harmful Event was Not a Collision with a Motor Vehicle in Transport,0,No,1,Non-Junction,1,Not an Intersection,0,None,,,1,On Roadway,6,Dark - Unknown Lighting,,,,,1,Clear,0,No,0000000,Not Applicable,20,8:00pm-8:59pm,15,15,20,8:00pm-8:59pm,18,18,20,8:00pm-8:59pm,25,25,,,,,,,2,
2022,21,210572,Kentucky,1,1,0,0,0,1,1,67,FAYETTE (67),1980,LEXINGTON-FAYETTE,5,5,11,November,2022,7,Saturday,2,2:00am-2:59am,30,30,0,This section IS NOT on the NHS,2,Urban,7,Local,3,Town or Township Highway Agency,5,Local Street - Township,GAINESWAY DR,CASTLETON HL,3,3,37.99034722,37.99034722,-84.489291670,-84.48929167,0,No Special Jurisdiction,1,Rollover/Overturn,0,The First Harmful Event was Not a Collision with a Motor Vehicle in Transport,0,No,2,Intersection,98,Not Reported,0,None,,,1,On Roadway,3,Dark - Lighted,,,,,1,Clear,0,No,0000000,Not Applicable,2,2:00am-2:59am,31,31,2,2:00am-2:59am,39,39,3,3:00am-3:59am,7,7,,,,,,,1,
2022,21,210573,Kentucky,2,2,0,0,0,3,3,219,TODD (219),0,NOT APPLICABLE,7,7,11,November,2022,2,Monday,17,5:00pm-5:59pm,20,20,0,This section IS NOT on the NHS,1,Rural,4,Minor Arterial,1,State Highway Agency,3,State Highway,SR-181 GUTHRIE,,80,80,36.75378611,36.75378611,-87.168983330,-87.16898333,0,No Special Jurisdiction,12,Motor Vehicle In-Transport,2,Front-to-Front,0,No,1,Non-Junction,1,Not an Intersection,0,None,,,1,On Roadway,2,Dark - Not Lighted,,,,,1,Clear,0,No,0000000,Not Applicable,17,5:00pm-5:59pm,23,23,17,5:00pm-5:59pm,26,26,88,"Not Applicable (Not Transported) ",88,Not Applicable (Not Transported),,,,,,,1,
2022,21,210574,Kentucky,1,1,0,0,0,1,1,95,HARLAN (95),2711,PUTNEY,8,8,11,November,2022,3,Tuesday,15,3:00pm-3:59pm,47,47,0,This section IS NOT on the NHS,2,Urban,7,Local,1,State Highway Agency,3,State Highway,SR-522,,41,41,36.90719444,36.90719444,-83.228352780,-83.22835278,0,No Special Jurisdiction,42,Tree (Standing Only),0,The First Harmful Event was Not a Collision with a Motor Vehicle in Transport,0,No,1,Non-Junction,1,Not an Intersection,0,None,,,4,On Roadside,1,Daylight,,,,,1,Clear,0,No,0000000,Not Applicable,15,3:00pm-3:59pm,47,47,16,4:00pm-4:59pm,2,2,88,"Not Applicable (Not Transported) ",88,Not Applicable (Not Transported),,,,,,,1,
2022,21,210575,Kentucky,1,1,0,0,0,1,1,111,JEFFERSON (111),2570,PARKWAY VILLAGE,9,9,11,November,2022,4,Wednesday,0,0:00am-0:59am,8,8,0,This section IS NOT on the NHS,2,Urban,5,Major Collector,4,City or Municipal Highway Agency,6,Local Street - Municipality,CLARKS LN,,2,2,38.21458056,38.21458056,-85.738397220,-85.73839722,0,No Special Jurisdiction,30,Utility Pole/Light Support,0,The First Harmful Event was Not a Collision with a Motor Vehicle in Transport,0,No,1,Non-Junction,1,Not an Intersection,0,None,,,4,On Roadside,2,Dark - Not Lighted,,,,,1,Clear,0,No,0000000,Not Applicable,0,0:00am-0:59am,13,13,0,0:00am-0:59am,31,31,88,"Not Applicable (Not Transported) ",88,Not Applicable (Not Transported),,,,,,,1,
2022,21,210576,Kentucky,2,2,0,0,0,2,2,111,JEFFERSON (111),2090,LOUISVILLE,9,9,11,November,2022,4,Wednesday,18,6:00pm-6:59pm,6,6,0,This section IS NOT on the NHS,2,Urban,4,Minor Arterial,2,County Highway Agency,4,County Road,CR-1003 ARNOLDTOWN RD,,8,8,38.13821389,38.13821389,-85.820405560,-85.82040556,0,No Special Jurisdiction,1,Rollover/Overturn,0,The First Harmful Event was Not a Collision with a Motor Vehicle in Transport,0,No,1,Non-Junction,1,Not an Intersection,0,None,,,1,On Roadway,2,Dark - Not Lighted,,,,,1,Clear,0,No,0000000,Not Applicable,18,6:00pm-6:59pm,7,7,18,6:00pm-6:59pm,13,13,88,"Not Applicable (Not Transported) ",88,Not Applicable (Not Transported),,,,,,,1,
2022,21,210577,Kentucky,1,1,0,1,1,1,1,83,GRAVES (83),0,NOT APPLICABLE,10,10,11,November,2022,5,Thursday,17,5:00pm-5:59pm,39,39,0,This section IS NOT on the NHS,1,Rural,5,Major Collector,1,State Highway Agency,3,State Highway,SR-131,,32,32,36.80605278,36.80605278,-88.595322220,-88.59532222,0,No Special Jurisdiction,8,Pedestrian,0,The First Harmful Event was Not a Collision with a Motor Vehicle in Transport,0,No,1,Non-Junction,1,Not an Intersection,0,None,,,1,On Roadway,2,Dark - Not Lighted,,,,,1,Clear,0,No,0000000,Not Applicable,17,5:00pm-5:59pm,40,40,17,5:00pm-5:59pm,42,42,88,"Not Applicable (Not Transported) ",88,Not Applicable (Not Transported),,,,,,,1,
2022,21,210578,Kentucky,1,1,0,1,1,1,1,147,MCCREARY (147),3545,WHITLEY CITY,10,10,11,November,2022,5,Thursday,21,9:00pm-9:59pm,31,31,1,This section IS ON the NHS,1,Rural,3,Principal Arterial - Other,1,State Highway Agency,2,U.S. Highway,US-27,,101,101,36.73781389,36.73781389,-84.471594440,-84.47159444,0,No Special Jurisdiction,8,Pedestrian,0,The First Harmful Event was Not a Collision with a Motor Vehicle in Transport,0,No,1,Non-Junction,1,Not an Intersection,0,None,,,1,On Roadway,2,Dark - Not Lighted,,,,,1,Clear,0,No,0000000,Not Applicable,21,9:00pm-9:59pm,22,22,21,9:00pm-9:59pm,23,23,88,"Not Applicable (Not Transported) ",88,Not Applicable (Not Transported),,,,,,,1,
2022,21,210579,Kentucky,6,4,2,0,0,5,5,111,JEFFERSON (111),2090,LOUISVILLE,10,10,11,November,2022,5,Thursday,22,10:00pm-10:59pm,39,39,0,This section IS NOT on the NHS,1,Rural,7,Local,1,State Highway Agency,3,State Highway,SR-1020 S 2ND ST,W HILL ST,0,None,38.22564444,38.22564444,-85.758597220,-85.75859722,0,No Special Jurisdiction,12,Motor Vehicle In-Transport,6,Angle,0,No,2,Intersection,2,Four-Way Intersection,0,None,,,1,On Roadway,3,Dark - Lighted,,,,,10,Cloudy,0,No,0000000,Not Applicable,22,10:00pm-10:59pm,39,39,22,10:00pm-10:59pm,41,41,23,11:00pm-11:59pm,4,4,,,,,,,2,
2022,21,210580,Kentucky,1,1,0,0,0,1,1,111,JEFFERSON (111),2090,LOUISVILLE,10,10,11,November,2022,5,Thursday,23,11:00pm-11:59pm,16,16,0,This section IS NOT on the NHS,2,Urban,5,Major Collector,4,City or Municipal Highway Agency,6,Local Street - Municipality,N EWING AVE,,3,3,38.25811389,38.25811389,-85.701897220,-85.70189722,0,No Special Jurisdiction,19,Building,0,The First Harmful Event was Not a Collision with a Motor Vehicle in Transport,0,No,1,Non-Junction,1,Not an Intersection,0,None,,,5,Outside Trafficway,2,Dark - Not Lighted,,,,,1,Clear,0,No,0000000,Not Applicable,23,11:00pm-11:59pm,16,16,23,11:00pm-11:59pm,27,27,88,"Not Applicable (Not Transported) ",88,Not Applicable (Not Transported),,,,,,,1,