caseyear,state,st_case,statename,ve_total,ve_forms,pvh_invl,peds,pernotmvit,permvit,persons,county,countyname,city,cityname,day,dayname,month,monthname,year,day_week,day_weekname,hour,hourname,minute,minutename,nhs,nhsname,rur_urb,rur_urbname,func_sys,func_sysname,rd_owner,rd_ownername,route,routename,tway_id,tway_id2,milept,mileptname,latitude,latitudename,longitud,longitudname,sp_jur,sp_jurname,harm_ev,harm_evname,man_coll,man_collname,reljct1,reljct1name,reljct2,reljct2name,typ_int,typ_intname,wrk_zone,wrk_zonename,road_fnc,road_fncname,rel_road,rel_roadname,lgt_cond,lgt_condname,weather1,weather1name,weather2,weather2name,weather,weathername,sch_bus,sch_busname,rail,railname,not_hour,not_hourname,not_min,not_minname,arr_hour,arr_hourname,arr_min,arr_minname,hosp_hr,hosp_hrname,hosp_mn,hosp_mnname,cf1,cf1name,cf2,cf2name,cf3,cf3name,fatals,drunk_dr
2022,21,210581,Kentucky,2,2,0,0,0,2,2,67,FAYETTE (67),1980,LEXINGTON-FAYETTE,11,11,11,November,2022,6,Friday,6,6:00am-6:59am,42,42,0,This section IS NOT on the NHS,1,Rural,5,Major Collector,1,State Highway Agency,3,State Highway,SR-859 HALEY RD,I-64 EIT 87 ON RAMP,14,14,38.04572778,38.04572778,-84.322805560,-84.32280556,0,No Special Jurisdiction,12,Motor Vehicle In-Transport,6,Angle,1,Yes,2,Intersection,2,Four-Way Intersection,0,None,,,1,On Roadway,1,Daylight,,,,,2,Rain,0,No,0000000,Not Applicable,6,6:00am-6:59am,48,48,7,7:00am-7:59am,1,1,7,7:00am-7:59am,39,39,,,,,,,1,
2022,21,210582,Kentucky,2,2,0,0,0,2,2,45,CASEY (45),0,NOT APPLICABLE,11,11,11,November,2022,6,Friday,10,10:00am-10:59am,48,48,1,This section IS ON the NHS,1,Rural,3,Principal Arterial - Other,1,State Highway Agency,2,U.S. Highway,US-127,,115,115,37.28943611,37.28943611,-84.956344440,-84.95634444,0,No Special Jurisdiction,12,Motor Vehicle In-Transport,2,Front-to-Front,0,No,1,Non-Junction,1,Not an Intersection,0,None,,,1,On Roadway,1,Daylight,,,,,2,Rain,0,No,0000000,Not Applicable,10,10:00am-10:59am,44,44,10,10:00am-10:59am,49,49,11,11:00am-11:59am,54,54,,,,,,,1,
2022,21,210583,Kentucky,2,2,0,0,0,3,3,67,FAYETTE (67),1980,LEXINGTON-FAYETTE,11,11,11,November,2022,6,Friday,16,4:00pm-4:59pm,25,25,0,This section IS NOT on the NHS,1,Rural,5,Major Collector,1,State Highway Agency,3,State Highway,SR-922 NEWTOWN PIKE,,89,89,38.17463889,38.17463889,-84.488158330,-84.48815833,0,No Special Jurisdiction,12,Motor Vehicle In-Transport,2,Front-to-Front,0,No,1,Non-Junction,1,Not an Intersection,0,None,,,1,On Roadway,5,Dusk,,,,,1,Clear,0,No,0000000,Not Applicable,16,4:00pm-4:59pm,42,42,16,4:00pm-4:59pm,53,53,17,5:00pm-5:59pm,7,7,,,,,,,1,
2022,21,210584,Kentucky,1,1,0,1,1,1,1,111,JEFFERSON (111),2090,LOUISVILLE,10,10,11,November,2022,5,Thursday,21,9:00pm-9:59pm,27,27,1,This section IS ON the NHS,2,Urban,3,Principal Arterial - Other,1,State Highway Agency,2,U.S. Highway,US-31 DIXIE HWY,WATSON LN,48,48,38.05623611,38.05623611,-85.890641670,-85.89064167,0,No Special Jurisdiction,8,Pedestrian,0,The First Harmful Event was Not a Collision with a Motor Vehicle in Transport,0,No,2,Intersection,3,T-Intersection,0,None,,,1,On Roadway,2,Dark - Not Lighted,,,,,1,Clear,0,No,0000000,Not Applicable,21,9:00pm-9:59pm,27,27,21,9:00pm-9:59pm,35,35,22,10:00pm-10:59pm,20,20,,,,,,,1,
2022,21,210585,Kentucky,1,1,0,0,0,3,3,151,MADISON (151),0,NOT APPLICABLE,11,11,11,November,2022,6,Friday,21,9:00pm-9:59pm,58,58,0,This section IS NOT on the NHS,1,Rural,7,Local,1,State Highway Agency,3,State Highway,SR-2328 LEXINGTON RD,,15,15,37.88702222,37.88702222,-84.337644440,-84.33764444,0,No Special Jurisdiction,24,Guardrail Face,0,The First Harmful Event was Not a Collision with a Motor Vehicle in Transport,0,No,1,Non-Junction,1,Not an Intersection,0,None,,,4,On Roadside,2,Dark - Not Lighted,,,,,1,Clear,0,No,0000000,Not Applicable,21,9:00pm-9:59pm,33,33,21,9:00pm-9:59pm,44,44,22,10:00pm-10:59pm,59,59,,,,,,,1,
2022,21,210586,Kentucky,2,1,1,0,1,1,2,111,JEFFERSON (111),2090,LOUISVILLE,6,6,11,November,2022,1,Sunday,4,4:00am-4:59am,0,0,1,This section IS ON the NHS,2,Urban,1,Interstate,1,State Highway Agency,1,Interstate,I-264,,127,127,38.19108333,38.19108333,-85.718422220,-85.71842222,0,No Special Jurisdiction,14,Parked Motor Vehicle,0,The First Harmful Event was Not a Collision with a Motor Vehicle in Transport,1,Yes,19,Other location within Interchange Area,1,Not an Intersection,0,None,,,8,Gore,3,Dark - Lighted,,,,,1,Clear,0,No,0000000,Not Applicable,4,4:00am-4:59am,0,0,4,4:00am-4:59am,10,10,88,"Not Applicable (Not Transported) ",88,Not Applicable (Not Transported),,,,,,,1,
2022,21,210587,Kentucky,2,2,0,0,0,2,2,199,PULASKI (199),0,NOT APPLICABLE,14,14,11,November,2022,2,Monday,9,9:00am-9:59am,50,50,0,This section IS NOT on the NHS,1,Rural,5,Major Collector,1,State Highway Agency,3,State Highway,"SR-635 ",,8,8,37.22126389,37.22126389,-84.711497220,-84.71149722,0,No Special Jurisdiction,12,Motor Vehicle In-Transport,8,Sideswipe - Opposite Direction,0,No,1,Non-Junction,1,Not an Intersection,0,None,,,1,On Roadway,1,Daylight,,,,,1,Clear,0,No,0000000,Not Applicable,9,9:00am-9:59am,33,33,9,9:00am-9:59am,48,48,10,10:00am-10:59am,1,1,,,,,,,1,
2022,21,210588,Kentucky,2,2,0,0,0,2,2,209,SCOTT (209),1280,GEORGETOWN,14,14,11,November,2022,2,Monday,16,4:00pm-4:59pm,12,12,0,This section IS NOT on the NHS,2,Urban,4,Minor Arterial,1,State Highway Agency,2,U.S. Highway,US-62 MCCLELLAND CIRLCE,SEMINOLE TRL,63,63,38.19377500,38.19377500,-84.580505560,-84.58050556,0,No Special Jurisdiction,12,Motor Vehicle In-Transport,6,Angle,0,No,2,Intersection,3,T-Intersection,0,None,,,1,On Roadway,1,Daylight,,,,,1,Clear,0,No,0000000,Not Applicable,16,4:00pm-4:59pm,12,12,16,4:00pm-4:59pm,22,22,16,4:00pm-4:59pm,42,42,,,,,,,1,
2022,21,210589,Kentucky,3,3,0,0,0,5,5,9,BARREN (9),0,NOT APPLICABLE,15,15,11,November,2022,3,Tuesday,8,8:00am-8:59am,33,33,0,This section IS NOT on the NHS,1,Rural,4,Minor Arterial,1,State Highway Agency,3,State Highway,SR-90 BURKEKVILLE RD,,165,165,36.93388333,36.93388333,-85.821672220,-85.82167222,0,No Special Jurisdiction,12,Motor Vehicle In-Transport,8,Sideswipe - Opposite Direction,0,No,1,Non-Junction,1,Not an Intersection,0,None,,,1,On Roadway,1,Daylight,,,,,1,Clear,0,No,0000000,Not Applicable,8,8:00am-8:59am,35,35,8,8:00am-8:59am,49,49,9,9:00am-9:59am,19,19,,,,,,,1,
2022,21,210590,Kentucky,1,1,0,1,1,1,1,111,JEFFERSON (111),2090,LOUISVILLE,14,14,11,November,2022,2,Monday,20,8:00pm-8:59pm,58,58,1,This section IS ON the NHS,2,Urban,3,Principal Arterial - Other,1,State Highway Agency,3,State Highway,SR-1447 WESTPORT RD,GOOSE CREEK RD,49,49,38.28602500,38.28602500,-85.576655560,-85.57665556,0,No Special Jurisdiction,8,Pedestrian,0,The First Harmful Event was Not a Collision with a Motor Vehicle in Transport,0,No,3,Intersection-Related,2,Four-Way Intersection,0,None,,,1,On Roadway,3,Dark - Lighted,,,,,1,Clear,0,No,0000000,Not Applicable,20,8:00pm-8:59pm,58,58,21,9:00pm-9:59pm,2,2,21,9:00pm-9:59pm,19,19,,,,,,,1,
2022,21,210591,Kentucky,2,2,0,0,0,4,4,111,JEFFERSON (111),2090,LOUISVILLE,15,15,11,November,2022,3,Tuesday,22,10:00pm-10:59pm,21,21,1,This section IS ON the NHS,2,Urban,3,Principal Arterial - Other,1,State Highway Agency,3,State Highway,SR-1865 NEW CUT RD,N KENWOOD DR,37,37,38.16137222,38.16137222,-85.779163890,-85.77916389,0,No Special Jurisdiction,33,Curb,0,The First Harmful Event was Not a Collision with a Motor Vehicle in Transport,0,No,3,Intersection-Related,2,Four-Way Intersection,0,None,,,3,On Median,3,Dark - Lighted,,,,,1,Clear,0,No,0000000,Not Applicable,22,10:00pm-10:59pm,23,23,22,10:00pm-10:59pm,31,31,23,11:00pm-11:59pm,10,10,,,,,,,1,
2022,21,210592,Kentucky,3,3,0,0,0,3,3,101,HENDERSON (101),1510,HENDERSON,15,15,11,November,2022,3,Tuesday,11,11:00am-11:59am,49,49,1,This section IS ON the NHS,1,Rural,2,Principal Arterial - Other Freeways and Expressways,1,State Highway Agency,3,State Highway,SR-9005 AUDUBON PKWY,,51,51,37.78696944,37.78696944,-87.474450000,-87.47445000,0,No Special Jurisdiction,12,Motor Vehicle In-Transport,1,Front-to-Rear,1,Yes,18,Through Roadway,1,Not an Intersection,0,None,,,1,On Roadway,1,Daylight,,,,,10,Cloudy,0,No,0000000,Not Applicable,11,11:00am-11:59am,53,53,12,12:00pm-12:59pm,5,5,12,12:00pm-12:59pm,39,39,,,,,,,1,
2022,21,210593,Kentucky,2,2,0,0,0,2,2,67,FAYETTE (67),1980,LEXINGTON-FAYETTE,19,19,11,November,2022,7,Saturday,19,7:00pm-7:59pm,2,2,0,This section IS NOT on the NHS,1,Rural,3,Principal Arterial - Other,1,State Highway Agency,2,U.S. Highway,US-60 WINCHESTER RD,,148,148,38.01384722,38.01384722,-84.369605560,-84.36960556,0,No Special Jurisdiction,12,Motor Vehicle In-Transport,2,Front-to-Front,0,No,1,Non-Junction,1,Not an Intersection,0,None,,,1,On Roadway,2,Dark - Not Lighted,,,,,1,Clear,0,No,0000000,Not Applicable,19,7:00pm-7:59pm,4,4,19,7:00pm-7:59pm,25,25,19,7:00pm-7:59pm,46,46,,,,,,,1,
2022,21,210594,Kentucky,2,2,0,0,0,2,2,81,GRANT (81),940,DRY RIDGE,19,19,11,November,2022,7,Saturday,10,10:00am-10:59am,41,41,1,This section IS ON the NHS,1,Rural,1,Interstate,1,State Highway Agency,1,Interstate,I-75,,1563,1563,38.65443056,38.65443056,-84.587322220,-84.58732222,0,No Special Jurisdiction,12,Motor Vehicle In-Transport,2,Front-to-Front,1,Yes,18,Through Roadway,1,Not an Intersection,0,None,,,1,On Roadway,1,Daylight,,,,,1,Clear,0,No,0000000,Not Applicable,10,10:00am-10:59am,46,46,10,10:00am-10:59am,49,49,88,"Not Applicable (Not Transported) ",88,Not Applicable (Not Transported),,,,,,,1,
2022,21,210595,Kentucky,1,1,0,1,1,2,2,147,MCCREARY (147),3545,WHITLEY CITY,19,19,11,November,2022,7,Saturday,18,6:00pm-6:59pm,30,30,1,This section IS ON the NHS,1,Rural,3,Principal Arterial - Other,1,State Highway Agency,2,U.S. Highway,US-27,,99998,Not Reported,36.72831944,36.72831944,-84.468866670,-84.46886667,0,No Special Jurisdiction,8,Pedestrian,0,The First Harmful Event was Not a Collision with a Motor Vehicle in Transport,0,No,1,Non-Junction,1,Not an Intersection,0,None,,,1,On Roadway,2,Dark - Not Lighted,,,,,1,Clear,0,No,0000000,Not Applicable,18,6:00pm-6:59pm,52,52,18,6:00pm-6:59pm,55,55,19,7:00pm-7:59pm,13,13,,,,,,,1,
2022,21,210596,Kentucky,1,1,0,1,1,1,1,111,JEFFERSON (111),2090,LOUISVILLE,20,20,11,November,2022,1,Sunday,5,5:00am-5:59am,29,29,0,This section IS NOT on the NHS,2,Urban,4,Minor Arterial,2,County Highway Agency,4,County Road,CR-1006 FEGENBUSH LN,,8,8,38.17468056,38.17468056,-85.639175000,-85.63917500,0,No Special Jurisdiction,8,Pedestrian,0,The First Harmful Event was Not a Collision with a Motor Vehicle in Transport,0,No,1,Non-Junction,1,Not an Intersection,0,None,,,1,On Roadway,2,Dark - Not Lighted,,,,,1,Clear,0,No,0000000,Not Applicable,5,5:00am-5:59am,38,38,5,5:00am-5:59am,38,38,88,"Not Applicable (Not Transported) ",88,Not Applicable (Not Transported),,,,,,,1,
2022,21,210597,Kentucky,2,2,0,0,0,3,3,93,HARDIN (93),1000,ELIZABETHTOWN,15,15,11,November,2022,3,Tuesday,22,10:00pm-10:59pm,54,54,0,This section IS NOT on the NHS,2,Urban,4,Minor Arterial,1,State Highway Agency,3,State Highway,SR-3005 RING RD,,33,33,37.69205000,37.69205000,-85.912586110,-85.91258611,0,No Special Jurisdiction,12,Motor Vehicle In-Transport,6,Angle,0,No,1,Non-Junction,1,Not an Intersection,0,None,,,1,On Roadway,2,Dark - Not Lighted,,,,,1,Clear,0,No,0000000,Not Applicable,22,10:00pm-10:59pm,54,54,22,10:00pm-10:59pm,59,59,0,0:00am-0:59am,9,9,,,,,,,1,
2022,21,210598,Kentucky,1,1,0,0,0,1,1,143,LYON (143),0,NOT APPLICABLE,17,17,11,November,2022,5,Thursday,20,8:00pm-8:59pm,45,45,0,This section IS NOT on the NHS,1,Rural,5,Major Collector,1,State Highway Agency,3,State Highway,SR-293,,12,12,37.06241389,37.06241389,-88.019055560,-88.01905556,0,No Special Jurisdiction,18,Other Object (not fixed),0,The First Harmful Event was Not a Collision with a Motor Vehicle in Transport,0,No,1,Non-Junction,1,Not an Intersection,0,None,,,4,On Roadside,2,Dark - Not Lighted,,,,,1,Clear,0,No,0000000,Not Applicable,20,8:00pm-8:59pm,47,47,20,8:00pm-8:59pm,55,55,88,"Not Applicable (Not Transported) ",88,Not Applicable (Not Transported),,,,,,,1,
2022,21,210599,Kentucky,1,1,0,0,0,1,1,111,JEFFERSON (111),2090,LOUISVILLE,22,22,11,November,2022,3,Tuesday,23,11:00pm-11:59pm,27,27,1,This section IS ON the NHS,2,Urban,3,Principal Arterial - Other,1,State Highway Agency,2,U.S. Highway,US-60 EASTERN PKWY,BARRET AVE,60,60,38.22650556,38.22650556,-85.720730560,-85.72073056,0,No Special Jurisdiction,30,Utility Pole/Light Support,0,The First Harmful Event was Not a Collision with a Motor Vehicle in Transport,0,No,3,Intersection-Related,2,Four-Way Intersection,0,None,,,4,On Roadside,2,Dark - Not Lighted,,,,,1,Clear,0,No,0000000,Not Applicable,23,11:00pm-11:59pm,30,30,23,11:00pm-11:59pm,41,41,88,"Not Applicable (Not Transported) ",88,Not Applicable (Not Transported),,,,,,,1,
2022,21,210600,Kentucky,2,2,0,0,0,2,2,113,JESSAMINE (113),2410,NICHOLASVILLE,16,16,11,November,2022,4,Wednesday,19,7:00pm-7:59pm,46,46,1,This section IS ON the NHS,2,Urban,3,Principal Arterial - Other,1,State Highway Agency,2,U.S. Highway,US-27 LEXINGTON RD,ELIZABETH ST,118,118,37.91621389,37.91621389,-84.557313890,-84.55731389,0,No Special Jurisdiction,12,Motor Vehicle In-Transport,1,Front-to-Rear,0,No,2,Intersection,2,Four-Way Intersection,0,None,,,1,On Roadway,3,Dark - Lighted,,,,,1,Clear,0,No,0000000,Not Applicable,19,7:00pm-7:59pm,49,49,19,7:00pm-7:59pm,50,50,20,8:00pm-8:59pm,11,11,,,,,,,1,
2022,21,210601,Kentucky,1,1,0,0,0,1,1,157,MARSHALL (157),1305,GILBERTSVILLE,24,24,11,November,2022,5,Thursday,8,8:00am-8:59am,56,56,0,This section IS NOT on the NHS,1,Rural,4,Minor Arterial,1,State Highway Agency,2,U.S. Highway,US-641,,155,155,36.95044167,36.95044167,-88.306902780,-88.30690278,0,No Special Jurisdiction,35,Embankment,0,The First Harmful Event was Not a Collision with a Motor Vehicle in Transport,0,No,1,Non-Junction,1,Not an Intersection,0,None,,,4,On Roadside,1,Daylight,,,,,1,Clear,0,No,0000000,Not Applicable,8,8:00am-8:59am,56,56,9,9:00am-9:59am,6,6,88,"Not Applicable (Not Transported) ",88,Not Applicable (Not Transported),,,,,,,1,
2022,21,210602,Kentucky,2,2,0,0,0,3,3,111,JEFFERSON (111),2090,LOUISVILLE,24,24,11,November,2022,5,Thursday,13,1:00pm-1:59pm,41,41,1,This section IS ON the NHS,2,Urban,3,Principal Arterial - Other,1,State Highway Agency,2,U.S. Highway,US-31 DIXIE HWY,,50,50,38.05915556,38.05915556,-85.888244440,-85.88824444,0,No Special Jurisdiction,12,Motor Vehicle In-Transport,8,Sideswipe - Opposite Direction,0,No,1,Non-Junction,1,Not an Intersection,0,None,,,1,On Roadway,1,Daylight,,,,,1,Clear,0,No,0000000,Not Applicable,13,1:00pm-1:59pm,42,42,14,2:00pm-2:59pm,3,3,14,2:00pm-2:59pm,44,44,,,,,,,1,
2022,21,210603,Kentucky,2,2,0,0,0,3,3,77,GALLATIN (77),0,NOT APPLICABLE,24,24,11,November,2022,5,Thursday,16,4:00pm-4:59pm,42,42,0,This section IS NOT on the NHS,1,Rural,5,Major Collector,1,State Highway Agency,2,U.S. Highway,US-42,,144,144,38.80421944,38.80421944,-84.776555560,-84.77655556,0,No Special Jurisdiction,12,Motor Vehicle In-Transport,2,Front-to-Front,0,No,1,Non-Junction,1,Not an Intersection,0,None,,,1,On Roadway,1,Daylight,,,,,10,Cloudy,0,No,0000000,Not Applicable,16,4:00pm-4:59pm,46,46,17,5:00pm-5:59pm,7,7,17,5:00pm-5:59pm,45,45,,,,,,,1,
2022,21,210604,Kentucky,3,3,0,0,0,8,8,7,BALLARD (7),0,NOT APPLICABLE,24,24,11,November,2022,5,Thursday,23,11:00pm-11:59pm,18,18,0,This section IS NOT on the NHS,1,Rural,4,Minor Arterial,1,State Highway Agency,3,State Highway,SR-286 WICKLIFFE RD,,81,81,36.98953889,36.98953889,-88.943527780,-88.94352778,0,No Special Jurisdiction,12,Motor Vehicle In-Transport,2,Front-to-Front,0,No,1,Non-Junction,1,Not an Intersection,0,None,,,1,On Roadway,2,Dark - Not Lighted,,,,,1,Clear,0,No,0000000,Not Applicable,23,11:00pm-11:59pm,25,25,23,11:00pm-11:59pm,37,37,2,2:00am-2:59am,3,3,,,,,,,1,
2022,21,210605,Kentucky,1,1,0,0,0,1,1,169,METCALFE (169),3234,SUMMER SHADE,26,26,11,November,2022,7,Saturday,21,9:00pm-9:59pm,27,27,0,This section IS NOT on the NHS,1,Rural,4,Minor Arterial,1,State Highway Agency,3,State Highway,SR-90 E SUMMER SHADE RD,,26,26,36.88392222,36.88392222,-85.699836110,-85.69983611,0,No Special Jurisdiction,35,Embankment,0,The First Harmful Event was Not a Collision with a Motor Vehicle in Transport,0,No,1,Non-Junction,1,Not an Intersection,0,None,,,4,On Roadside,3,Dark - Lighted,,,,,2,Rain,0,No,0000000,Not Applicable,21,9:00pm-9:59pm,25,25,21,9:00pm-9:59pm,42,42,88,"Not Applicable (Not Transported) ",88,Not Applicable (Not Transported),,,,,,,1,
2022,21,210606,Kentucky,1,1,0,0,0,1,1,25,BREATHITT (25),3335,VANCLEVE,27,27,11,November,2022,1,Sunday,12,12:00pm-12:59pm,0,0,0,This section IS NOT on the NHS,1,Rural,4,Minor Arterial,1,State Highway Agency,3,State Highway,SR-205,,91,91,37.66206389,37.66206389,-83.393791670,-83.39379167,0,No Special Jurisdiction,93,Unknown Fixed Object,0,The First Harmful Event was Not a Collision with a Motor Vehicle in Transport,0,No,1,Non-Junction,1,Not an Intersection,0,None,,,4,On Roadside,1,Daylight,,,,,10,Cloudy,0,No,0000000,Not Applicable,12,12:00pm-12:59pm,9,9,12,12:00pm-12:59pm,21,21,12,12:00pm-12:59pm,41,41,,,,,,,1,
2022,21,210607,Kentucky,1,1,0,0,0,1,1,133,LETCHER (133),290,BLACKEY,28,28,11,November,2022,2,Monday,8,8:00am-8:59am,33,33,0,This section IS NOT on the NHS,1,Rural,5,Major Collector,1,State Highway Agency,3,State Highway,SR-7,,49,49,37.13885556,37.13885556,-82.994183330,-82.99418333,0,No Special Jurisdiction,35,Embankment,0,The First Harmful Event was Not a Collision with a Motor Vehicle in Transport,0,No,1,Non-Junction,1,Not an Intersection,0,None,,,4,On Roadside,1,Daylight,,,,,10,Cloudy,0,No,0000000,Not Applicable,8,8:00am-8:59am,35,35,8,8:00am-8:59am,43,43,10,10:00am-10:59am,0,0,,,,,,,1,
2022,21,210608,Kentucky,7,7,0,0,0,8,8,15,BOONE (15),3400,WALTON,29,29,11,November,2022,3,Tuesday,15,3:00pm-3:59pm,49,49,1,This section IS ON the NHS,2,Urban,1,Interstate,1,State Highway Agency,1,Interstate,I-75 RAMP,,0,None,38.86334167,38.86334167,-84.623711110,-84.62371111,0,No Special Jurisdiction,12,Motor Vehicle In-Transport,1,Front-to-Rear,1,Yes,20,Entrance/Exit Ramp,1,Not an Intersection,0,None,,,1,On Roadway,1,Daylight,,,,,10,Cloudy,0,No,0000000,Not Applicable,16,4:00pm-4:59pm,0,0,16,4:00pm-4:59pm,17,17,16,4:00pm-4:59pm,42,42,,,,,,,1,
2022,21,210610,Kentucky,2,2,0,0,0,2,2,9,BARREN (9),0,NOT APPLICABLE,30,30,11,November,2022,4,Wednesday,15,3:00pm-3:59pm,29,29,0,This section IS NOT on the NHS,1,Rural,4,Minor Arterial,1,State Highway Agency,2,U.S. Highway,US-31 N JACKSON HWY,,216,216,37.09477778,37.09477778,-85.879319440,-85.87931944,0,No Special Jurisdiction,12,Motor Vehicle In-Transport,8,Sideswipe - Opposite Direction,0,No,1,Non-Junction,1,Not an Intersection,0,None,,,1,On Roadway,1,Daylight,,,,,1,Clear,0,No,0000000,Not Applicable,15,3:00pm-3:59pm,29,29,15,3:00pm-3:59pm,39,39,16,4:00pm-4:59pm,0,0,,,,,,,1,
2022,21,210611,Kentucky,2,2,0,0,0,3,3,35,CALLOWAY (35),0,NOT APPLICABLE,30,30,11,November,2022,4,Wednesday,20,8:00pm-8:59pm,6,6,0,This section IS NOT on the NHS,1,Rural,4,Minor Arterial,1,State Highway Agency,3,State Highway,SR-121,,178,178,36.63600000,36.63600000,-88.379463890,-88.37946389,0,No Special Jurisdiction,12,Motor Vehicle In-Transport,2,Front-to-Front,0,No,1,Non-Junction,1,Not an Intersection,0,None,,,1,On Roadway,2,Dark - Not Lighted,,,,,1,Clear,0,No,0000000,Not Applicable,19,7:00pm-7:59pm,59,59,20,8:00pm-8:59pm,11,11,21,9:00pm-9:59pm,8,8,,,,,,,1,
2022,21,210612,Kentucky,2,2,0,0,0,7,7,7,BALLARD (7),0,NOT APPLICABLE,1,1,11,November,2022,3,Tuesday,16,4:00pm-4:59pm,35,35,0,This section IS NOT on the NHS,1,Rural,6,Minor Collector,1,State Highway Agency,3,State Highway,SR-802 LA CENTER RD,,62,62,37.01012778,37.01012778,-88.956772220,-88.95677222,0,No Special Jurisdiction,12,Motor Vehicle In-Transport,6,Angle,0,No,1,Non-Junction,1,Not an Intersection,0,None,,,1,On Roadway,1,Daylight,,,,,1,Clear,0,No,0000000,Not Applicable,16,4:00pm-4:59pm,39,39,16,4:00pm-4:59pm,47,47,18,6:00pm-6:59pm,2,2,,,,,,,2,
2022,21,210613,Kentucky,1,1,0,0,0,2,2,223,TRIMBLE (223),0,NOT APPLICABLE,4,4,11,November,2022,6,Friday,20,8:00pm-8:59pm,32,32,0,This section IS NOT on the NHS,1,Rural,7,Local,1,State Highway Agency,3,State Highway,SR-2868 MORTON RIDGE RD,,3,3,38.53151111,38.53151111,-85.394686110,-85.39468611,0,No Special Jurisdiction,1,Rollover/Overturn,0,The First Harmful Event was Not a Collision with a Motor Vehicle in Transport,0,No,1,Non-Junction,1,Not an Intersection,0,None,,,4,On Roadside,2,Dark - Not Lighted,,,,,1,Clear,0,No,0000000,Not Applicable,21,9:00pm-9:59pm,30,30,21,9:00pm-9:59pm,45,45,22,10:00pm-10:59pm,30,30,,,,,,,1,
2022,21,210614,Kentucky,2,2,0,0,0,2,2,107,HOPKINS (107),0,NOT APPLICABLE,10,10,11,November,2022,5,Thursday,19,7:00pm-7:59pm,8,8,1,This section IS ON the NHS,1,Rural,1,Interstate,1,State Highway Agency,1,Interstate,I-69,,1192,1192,37.39492778,37.39492778,-87.476083330,-87.47608333,0,No Special Jurisdiction,11,Live Animal,0,The First Harmful Event was Not a Collision with a Motor Vehicle in Transport,0,No,1,Non-Junction,1,Not an Intersection,0,None,,,1,On Roadway,2,Dark - Not Lighted,,,,,1,Clear,0,No,0000000,Not Applicable,19,7:00pm-7:59pm,11,11,19,7:00pm-7:59pm,16,16,88,"Not Applicable (Not Transported) ",88,Not Applicable (Not Transported),,,,,,,1,
2022,21,210615,Kentucky,1,1,0,0,0,1,1,177,MUHLENBERG (177),0,NOT APPLICABLE,11,11,11,November,2022,6,Friday,6,6:00am-6:59am,45,45,0,This section IS NOT on the NHS,1,Rural,6,Minor Collector,1,State Highway Agency,3,State Highway,SR-246 MERLE TRAVIS HWY,,13,13,37.18710833,37.18710833,-87.067247220,-87.06724722,0,No Special Jurisdiction,34,Ditch,0,The First Harmful Event was Not a Collision with a Motor Vehicle in Transport,0,No,1,Non-Junction,1,Not an Intersection,0,None,,,4,On Roadside,1,Daylight,,,,,2,Rain,0,No,0000000,Not Applicable,6,6:00am-6:59am,48,48,6,6:00am-6:59am,59,59,8,8:00am-8:59am,16,16,,,,,,,1,
2022,21,210616,Kentucky,1,1,0,0,0,1,1,177,MUHLENBERG (177),1360,GREENVILLE,12,12,11,November,2022,7,Saturday,9,9:00am-9:59am,22,22,0,This section IS NOT on the NHS,1,Rural,5,Major Collector,1,State Highway Agency,3,State Highway,SR-181 GREENVILLE RD,,105,105,37.18588333,37.18588333,-87.161586110,-87.16158611,0,No Special Jurisdiction,52,Guardrail End,0,The First Harmful Event was Not a Collision with a Motor Vehicle in Transport,0,No,1,Non-Junction,1,Not an Intersection,0,None,,,4,On Roadside,1,Daylight,,,,,10,Cloudy,0,No,0000000,Not Applicable,9,9:00am-9:59am,25,25,9,9:00am-9:59am,31,31,88,"Not Applicable (Not Transported) ",88,Not Applicable (Not Transported),,,,,,,1,
2022,21,210617,Kentucky,2,2,0,0,0,4,4,93,HARDIN (93),3490,WEST POINT,13,13,11,November,2022,1,Sunday,16,4:00pm-4:59pm,34,34,1,This section IS ON the NHS,1,Rural,3,Principal Arterial - Other,1,State Highway Agency,2,U.S. Highway,US-31 DIXIE HWY,,348,348,37.97437778,37.97437778,-85.972400000,-85.97240000,0,No Special Jurisdiction,12,Motor Vehicle In-Transport,6,Angle,0,No,1,Non-Junction,1,Not an Intersection,0,None,,,1,On Roadway,1,Daylight,,,,,1,Clear,0,No,0000000,Not Applicable,16,4:00pm-4:59pm,34,34,16,4:00pm-4:59pm,51,51,17,5:00pm-5:59pm,15,15,,,,,,,2,
2022,21,210618,Kentucky,2,2,0,0,0,3,3,193,PERRY (193),0,NOT APPLICABLE,18,18,11,November,2022,6,Friday,19,7:00pm-7:59pm,0,0,1,This section IS ON the NHS,1,Rural,3,Principal Arterial - Other,1,State Highway Agency,3,State Highway,SR-80,,154,154,37.35078056,37.35078056,-83.119052780,-83.11905278,0,No Special Jurisdiction,12,Motor Vehicle In-Transport,2,Front-to-Front,0,No,1,Non-Junction,1,Not an Intersection,0,None,,,1,On Roadway,2,Dark - Not Lighted,,,,,1,Clear,0,No,0000000,Not Applicable,18,6:00pm-6:59pm,47,47,18,6:00pm-6:59pm,55,55,19,7:00pm-7:59pm,49,49,,,,,,,1,
2022,21,210619,Kentucky,1,1,0,0,0,1,1,179,NELSON (179),0,NOT APPLICABLE,19,19,11,November,2022,7,Saturday,1,1:00am-1:59am,6,6,0,This section IS NOT on the NHS,1,Rural,5,Major Collector,1,State Highway Agency,3,State Highway,SR-48 FAIRFIELD RD,,41,41,37.92420278,37.92420278,-85.356688890,-85.35668889,0,No Special Jurisdiction,35,Embankment,0,The First Harmful Event was Not a Collision with a Motor Vehicle in Transport,0,No,1,Non-Junction,1,Not an Intersection,0,None,,,4,On Roadside,2,Dark - Not Lighted,,,,,1,Clear,0,No,0000000,Not Applicable,1,1:00am-1:59am,13,13,1,1:00am-1:59am,23,23,88,"Not Applicable (Not Transported) ",88,Not Applicable (Not Transported),,,,,,,1,