caseyear,state,st_case,statename,ve_total,ve_forms,pvh_invl,peds,pernotmvit,permvit,persons,county,countyname,city,cityname,day,dayname,month,monthname,year,day_week,day_weekname,hour,hourname,minute,minutename,nhs,nhsname,rur_urb,rur_urbname,func_sys,func_sysname,rd_owner,rd_ownername,route,routename,tway_id,tway_id2,milept,mileptname,latitude,latitudename,longitud,longitudname,sp_jur,sp_jurname,harm_ev,harm_evname,man_coll,man_collname,reljct1,reljct1name,reljct2,reljct2name,typ_int,typ_intname,wrk_zone,wrk_zonename,road_fnc,road_fncname,rel_road,rel_roadname,lgt_cond,lgt_condname,weather1,weather1name,weather2,weather2name,weather,weathername,sch_bus,sch_busname,rail,railname,not_hour,not_hourname,not_min,not_minname,arr_hour,arr_hourname,arr_min,arr_minname,hosp_hr,hosp_hrname,hosp_mn,hosp_mnname,cf1,cf1name,cf2,cf2name,cf3,cf3name,fatals,drunk_dr
2022,21,210620,Kentucky,1,1,0,0,0,1,1,107,HOPKINS (107),0,NOT APPLICABLE,22,22,11,November,2022,3,Tuesday,13,1:00pm-1:59pm,15,15,0,This section IS NOT on the NHS,1,Rural,5,Major Collector,1,State Highway Agency,2,U.S. Highway,US-41 HANSON RD,,257,257,37.46266667,37.46266667,-87.496697220,-87.49669722,0,No Special Jurisdiction,35,Embankment,0,The First Harmful Event was Not a Collision with a Motor Vehicle in Transport,0,No,1,Non-Junction,1,Not an Intersection,0,None,,,4,On Roadside,1,Daylight,,,,,1,Clear,0,No,0000000,Not Applicable,13,1:00pm-1:59pm,20,20,13,1:00pm-1:59pm,34,34,14,2:00pm-2:59pm,12,12,,,,,,,1,
2022,21,210621,Kentucky,1,1,0,1,1,1,1,213,SIMPSON (213),1230,FRANKLIN,25,25,11,November,2022,6,Friday,21,9:00pm-9:59pm,57,57,0,This section IS NOT on the NHS,2,Urban,7,Local,3,Town or Township Highway Agency,5,Local Street - Township,S RAILROAD ST,,2,2,36.71831667,36.71831667,-86.574405560,-86.57440556,0,No Special Jurisdiction,8,Pedestrian,0,The First Harmful Event was Not a Collision with a Motor Vehicle in Transport,0,No,1,Non-Junction,1,Not an Intersection,0,None,,,1,On Roadway,2,Dark - Not Lighted,,,,,1,Clear,0,No,0000000,Not Applicable,21,9:00pm-9:59pm,58,58,22,10:00pm-10:59pm,0,0,22,10:00pm-10:59pm,34,34,,,,,,,1,
2022,21,210622,Kentucky,1,1,0,1,1,1,1,111,JEFFERSON (111),2090,LOUISVILLE,14,14,11,November,2022,2,Monday,15,3:00pm-3:59pm,38,38,0,This section IS NOT on the NHS,2,Urban,4,Minor Arterial,1,State Highway Agency,3,State Highway,SR-1020 NATIONAL TURN PIKE,,19,19,38.10344444,38.10344444,-85.739833330,-85.73983333,0,No Special Jurisdiction,9,Pedalcyclist,0,The First Harmful Event was Not a Collision with a Motor Vehicle in Transport,0,No,1,Non-Junction,1,Not an Intersection,0,None,,,1,On Roadway,1,Daylight,,,,,1,Clear,0,No,0000000,Not Applicable,15,3:00pm-3:59pm,38,38,15,3:00pm-3:59pm,45,45,16,4:00pm-4:59pm,16,16,,,,,,,1,
2022,21,210623,Kentucky,1,1,0,0,0,3,3,99,HART (99),0,NOT APPLICABLE,5,5,11,November,2022,7,Saturday,7,7:00am-7:59am,45,45,0,This section IS NOT on the NHS,1,Rural,7,Local,2,County Highway Agency,4,County Road,CR-RW HANDY RD,,1,1,37.25517500,37.25517500,-85.728400000,-85.72840000,0,No Special Jurisdiction,35,Embankment,0,The First Harmful Event was Not a Collision with a Motor Vehicle in Transport,0,No,1,Non-Junction,1,Not an Intersection,0,None,,,4,On Roadside,1,Daylight,,,,,1,Clear,0,No,0000000,Not Applicable,7,7:00am-7:59am,58,58,8,8:00am-8:59am,8,8,8,8:00am-8:59am,40,40,,,,,,,1,
2022,21,210624,Kentucky,1,1,0,1,1,2,2,93,HARDIN (93),1000,ELIZABETHTOWN,5,5,11,November,2022,7,Saturday,16,4:00pm-4:59pm,44,44,1,This section IS ON the NHS,2,Urban,1,Interstate,1,State Highway Agency,1,Interstate,I-65,,929,929,37.69673889,37.69673889,-85.837916670,-85.83791667,0,No Special Jurisdiction,8,Pedestrian,0,The First Harmful Event was Not a Collision with a Motor Vehicle in Transport,1,Yes,18,Through Roadway,1,Not an Intersection,0,None,,,1,On Roadway,1,Daylight,,,,,1,Clear,0,No,0000000,Not Applicable,16,4:00pm-4:59pm,41,41,16,4:00pm-4:59pm,48,48,88,"Not Applicable (Not Transported) ",88,Not Applicable (Not Transported),,,,,,,1,
2022,21,210625,Kentucky,1,1,0,1,1,1,1,107,HOPKINS (107),0,NOT APPLICABLE,9,9,11,November,2022,4,Wednesday,0,0:00am-0:59am,49,49,0,This section IS NOT on the NHS,1,Rural,7,Local,2,County Highway Agency,4,County Road,CR-TIPETT RD,,99998,Not Reported,37.43437222,37.43437222,-87.491425000,-87.49142500,0,No Special Jurisdiction,8,Pedestrian,0,The First Harmful Event was Not a Collision with a Motor Vehicle in Transport,0,No,1,Non-Junction,1,Not an Intersection,0,None,,,1,On Roadway,2,Dark - Not Lighted,,,,,1,Clear,0,No,0000000,Not Applicable,0,0:00am-0:59am,58,58,1,1:00am-1:59am,11,11,88,"Not Applicable (Not Transported) ",88,Not Applicable (Not Transported),,,,,,,1,
2022,21,210626,Kentucky,1,1,0,0,0,1,1,17,BOURBON (17),0,NOT APPLICABLE,9,9,11,November,2022,4,Wednesday,14,2:00pm-2:59pm,35,35,1,This section IS ON the NHS,1,Rural,3,Principal Arterial - Other,1,State Highway Agency,2,U.S. Highway,US-68 MILLERSBURG RD,,37,37,38.23650556,38.23650556,-84.219619440,-84.21961944,0,No Special Jurisdiction,32,Culvert,0,The First Harmful Event was Not a Collision with a Motor Vehicle in Transport,0,No,1,Non-Junction,1,Not an Intersection,0,None,,,3,On Median,1,Daylight,,,,,1,Clear,0,No,0000000,Not Applicable,14,2:00pm-2:59pm,38,38,14,2:00pm-2:59pm,42,42,14,2:00pm-2:59pm,58,58,,,,,,,1,
2022,21,210627,Kentucky,1,1,0,0,0,1,1,105,HICKMAN (105),0,NOT APPLICABLE,15,15,11,November,2022,3,Tuesday,13,1:00pm-1:59pm,40,40,0,This section IS NOT on the NHS,1,Rural,6,Minor Collector,1,State Highway Agency,3,State Highway,SR-1529,,45,45,36.61370000,36.61370000,-88.961477780,-88.96147778,0,No Special Jurisdiction,42,Tree (Standing Only),0,The First Harmful Event was Not a Collision with a Motor Vehicle in Transport,0,No,1,Non-Junction,1,Not an Intersection,0,None,,,4,On Roadside,1,Daylight,,,,,10,Cloudy,0,No,0000000,Not Applicable,13,1:00pm-1:59pm,44,44,13,1:00pm-1:59pm,55,55,88,"Not Applicable (Not Transported) ",88,Not Applicable (Not Transported),,,,,,,1,
2022,21,210628,Kentucky,2,2,0,0,0,2,2,137,LINCOLN (137),3180,STANFORD,27,27,11,November,2022,1,Sunday,14,2:00pm-2:59pm,16,16,0,This section IS NOT on the NHS,1,Rural,4,Minor Arterial,1,State Highway Agency,2,U.S. Highway,US-150,RIVER RD,60,60,37.53553611,37.53553611,-84.642763890,-84.64276389,0,No Special Jurisdiction,12,Motor Vehicle In-Transport,6,Angle,0,No,2,Intersection,98,Not Reported,0,None,,,1,On Roadway,1,Daylight,,,,,1,Clear,0,No,0000000,Not Applicable,14,2:00pm-2:59pm,19,19,14,2:00pm-2:59pm,21,21,14,2:00pm-2:59pm,56,56,,,,,,,1,
2022,21,210629,Kentucky,1,1,0,0,0,3,3,153,MAGOFFIN (153),0,NOT APPLICABLE,5,5,11,November,2022,7,Saturday,19,7:00pm-7:59pm,18,18,0,This section IS NOT on the NHS,1,Rural,5,Major Collector,1,State Highway Agency,3,State Highway,SR-7,,131,131,37.62371944,37.62371944,-82.985400000,-82.98540000,0,No Special Jurisdiction,42,Tree (Standing Only),0,The First Harmful Event was Not a Collision with a Motor Vehicle in Transport,0,No,1,Non-Junction,1,Not an Intersection,0,None,,,4,On Roadside,2,Dark - Not Lighted,,,,,1,Clear,0,No,0000000,Not Applicable,0,0:00am-0:59am,0,0,0,0:00am-0:59am,0,0,0,0:00am-0:59am,0,0,,,,,,,2,
2022,21,210630,Kentucky,2,2,0,0,0,2,2,113,JESSAMINE (113),2410,NICHOLASVILLE,1,1,12,December,2022,5,Thursday,17,5:00pm-5:59pm,51,51,1,This section IS ON the NHS,2,Urban,3,Principal Arterial - Other,1,State Highway Agency,2,U.S. Highway,US-27 NICHOLASVILLE BYPASS,SHORT SHUN RD,69,69,37.86383889,37.86383889,-84.594641670,-84.59464167,0,No Special Jurisdiction,12,Motor Vehicle In-Transport,6,Angle,0,No,2,Intersection,2,Four-Way Intersection,0,None,,,1,On Roadway,2,Dark - Not Lighted,,,,,1,Clear,0,No,0000000,Not Applicable,17,5:00pm-5:59pm,53,53,17,5:00pm-5:59pm,56,56,18,6:00pm-6:59pm,42,42,,,,,,,1,
2022,21,210631,Kentucky,1,1,0,1,1,1,1,185,OLDHAM (185),1870,LA GRANGE,2,2,12,December,2022,6,Friday,23,11:00pm-11:59pm,46,46,1,This section IS ON the NHS,1,Rural,1,Interstate,1,State Highway Agency,1,Interstate,I-71,,223,223,38.40505556,38.40505556,-85.364169440,-85.36416944,0,No Special Jurisdiction,8,Pedestrian,0,The First Harmful Event was Not a Collision with a Motor Vehicle in Transport,0,No,1,Non-Junction,1,Not an Intersection,0,None,,,2,On Shoulder,2,Dark - Not Lighted,,,,,2,Rain,0,No,0000000,Not Applicable,23,11:00pm-11:59pm,48,48,23,11:00pm-11:59pm,59,59,1,1:00am-1:59am,2,2,,,,,,,1,
2022,21,210632,Kentucky,1,1,0,1,1,1,1,165,MENIFEE (165),2209,MEANS,3,3,12,December,2022,7,Saturday,17,5:00pm-5:59pm,56,56,0,This section IS NOT on the NHS,1,Rural,6,Minor Collector,1,State Highway Agency,3,State Highway,SR-713,,29,29,37.94628611,37.94628611,-83.772436110,-83.77243611,0,No Special Jurisdiction,8,Pedestrian,0,The First Harmful Event was Not a Collision with a Motor Vehicle in Transport,0,No,1,Non-Junction,1,Not an Intersection,0,None,,,1,On Roadway,2,Dark - Not Lighted,,,,,1,Clear,0,No,0000000,Not Applicable,18,6:00pm-6:59pm,2,2,18,6:00pm-6:59pm,10,10,88,"Not Applicable (Not Transported) ",88,Not Applicable (Not Transported),,,,,,,1,
2022,21,210633,Kentucky,3,3,0,0,0,4,4,111,JEFFERSON (111),2090,LOUISVILLE,2,2,12,December,2022,6,Friday,12,12:00pm-12:59pm,5,5,1,This section IS ON the NHS,2,Urban,3,Principal Arterial - Other,1,State Highway Agency,2,U.S. Highway,US-31 BUECHEL BYPASS,,108,108,38.19739444,38.19739444,-85.660125000,-85.66012500,0,No Special Jurisdiction,12,Motor Vehicle In-Transport,2,Front-to-Front,0,No,1,Non-Junction,1,Not an Intersection,0,None,,,1,On Roadway,1,Daylight,,,,,10,Cloudy,0,No,0000000,Not Applicable,12,12:00pm-12:59pm,6,6,12,12:00pm-12:59pm,10,10,12,12:00pm-12:59pm,42,42,,,,,,,1,
2022,21,210634,Kentucky,2,2,0,0,0,5,5,71,FLOYD (71),2670,PRESTONSBURG,6,6,12,December,2022,3,Tuesday,18,6:00pm-6:59pm,54,54,1,This section IS ON the NHS,1,Rural,3,Principal Arterial - Other,1,State Highway Agency,3,State Highway,SR-114,,70,70,37.64348889,37.64348889,-82.848150000,-82.84815000,0,No Special Jurisdiction,12,Motor Vehicle In-Transport,2,Front-to-Front,0,No,1,Non-Junction,1,Not an Intersection,0,None,,,1,On Roadway,2,Dark - Not Lighted,,,,,1,Clear,0,No,0000000,Not Applicable,18,6:00pm-6:59pm,54,54,19,7:00pm-7:59pm,4,4,19,7:00pm-7:59pm,24,24,,,,,,,2,
2022,21,210635,Kentucky,1,1,0,0,0,1,1,119,KNOTT (119),2892,SASSAFRAS,7,7,12,December,2022,4,Wednesday,6,6:00am-6:59am,24,24,0,This section IS NOT on the NHS,1,Rural,6,Minor Collector,1,State Highway Agency,3,State Highway,SR-1088 YELLOW CREEK RD,,74,74,37.23717222,37.23717222,-83.057322220,-83.05732222,0,No Special Jurisdiction,35,Embankment,0,The First Harmful Event was Not a Collision with a Motor Vehicle in Transport,0,No,1,Non-Junction,1,Not an Intersection,0,None,,,4,On Roadside,2,Dark - Not Lighted,,,,,2,Rain,0,No,0000000,Not Applicable,6,6:00am-6:59am,29,29,6,6:00am-6:59am,51,51,88,"Not Applicable (Not Transported) ",88,Not Applicable (Not Transported),,,,,,,1,
2022,21,210636,Kentucky,1,1,0,0,0,1,1,227,WARREN (227),0,NOT APPLICABLE,9,9,12,December,2022,6,Friday,4,4:00am-4:59am,0,0,0,This section IS NOT on the NHS,1,Rural,7,Local,1,State Highway Agency,5,Local Street - Township,BROWNING RD,,17,17,36.94827500,36.94827500,-86.639697220,-86.63969722,0,No Special Jurisdiction,35,Embankment,0,The First Harmful Event was Not a Collision with a Motor Vehicle in Transport,0,No,1,Non-Junction,1,Not an Intersection,0,None,,,4,On Roadside,2,Dark - Not Lighted,,,,,10,Cloudy,0,No,0000000,Not Applicable,4,4:00am-4:59am,1,1,4,4:00am-4:59am,15,15,4,4:00am-4:59am,52,52,,,,,,,1,
2022,21,210637,Kentucky,1,1,0,0,0,3,3,195,PIKE (195),2727,RANSOM,11,11,12,December,2022,1,Sunday,9,9:00am-9:59am,0,0,0,This section IS NOT on the NHS,1,Rural,5,Major Collector,1,State Highway Agency,3,State Highway,SR-1056,,56,56,37.56182222,37.56182222,-82.192616670,-82.19261667,0,No Special Jurisdiction,42,Tree (Standing Only),0,The First Harmful Event was Not a Collision with a Motor Vehicle in Transport,0,No,1,Non-Junction,1,Not an Intersection,0,None,,,4,On Roadside,1,Daylight,,,,,1,Clear,0,No,0000000,Not Applicable,7,7:00am-7:59am,34,34,7,7:00am-7:59am,52,52,8,8:00am-8:59am,46,46,,,,,,,1,
2022,21,210638,Kentucky,2,2,0,0,0,2,2,123,LARUE (123),420,BUFFALO,12,12,12,December,2022,2,Monday,16,4:00pm-4:59pm,58,58,0,This section IS NOT on the NHS,1,Rural,4,Minor Arterial,1,State Highway Agency,3,State Highway,SR-61 GREENSBURG RD,,44,44,37.49907222,37.49907222,-85.692605560,-85.69260556,0,No Special Jurisdiction,12,Motor Vehicle In-Transport,2,Front-to-Front,0,No,1,Non-Junction,1,Not an Intersection,0,None,,,1,On Roadway,1,Daylight,,,,,1,Clear,0,No,0000000,Not Applicable,16,4:00pm-4:59pm,46,46,16,4:00pm-4:59pm,54,54,88,"Not Applicable (Not Transported) ",88,Not Applicable (Not Transported),,,,,,,1,
2022,21,210639,Kentucky,1,1,0,1,1,4,4,111,JEFFERSON (111),2090,LOUISVILLE,7,7,12,December,2022,4,Wednesday,6,6:00am-6:59am,31,31,0,This section IS NOT on the NHS,2,Urban,4,Minor Arterial,2,County Highway Agency,4,County Road,CR-1006 FEGENBUSH LN,,0,None,38.18643889,38.18643889,-85.638088890,-85.63808889,0,No Special Jurisdiction,8,Pedestrian,0,The First Harmful Event was Not a Collision with a Motor Vehicle in Transport,0,No,1,Non-Junction,1,Not an Intersection,0,None,,,1,On Roadway,2,Dark - Not Lighted,,,,,2,Rain,0,No,0000000,Not Applicable,6,6:00am-6:59am,31,31,6,6:00am-6:59am,35,35,7,7:00am-7:59am,1,1,,,,,,,1,
2022,21,210640,Kentucky,1,1,0,0,0,1,1,21,BOYLE (21),860,DANVILLE,13,13,12,December,2022,3,Tuesday,10,10:00am-10:59am,22,22,0,This section IS NOT on the NHS,2,Urban,5,Major Collector,1,State Highway Agency,3,State Highway,SR-34 LEBANON RD,,117,117,37.62659444,37.62659444,-84.807186110,-84.80718611,0,No Special Jurisdiction,42,Tree (Standing Only),0,The First Harmful Event was Not a Collision with a Motor Vehicle in Transport,0,No,1,Non-Junction,1,Not an Intersection,0,None,,,4,On Roadside,1,Daylight,,,,,10,Cloudy,0,No,0000000,Not Applicable,10,10:00am-10:59am,22,22,10,10:00am-10:59am,24,24,10,10:00am-10:59am,47,47,,,,,,,1,
2022,21,210641,Kentucky,2,2,0,0,0,2,2,111,JEFFERSON (111),2090,LOUISVILLE,14,14,12,December,2022,4,Wednesday,18,6:00pm-6:59pm,10,10,1,This section IS ON the NHS,2,Urban,3,Principal Arterial - Other,1,State Highway Agency,3,State Highway,SR-1934 GREENBELT HWY,LOGISTIC DR,58,58,38.16540833,38.16540833,-85.878563890,-85.87856389,0,No Special Jurisdiction,12,Motor Vehicle In-Transport,6,Angle,0,No,2,Intersection,3,T-Intersection,0,None,,,1,On Roadway,3,Dark - Lighted,,,,,2,Rain,0,No,0000000,Not Applicable,18,6:00pm-6:59pm,10,10,18,6:00pm-6:59pm,13,13,88,"Not Applicable (Not Transported) ",88,Not Applicable (Not Transported),,,,,,,1,
2022,21,210642,Kentucky,2,2,0,0,0,3,3,51,CLAY (51),0,NOT APPLICABLE,15,15,12,December,2022,5,Thursday,19,7:00pm-7:59pm,31,31,1,This section IS ON the NHS,1,Rural,3,Principal Arterial - Other,1,State Highway Agency,3,State Highway,SR-9006,,274,274,37.14990000,37.14990000,-83.655211110,-83.65521111,0,No Special Jurisdiction,12,Motor Vehicle In-Transport,2,Front-to-Front,0,No,1,Non-Junction,1,Not an Intersection,0,None,,,1,On Roadway,2,Dark - Not Lighted,,,,,1,Clear,0,No,0000000,Not Applicable,19,7:00pm-7:59pm,31,31,19,7:00pm-7:59pm,38,38,23,11:00pm-11:59pm,4,4,,,,,,,2,
2022,21,210643,Kentucky,2,2,0,0,0,3,3,67,FAYETTE (67),1980,LEXINGTON-FAYETTE,14,14,12,December,2022,4,Wednesday,13,1:00pm-1:59pm,46,46,0,This section IS NOT on the NHS,2,Urban,4,Minor Arterial,4,City or Municipal Highway Agency,6,Local Street - Municipality,MASON HEADLY RD,,10,10,38.04190556,38.04190556,-84.540613890,-84.54061389,0,No Special Jurisdiction,12,Motor Vehicle In-Transport,6,Angle,0,No,1,Non-Junction,1,Not an Intersection,0,None,,,4,On Roadside,1,Daylight,,,,,10,Cloudy,0,No,0000000,Not Applicable,13,1:00pm-1:59pm,47,47,13,1:00pm-1:59pm,50,50,14,2:00pm-2:59pm,5,5,,,,,,,1,
2022,21,210644,Kentucky,1,1,0,0,0,1,1,85,GRAYSON (85),1940,LEITCHFIELD,16,16,12,December,2022,6,Friday,9,9:00am-9:59am,25,25,0,This section IS NOT on the NHS,2,Urban,5,Major Collector,1,State Highway Agency,3,State Highway,SR-1214 GRAYSON SPRINGS RD,,18,18,37.47776111,37.47776111,-86.268058330,-86.26805833,0,No Special Jurisdiction,35,Embankment,0,The First Harmful Event was Not a Collision with a Motor Vehicle in Transport,0,No,1,Non-Junction,1,Not an Intersection,0,None,,,4,On Roadside,1,Daylight,,,,,1,Clear,0,No,0000000,Not Applicable,9,9:00am-9:59am,25,25,9,9:00am-9:59am,30,30,88,"Not Applicable (Not Transported) ",88,Not Applicable (Not Transported),,,,,,,1,
2022,21,210645,Kentucky,1,1,0,0,0,1,1,151,MADISON (151),0,NOT APPLICABLE,16,16,12,December,2022,6,Friday,15,3:00pm-3:59pm,35,35,0,This section IS NOT on the NHS,1,Rural,7,Local,1,State Highway Agency,4,County Road,CR-S DOGWOOD DR,,0,None,37.55491111,37.55491111,-84.320030560,-84.32003056,0,No Special Jurisdiction,35,Embankment,0,The First Harmful Event was Not a Collision with a Motor Vehicle in Transport,0,No,1,Non-Junction,1,Not an Intersection,0,None,,,4,On Roadside,1,Daylight,,,,,1,Clear,0,No,0000000,Not Applicable,15,3:00pm-3:59pm,29,29,15,3:00pm-3:59pm,38,38,88,"Not Applicable (Not Transported) ",88,Not Applicable (Not Transported),,,,,,,1,
2022,21,210646,Kentucky,1,1,0,0,0,1,1,133,LETCHER (133),0,NOT APPLICABLE,18,18,12,December,2022,1,Sunday,12,12:00pm-12:59pm,22,22,0,This section IS NOT on the NHS,1,Rural,6,Minor Collector,1,State Highway Agency,3,State Highway,SR-588,,69,69,37.11852222,37.11852222,-82.899841670,-82.89984167,0,No Special Jurisdiction,42,Tree (Standing Only),0,The First Harmful Event was Not a Collision with a Motor Vehicle in Transport,0,No,1,Non-Junction,1,Not an Intersection,0,None,,,4,On Roadside,1,Daylight,,,,,10,Cloudy,0,No,0000000,Not Applicable,12,12:00pm-12:59pm,23,23,12,12:00pm-12:59pm,55,55,13,1:00pm-1:59pm,3,3,,,,,,,1,
2022,21,210647,Kentucky,3,3,0,0,0,3,3,111,JEFFERSON (111),2090,LOUISVILLE,18,18,12,December,2022,1,Sunday,4,4:00am-4:59am,16,16,1,This section IS ON the NHS,2,Urban,3,Principal Arterial - Other,1,State Highway Agency,3,State Highway,SR-1747 S HURSTBOURNE PKWY,,52,52,38.16218056,38.16218056,-85.639638890,-85.63963889,0,No Special Jurisdiction,12,Motor Vehicle In-Transport,6,Angle,0,No,1,Non-Junction,1,Not an Intersection,0,None,,,1,On Roadway,2,Dark - Not Lighted,,,,,1,Clear,0,No,0000000,Not Applicable,4,4:00am-4:59am,16,16,4,4:00am-4:59am,23,23,4,4:00am-4:59am,57,57,,,,,,,1,
2022,21,210648,Kentucky,2,2,0,0,0,2,2,59,DAVIESS (59),0,NOT APPLICABLE,21,21,12,December,2022,4,Wednesday,16,4:00pm-4:59pm,52,52,1,This section IS ON the NHS,2,Urban,3,Principal Arterial - Other,1,State Highway Agency,2,U.S. Highway,US-60,HAWES BLVD,236,236,37.81941944,37.81941944,-87.040177780,-87.04017778,0,No Special Jurisdiction,12,Motor Vehicle In-Transport,6,Angle,0,No,2,Intersection,98,Not Reported,0,None,,,1,On Roadway,2,Dark - Not Lighted,,,,,10,Cloudy,0,No,0000000,Not Applicable,16,4:00pm-4:59pm,57,57,17,5:00pm-5:59pm,2,2,17,5:00pm-5:59pm,42,42,,,,,,,1,
2022,21,210649,Kentucky,2,2,0,0,0,2,2,157,MARSHALL (157),0,NOT APPLICABLE,22,22,12,December,2022,5,Thursday,17,5:00pm-5:59pm,36,36,1,This section IS ON the NHS,1,Rural,3,Principal Arterial - Other,1,State Highway Agency,2,U.S. Highway,US-68,SR-80,19,19,36.77042500,36.77042500,-88.137011110,-88.13701111,0,No Special Jurisdiction,12,Motor Vehicle In-Transport,6,Angle,0,No,2,Intersection,4,Y-Intersection,0,None,,,1,On Roadway,6,Dark - Unknown Lighting,,,,,98,Not Reported,0,No,0000000,Not Applicable,17,5:00pm-5:59pm,39,39,17,5:00pm-5:59pm,58,58,88,"Not Applicable (Not Transported) ",88,Not Applicable (Not Transported),,,,,,,1,
2022,21,210650,Kentucky,1,1,0,1,1,3,3,199,PULASKI (199),460,BURNSIDE,22,22,12,December,2022,5,Thursday,18,6:00pm-6:59pm,25,25,1,This section IS ON the NHS,2,Urban,3,Principal Arterial - Other,1,State Highway Agency,2,U.S. Highway,US-27,,104,104,37.00721111,37.00721111,-84.621011110,-84.62101111,0,No Special Jurisdiction,8,Pedestrian,0,The First Harmful Event was Not a Collision with a Motor Vehicle in Transport,0,No,8,Driveway Access Related,1,Not an Intersection,0,None,,,1,On Roadway,2,Dark - Not Lighted,,,,,1,Clear,0,No,0000000,Not Applicable,18,6:00pm-6:59pm,33,33,18,6:00pm-6:59pm,40,40,88,"Not Applicable (Not Transported) ",88,Not Applicable (Not Transported),,,,,,,1,
2022,21,210651,Kentucky,1,1,0,0,0,1,1,173,MONTGOMERY (173),0,NOT APPLICABLE,23,23,12,December,2022,6,Friday,4,4:00am-4:59am,3,3,0,This section IS NOT on the NHS,2,Urban,4,Minor Arterial,1,State Highway Agency,2,U.S. Highway,US-460 N MAYSVILLE ST,Indian Mound dr,82,82,38.07426667,38.07426667,-83.948588890,-83.94858889,0,No Special Jurisdiction,30,Utility Pole/Light Support,0,The First Harmful Event was Not a Collision with a Motor Vehicle in Transport,0,No,3,Intersection-Related,4,Y-Intersection,0,None,,,4,On Roadside,3,Dark - Lighted,,,,,98,Not Reported,0,No,0000000,Not Applicable,4,4:00am-4:59am,9,9,4,4:00am-4:59am,9,9,4,4:00am-4:59am,9,9,,,,,,,1,
2022,21,210652,Kentucky,1,1,0,1,1,1,1,185,OLDHAM (185),815,CRESTWOOD,25,25,12,December,2022,1,Sunday,18,6:00pm-6:59pm,18,18,0,This section IS NOT on the NHS,2,Urban,4,Minor Arterial,1,State Highway Agency,3,State Highway,SR-146 LAGRANGE RD,,35,35,38.34139722,38.34139722,-85.466094440,-85.46609444,0,No Special Jurisdiction,8,Pedestrian,0,The First Harmful Event was Not a Collision with a Motor Vehicle in Transport,0,No,1,Non-Junction,1,Not an Intersection,0,None,,,1,On Roadway,2,Dark - Not Lighted,,,,,4,Snow,0,No,0000000,Not Applicable,18,6:00pm-6:59pm,25,25,18,6:00pm-6:59pm,43,43,88,"Not Applicable (Not Transported) ",88,Not Applicable (Not Transported),,,,,,,1,
2022,21,210653,Kentucky,1,1,0,1,1,2,2,65,ESTILL (65),1690,IRVINE,14,14,12,December,2022,4,Wednesday,18,6:00pm-6:59pm,7,7,0,This section IS NOT on the NHS,1,Rural,4,Minor Arterial,1,State Highway Agency,3,State Highway,SR-52 RIVER DR,ESTILL AVE,78,78,37.69799167,37.69799167,-83.971891670,-83.97189167,0,No Special Jurisdiction,8,Pedestrian,0,The First Harmful Event was Not a Collision with a Motor Vehicle in Transport,0,No,3,Intersection-Related,98,Not Reported,0,None,,,1,On Roadway,2,Dark - Not Lighted,,,,,10,Cloudy,0,No,0000000,Not Applicable,18,6:00pm-6:59pm,7,7,18,6:00pm-6:59pm,7,7,18,6:00pm-6:59pm,7,7,,,,,,,1,
2022,21,210654,Kentucky,1,1,0,0,0,3,3,71,FLOYD (71),2129,MCDOWELL,28,28,12,December,2022,4,Wednesday,5,5:00am-5:59am,33,33,0,This section IS NOT on the NHS,1,Rural,5,Major Collector,1,State Highway Agency,3,State Highway,SR-122,,193,193,37.44717500,37.44717500,-82.738919440,-82.73891944,0,No Special Jurisdiction,24,Guardrail Face,0,The First Harmful Event was Not a Collision with a Motor Vehicle in Transport,0,No,1,Non-Junction,1,Not an Intersection,0,None,,,4,On Roadside,2,Dark - Not Lighted,,,,,1,Clear,0,No,0000000,Not Applicable,0,0:00am-0:59am,0,0,0,0:00am-0:59am,0,0,0,0:00am-0:59am,0,0,,,,,,,1,
2022,21,210655,Kentucky,1,1,0,1,1,2,2,103,HENRY (103),0,NOT APPLICABLE,30,30,12,December,2022,6,Friday,19,7:00pm-7:59pm,32,32,0,This section IS NOT on the NHS,1,Rural,5,Major Collector,1,State Highway Agency,3,State Highway,SR-146 LAGRANGE RD,,12,12,38.44700278,38.44700278,-85.309297220,-85.30929722,0,No Special Jurisdiction,8,Pedestrian,0,The First Harmful Event was Not a Collision with a Motor Vehicle in Transport,0,No,1,Non-Junction,1,Not an Intersection,0,None,,,1,On Roadway,2,Dark - Not Lighted,,,,,10,Cloudy,0,No,0000000,Not Applicable,19,7:00pm-7:59pm,36,36,19,7:00pm-7:59pm,48,48,20,8:00pm-8:59pm,26,26,,,,,,,1,