caseyear,state,st_case,statename,ve_total,ve_forms,pvh_invl,peds,pernotmvit,permvit,persons,county,countyname,city,cityname,day,dayname,month,monthname,year,day_week,day_weekname,hour,hourname,minute,minutename,nhs,nhsname,rur_urb,rur_urbname,func_sys,func_sysname,rd_owner,rd_ownername,route,routename,tway_id,tway_id2,milept,mileptname,latitude,latitudename,longitud,longitudname,sp_jur,sp_jurname,harm_ev,harm_evname,man_coll,man_collname,reljct1,reljct1name,reljct2,reljct2name,typ_int,typ_intname,wrk_zone,wrk_zonename,road_fnc,road_fncname,rel_road,rel_roadname,lgt_cond,lgt_condname,weather1,weather1name,weather2,weather2name,weather,weathername,sch_bus,sch_busname,rail,railname,not_hour,not_hourname,not_min,not_minname,arr_hour,arr_hourname,arr_min,arr_minname,hosp_hr,hosp_hrname,hosp_mn,hosp_mnname,cf1,cf1name,cf2,cf2name,cf3,cf3name,fatals,drunk_dr
2022,21,210694,Kentucky,1,1,0,0,0,1,1,173,MONTGOMERY (173),0,NOT APPLICABLE,12,12,12,December,2022,2,Monday,16,4:00pm-4:59pm,4,4,0,This section IS NOT on the NHS,1,Rural,4,Minor Arterial,1,State Highway Agency,3,State Highway,SR-11 LEVEE RD,,99998,Not Reported,38.00791111,38.00791111,-83.946650000,-83.94665000,0,No Special Jurisdiction,32,Culvert,0,The First Harmful Event was Not a Collision with a Motor Vehicle in Transport,0,No,1,Non-Junction,1,Not an Intersection,0,None,,,4,On Roadside,1,Daylight,,,,,1,Clear,0,No,0000000,Not Applicable,16,4:00pm-4:59pm,5,5,16,4:00pm-4:59pm,12,12,88,"Not Applicable (Not Transported) ",88,Not Applicable (Not Transported),,,,,,,1,
2022,21,210695,Kentucky,1,1,0,0,0,2,2,173,MONTGOMERY (173),0,NOT APPLICABLE,16,16,12,December,2022,6,Friday,6,6:00am-6:59am,22,22,0,This section IS NOT on the NHS,1,Rural,4,Minor Arterial,1,State Highway Agency,3,State Highway,SR-11 LEVEE RD,,99998,Not Reported,38.02597500,38.02597500,-83.948461110,-83.94846111,0,No Special Jurisdiction,42,Tree (Standing Only),0,The First Harmful Event was Not a Collision with a Motor Vehicle in Transport,0,No,1,Non-Junction,1,Not an Intersection,0,None,,,4,On Roadside,2,Dark - Not Lighted,,,,,10,Cloudy,0,No,0000000,Not Applicable,6,6:00am-6:59am,27,27,6,6:00am-6:59am,31,31,6,6:00am-6:59am,51,51,,,,,,,1,
2022,21,210696,Kentucky,3,3,0,0,0,4,4,125,LAUREL (125),0,NOT APPLICABLE,17,17,8,August,2022,4,Wednesday,11,11:00am-11:59am,0,0,0,This section IS NOT on the NHS,2,Urban,4,Minor Arterial,1,State Highway Agency,2,U.S. Highway,US-25,,41,41,37.02320556,37.02320556,-84.068691670,-84.06869167,0,No Special Jurisdiction,12,Motor Vehicle In-Transport,1,Front-to-Rear,0,No,1,Non-Junction,1,Not an Intersection,0,None,,,1,On Roadway,1,Daylight,,,,,1,Clear,0,No,0000000,Not Applicable,99,Unknown,99,Unknown,99,Unknown EMS Scene Arrival Hour,99,Unknown EMS Scene Arrival Minutes,99,Unknown,99,Unknown EMS Hospital Arrival Time,,,,,,,1,
2022,21,210697,Kentucky,1,1,0,0,0,1,1,237,WOLFE (237),0,NOT APPLICABLE,20,20,9,September,2022,3,Tuesday,19,7:00pm-7:59pm,0,0,0,This section IS NOT on the NHS,1,Rural,6,Minor Collector,1,State Highway Agency,3,State Highway,SR-746,,79,79,37.81418611,37.81418611,-83.501980560,-83.50198056,0,No Special Jurisdiction,38,Fence,0,The First Harmful Event was Not a Collision with a Motor Vehicle in Transport,0,No,1,Non-Junction,1,Not an Intersection,0,None,,,5,Outside Trafficway,1,Daylight,,,,,1,Clear,0,No,0000000,Not Applicable,19,7:00pm-7:59pm,0,0,19,7:00pm-7:59pm,17,17,99,Unknown,99,Unknown EMS Hospital Arrival Time,,,,,,,1,
2022,21,210698,Kentucky,2,2,0,0,0,3,3,1,ADAIR (1),740,COLUMBIA,5,5,10,October,2022,4,Wednesday,14,2:00pm-2:59pm,30,30,0,This section IS NOT on the NHS,1,Rural,4,Minor Arterial,1,State Highway Agency,3,State Highway,SR-61 S BURKESVILLE RD,SR-55 COLUMBIA BYPASS,122,122,37.08873333,37.08873333,-85.319761110,-85.31976111,0,No Special Jurisdiction,12,Motor Vehicle In-Transport,6,Angle,0,No,2,Intersection,2,Four-Way Intersection,0,None,,,1,On Roadway,1,Daylight,,,,,1,Clear,0,No,0000000,Not Applicable,14,2:00pm-2:59pm,31,31,14,2:00pm-2:59pm,37,37,15,3:00pm-3:59pm,30,30,,,,,,,1,
2022,21,210699,Kentucky,1,1,0,0,0,1,1,17,BOURBON (17),0,NOT APPLICABLE,5,5,10,October,2022,4,Wednesday,19,7:00pm-7:59pm,40,40,0,This section IS NOT on the NHS,1,Rural,7,Local,2,County Highway Agency,4,County Road,CR-FERGUSON RD,,7,7,38.16126944,38.16126944,-84.347866670,-84.34786667,0,No Special Jurisdiction,42,Tree (Standing Only),0,The First Harmful Event was Not a Collision with a Motor Vehicle in Transport,0,No,1,Non-Junction,1,Not an Intersection,0,None,,,4,On Roadside,2,Dark - Not Lighted,,,,,1,Clear,0,No,0000000,Not Applicable,19,7:00pm-7:59pm,40,40,19,7:00pm-7:59pm,47,47,88,"Not Applicable (Not Transported) ",88,Not Applicable (Not Transported),,,,,,,1,
2022,21,210700,Kentucky,1,1,0,0,0,1,1,137,LINCOLN (137),0,NOT APPLICABLE,17,17,10,October,2022,2,Monday,7,7:00am-7:59am,40,40,0,This section IS NOT on the NHS,1,Rural,5,Major Collector,1,State Highway Agency,3,State Highway,SR-39,,12,12,37.34746111,37.34746111,-84.504730560,-84.50473056,0,No Special Jurisdiction,32,Culvert,0,The First Harmful Event was Not a Collision with a Motor Vehicle in Transport,0,No,1,Non-Junction,1,Not an Intersection,0,None,,,4,On Roadside,1,Daylight,,,,,10,Cloudy,0,No,0000000,Not Applicable,7,7:00am-7:59am,43,43,7,7:00am-7:59am,55,55,8,8:00am-8:59am,38,38,,,,,,,1,
2022,21,210701,Kentucky,1,1,0,0,0,2,2,127,LAWRENCE (127),0,NOT APPLICABLE,15,15,11,November,2022,3,Tuesday,17,5:00pm-5:59pm,1,1,1,This section IS ON the NHS,1,Rural,3,Principal Arterial - Other,1,State Highway Agency,2,U.S. Highway,US-23,,232,232,38.17555278,38.17555278,-82.616488890,-82.61648889,0,No Special Jurisdiction,35,Embankment,0,The First Harmful Event was Not a Collision with a Motor Vehicle in Transport,0,No,1,Non-Junction,1,Not an Intersection,0,None,,,4,On Roadside,1,Daylight,,,,,10,Cloudy,0,No,0000000,Not Applicable,99,Unknown,99,Unknown,99,Unknown EMS Scene Arrival Hour,99,Unknown EMS Scene Arrival Minutes,99,Unknown,99,Unknown EMS Hospital Arrival Time,,,,,,,1,
2022,21,210702,Kentucky,1,1,0,1,1,1,1,93,HARDIN (93),1000,ELIZABETHTOWN,4,4,11,November,2022,6,Friday,7,7:00am-7:59am,22,22,1,This section IS ON the NHS,2,Urban,3,Principal Arterial - Other,1,State Highway Agency,2,U.S. Highway,US-31W,,195,195,37.72904722,37.72904722,-85.884355560,-85.88435556,0,No Special Jurisdiction,8,Pedestrian,0,The First Harmful Event was Not a Collision with a Motor Vehicle in Transport,0,No,1,Non-Junction,1,Not an Intersection,0,None,,,1,On Roadway,3,Dark - Lighted,,,,,1,Clear,0,No,0000000,Not Applicable,7,7:00am-7:59am,23,23,7,7:00am-7:59am,30,30,7,7:00am-7:59am,53,53,,,,,,,1,
2022,21,210703,Kentucky,1,1,0,0,0,1,1,27,BRECKINRIDGE (27),0,NOT APPLICABLE,17,17,6,June,2022,6,Friday,7,7:00am-7:59am,30,30,0,This section IS NOT on the NHS,1,Rural,5,Major Collector,1,State Highway Agency,3,State Highway,SR-259,,120,120,37.81066389,37.81066389,-86.492952780,-86.49295278,0,No Special Jurisdiction,42,Tree (Standing Only),0,The First Harmful Event was Not a Collision with a Motor Vehicle in Transport,0,No,1,Non-Junction,1,Not an Intersection,0,None,,,4,On Roadside,1,Daylight,,,,,1,Clear,0,No,0000000,Not Applicable,7,7:00am-7:59am,29,29,7,7:00am-7:59am,35,35,8,8:00am-8:59am,45,45,,,,,,,1,
2023,21,210001,Kentucky,2,2,0,0,0,2,2,207,RUSSELL (207),2810,RUSSELL SPRINGS,2,2,1,January,2023,2,Monday,17,5:00pm-5:59pm,22,22,1,This Section IS ON the NHS,1,Rural,3,Other Principal Arterial,1,State Highway Agency,2,U.S. Highway,US-127,,217,217,37.10531944,37.10531944,-85.057466670,-85.05746667,0,No Special Jurisdiction,12,Motor Vehicle In-Transport,2,Front-to-Front,0,No,1,Non-Junction,1,Not an Intersection,0,None,,,1,On Roadway,2,Dark - Not Lighted,,,,,1,Clear,0,No,0000000,Not Applicable,17,5:00pm-5:59pm,28,28,17,5:00pm-5:59pm,37,37,18,6:00pm-6:59pm,11,11,,,,,,,1,
2023,21,210002,Kentucky,2,2,0,0,0,4,4,89,GREENUP (89),0,NOT APPLICABLE,3,3,1,January,2023,3,Tuesday,18,6:00pm-6:59pm,35,35,1,This Section IS ON the NHS,1,Rural,3,Other Principal Arterial,1,State Highway Agency,3,State Highway,SR-67 INDUSTRIAL PKWAY,,27,27,38.41825000,38.41825000,-82.814858330,-82.81485833,0,No Special Jurisdiction,12,Motor Vehicle In-Transport,2,Front-to-Front,0,No,1,Non-Junction,1,Not an Intersection,0,None,,,2,On Shoulder,5,Dusk,,,,,2,Rain,0,No,0000000,Not Applicable,18,6:00pm-6:59pm,32,32,19,7:00pm-7:59pm,5,5,19,7:00pm-7:59pm,57,57,,,,,,,2,
2023,21,210003,Kentucky,1,1,0,0,0,1,1,83,GRAVES (83),2200,MAYFIELD,4,4,1,January,2023,4,Wednesday,22,10:00pm-10:59pm,0,0,0,This Section IS NOT on the NHS,1,Rural,6,Minor Collector,1,State Highway Agency,3,State Highway,SR-464,,45,45,36.72750833,36.72750833,-88.559463890,-88.55946389,0,No Special Jurisdiction,42,Tree (Standing Only),0,The First Harmful Event was Not a Collision with a Motor Vehicle in Transport,0,No,1,Non-Junction,1,Not an Intersection,0,None,,,4,On Roadside,2,Dark - Not Lighted,,,,,1,Clear,0,No,0000000,Not Applicable,21,9:00pm-9:59pm,26,26,21,9:00pm-9:59pm,34,34,88,"Not Applicable (Not Transported) ",88,Not Applicable (Not Transported),,,,,,,1,
2023,21,210004,Kentucky,2,2,0,0,0,2,2,53,CLINTON (53),40,ALBANY,5,5,1,January,2023,5,Thursday,11,11:00am-11:59am,41,41,1,This Section IS ON the NHS,1,Rural,3,Other Principal Arterial,1,State Highway Agency,2,U.S. Highway,US-127 CROSS ST,SR-90,52,52,36.75463333,36.75463333,-85.137061110,-85.13706111,0,No Special Jurisdiction,12,Motor Vehicle In-Transport,6,Angle,0,No,2,Intersection,2,Four-Way Intersection,0,None,,,1,On Roadway,1,Daylight,,,,,1,Clear,0,No,0000000,Not Applicable,11,11:00am-11:59am,32,32,11,11:00am-11:59am,42,42,12,12:00pm-12:59pm,1,1,,,,,,,1,
2023,21,210005,Kentucky,2,2,0,0,0,2,2,227,WARREN (227),350,BOWLING GREEN,5,5,1,January,2023,5,Thursday,13,1:00pm-1:59pm,0,0,0,This Section IS NOT on the NHS,2,Urban,4,Minor Arterial,1,State Highway Agency,2,U.S. Highway,US-31 LOUISVILLE RD,STONE LN,181,181,37.01693056,37.01693056,-86.375169440,-86.37516944,0,No Special Jurisdiction,12,Motor Vehicle In-Transport,6,Angle,0,No,2,Intersection,2,Four-Way Intersection,0,None,,,1,On Roadway,1,Daylight,,,,,1,Clear,0,No,0000000,Not Applicable,13,1:00pm-1:59pm,5,5,13,1:00pm-1:59pm,7,7,13,1:00pm-1:59pm,47,47,,,,,,,1,
2023,21,210006,Kentucky,1,1,0,0,0,2,2,25,BREATHITT (25),0,NOT APPLICABLE,5,5,1,January,2023,5,Thursday,20,8:00pm-8:59pm,36,36,0,This Section IS NOT on the NHS,1,Rural,6,Minor Collector,1,State Highway Agency,3,State Highway,SR-1098,,39,39,37.53685833,37.53685833,-83.291950000,-83.29195000,0,No Special Jurisdiction,42,Tree (Standing Only),0,The First Harmful Event was Not a Collision with a Motor Vehicle in Transport,0,No,1,Non-Junction,1,Not an Intersection,0,None,,,4,On Roadside,2,Dark - Not Lighted,,,,,1,Clear,0,No,0000000,Not Applicable,20,8:00pm-8:59pm,36,36,20,8:00pm-8:59pm,49,49,88,"Not Applicable (Not Transported) ",88,Not Applicable (Not Transported),,,,,,,2,
2023,21,210007,Kentucky,2,2,0,0,0,3,3,99,HART (99),0,NOT APPLICABLE,6,6,1,January,2023,6,Friday,15,3:00pm-3:59pm,59,59,1,This Section IS ON the NHS,1,Rural,3,Other Principal Arterial,1,State Highway Agency,2,U.S. Highway,US-31 E N JACKSON HWY,,157,157,37.35158889,37.35158889,-85.756469440,-85.75646944,0,No Special Jurisdiction,12,Motor Vehicle In-Transport,2,Front-to-Front,0,No,1,Non-Junction,1,Not an Intersection,0,None,,,1,On Roadway,1,Daylight,,,,,1,Clear,1,Yes,0000000,Not Applicable,16,4:00pm-4:59pm,0,0,16,4:00pm-4:59pm,13,13,16,4:00pm-4:59pm,47,47,,,,,,,1,
2023,21,210008,Kentucky,2,2,0,0,0,8,8,199,PULASKI (199),3070,SOMERSET,6,6,1,January,2023,6,Friday,22,10:00pm-10:59pm,29,29,0,This Section IS NOT on the NHS,2,Urban,4,Minor Arterial,1,State Highway Agency,3,State Highway,SR-2292 MONTICELLO ST,,23,23,37.07945556,37.07945556,-84.608819440,-84.60881944,0,No Special Jurisdiction,12,Motor Vehicle In-Transport,6,Angle,0,No,1,Non-Junction,1,Not an Intersection,0,None,,,1,On Roadway,3,Dark - Lighted,,,,,1,Clear,0,No,0000000,Not Applicable,22,10:00pm-10:59pm,34,34,22,10:00pm-10:59pm,34,34,22,10:00pm-10:59pm,51,51,,,,,,,2,
2023,21,210009,Kentucky,3,3,0,0,0,5,5,231,WAYNE (231),1235,FRAZER,7,7,1,January,2023,7,Saturday,18,6:00pm-6:59pm,28,28,0,This Section IS NOT on the NHS,1,Rural,4,Minor Arterial,1,State Highway Agency,3,State Highway,SR-90,,224,224,36.95013333,36.95013333,-84.711927780,-84.71192778,0,No Special Jurisdiction,12,Motor Vehicle In-Transport,8,Sideswipe - Opposite Direction,0,No,1,Non-Junction,1,Not an Intersection,0,None,,,1,On Roadway,3,Dark - Lighted,,,,,1,Clear,0,No,0000000,Not Applicable,18,6:00pm-6:59pm,10,10,18,6:00pm-6:59pm,25,25,19,7:00pm-7:59pm,29,29,,,,,,,1,
2023,21,210010,Kentucky,1,1,0,1,1,2,2,93,HARDIN (93),2724,RADCLIFF,7,7,1,January,2023,7,Saturday,21,9:00pm-9:59pm,1,1,1,This Section IS ON the NHS,2,Urban,3,Other Principal Arterial,1,State Highway Agency,2,U.S. Highway,US-31 N DIXIE BLVD,KNOW BLVD,295,295,37.86108889,37.86108889,-85.955527780,-85.95552778,0,No Special Jurisdiction,8,Pedestrian,0,The First Harmful Event was Not a Collision with a Motor Vehicle in Transport,0,No,2,Intersection,98,Not Reported,0,None,,,1,On Roadway,3,Dark - Lighted,,,,,1,Clear,0,No,0000000,Not Applicable,21,9:00pm-9:59pm,1,1,21,9:00pm-9:59pm,10,10,88,"Not Applicable (Not Transported) ",88,Not Applicable (Not Transported),,,,,,,1,
2023,21,210011,Kentucky,1,1,0,0,0,2,2,19,BOYD (19),120,ASHLAND,8,8,1,January,2023,1,Sunday,1,1:00am-1:59am,33,33,0,This Section IS NOT on the NHS,2,Urban,6,Minor Collector,3,Town or Township Highway Agency,3,State Highway,SR-1012 BOY SCOUT RD,,26,26,38.44631944,38.44631944,-82.640291670,-82.64029167,0,No Special Jurisdiction,42,Tree (Standing Only),0,The First Harmful Event was Not a Collision with a Motor Vehicle in Transport,0,No,1,Non-Junction,1,Not an Intersection,0,None,,,4,On Roadside,3,Dark - Lighted,,,,,1,Clear,0,No,0000000,Not Applicable,1,1:00am-1:59am,34,34,1,1:00am-1:59am,46,46,3,3:00am-3:59am,47,47,,,,,,,1,
2023,21,210012,Kentucky,1,1,0,0,0,1,1,239,WOODFORD (239),0,NOT APPLICABLE,9,9,1,January,2023,2,Monday,15,3:00pm-3:59pm,25,25,0,This Section IS NOT on the NHS,1,Rural,5,Major Collector,1,State Highway Agency,3,State Highway,SR-1981 OLD FRANKFORT RD,,99998,Not Reported,38.13999722,38.13999722,-84.746347220,-84.74634722,0,No Special Jurisdiction,38,Fence,0,The First Harmful Event was Not a Collision with a Motor Vehicle in Transport,0,No,1,Non-Junction,1,Not an Intersection,0,None,,,4,On Roadside,1,Daylight,,,,,1,Clear,0,No,0000000,Not Applicable,15,3:00pm-3:59pm,26,26,15,3:00pm-3:59pm,34,34,88,"Not Applicable (Not Transported) ",88,Not Applicable (Not Transported),,,,,,,1,
2023,21,210013,Kentucky,1,1,0,0,0,1,1,195,PIKE (195),2620,PHELPS,9,9,1,January,2023,2,Monday,23,11:00pm-11:59pm,18,18,0,This Section IS NOT on the NHS,1,Rural,7,Local,1,State Highway Agency,4,County,CR-BEECH CREEK,,8,8,37.47942778,37.47942778,-82.147266670,-82.14726667,0,No Special Jurisdiction,35,Embankment,0,The First Harmful Event was Not a Collision with a Motor Vehicle in Transport,0,No,1,Non-Junction,1,Not an Intersection,0,None,,,4,On Roadside,2,Dark - Not Lighted,,,,,10,Cloudy,0,No,0000000,Not Applicable,23,11:00pm-11:59pm,23,23,23,11:00pm-11:59pm,59,59,88,"Not Applicable (Not Transported) ",88,Not Applicable (Not Transported),,,,,,,1,
2023,21,210014,Kentucky,1,1,0,1,1,1,1,111,JEFFERSON (111),2090,LOUISVILLE,7,7,1,January,2023,7,Saturday,1,1:00am-1:59am,52,52,1,This Section IS ON the NHS,2,Urban,3,Other Principal Arterial,1,State Highway Agency,2,U.S. Highway,US-31 DIXIE HWY,PARAMOUNT DR,108,108,38.13469167,38.13469167,-85.845077780,-85.84507778,0,No Special Jurisdiction,8,Pedestrian,0,The First Harmful Event was Not a Collision with a Motor Vehicle in Transport,0,No,2,Intersection,98,Not Reported,0,None,,,1,On Roadway,3,Dark - Lighted,,,,,1,Clear,0,No,0000000,Not Applicable,1,1:00am-1:59am,53,53,1,1:00am-1:59am,59,59,2,2:00am-2:59am,14,14,,,,,,,1,
2023,21,210015,Kentucky,2,2,0,0,0,4,4,19,BOYD (19),0,NOT APPLICABLE,8,8,1,January,2023,1,Sunday,22,10:00pm-10:59pm,52,52,1,This Section IS ON the NHS,2,Urban,3,Other Principal Arterial,1,State Highway Agency,2,U.S. Highway,US-60,SR-180,40,40,38.38705278,38.38705278,-82.716313890,-82.71631389,0,No Special Jurisdiction,12,Motor Vehicle In-Transport,6,Angle,0,No,2,Intersection,2,Four-Way Intersection,0,None,,,1,On Roadway,3,Dark - Lighted,,,,,2,Rain,0,No,0000000,Not Applicable,22,10:00pm-10:59pm,36,36,22,10:00pm-10:59pm,39,39,23,11:00pm-11:59pm,27,27,,,,,,,1,
2023,21,210016,Kentucky,2,2,0,0,0,3,3,9,BARREN (9),0,NOT APPLICABLE,13,13,1,January,2023,6,Friday,12,12:00pm-12:59pm,42,42,0,This Section IS NOT on the NHS,1,Rural,4,Minor Arterial,1,State Highway Agency,3,State Highway,SR-90 HAPPY VALLEY RD,,61,61,37.05625556,37.05625556,-85.953616670,-85.95361667,0,No Special Jurisdiction,12,Motor Vehicle In-Transport,2,Front-to-Front,0,No,1,Non-Junction,1,Not an Intersection,0,None,,,1,On Roadway,1,Daylight,,,,,1,Clear,0,No,0000000,Not Applicable,12,12:00pm-12:59pm,45,45,12,12:00pm-12:59pm,47,47,13,1:00pm-1:59pm,58,58,,,,,,,3,
2023,21,210017,Kentucky,1,1,0,0,0,1,1,111,JEFFERSON (111),2090,LOUISVILLE,13,13,1,January,2023,6,Friday,22,10:00pm-10:59pm,4,4,0,This Section IS NOT on the NHS,2,Urban,7,Local,3,Town or Township Highway Agency,0,Not Signed,S 4TH ST,,29,29,38.21470278,38.21470278,-85.763905560,-85.76390556,0,No Special Jurisdiction,21,Bridge Pier or Support,0,The First Harmful Event was Not a Collision with a Motor Vehicle in Transport,0,No,1,Non-Junction,1,Not an Intersection,0,None,,,3,On Median,2,Dark - Not Lighted,,,,,10,Cloudy,0,No,0000000,Not Applicable,22,10:00pm-10:59pm,9,9,22,10:00pm-10:59pm,26,26,22,10:00pm-10:59pm,36,36,,,,,,,1,
2023,21,210018,Kentucky,2,2,0,0,0,3,3,53,CLINTON (53),0,NOT APPLICABLE,14,14,1,January,2023,7,Saturday,16,4:00pm-4:59pm,29,29,1,This Section IS ON the NHS,1,Rural,3,Other Principal Arterial,1,State Highway Agency,2,U.S. Highway,US-127,,39,39,36.66635556,36.66635556,-85.128494440,-85.12849444,0,No Special Jurisdiction,12,Motor Vehicle In-Transport,6,Angle,0,No,1,Non-Junction,1,Not an Intersection,0,None,,,1,On Roadway,5,Dusk,,,,,1,Clear,0,No,0000000,Not Applicable,16,4:00pm-4:59pm,22,22,16,4:00pm-4:59pm,27,27,16,4:00pm-4:59pm,52,52,,,,,,,2,
2023,21,210019,Kentucky,1,1,0,1,1,1,1,121,KNOX (121),160,BARBOURVILLE,14,14,1,January,2023,7,Saturday,18,6:00pm-6:59pm,3,3,0,This Section IS NOT on the NHS,2,Urban,7,Local,1,State Highway Agency,3,State Highway,SR-3439,,13,13,36.76194167,36.76194167,-83.850427780,-83.85042778,0,No Special Jurisdiction,8,Pedestrian,0,The First Harmful Event was Not a Collision with a Motor Vehicle in Transport,0,No,1,Non-Junction,1,Not an Intersection,0,None,,,1,On Roadway,2,Dark - Not Lighted,,,,,1,Clear,0,No,0000000,Not Applicable,18,6:00pm-6:59pm,3,3,18,6:00pm-6:59pm,8,8,18,6:00pm-6:59pm,29,29,,,,,,,1,
2023,21,210020,Kentucky,2,2,0,0,0,2,2,67,FAYETTE (67),1980,LEXINGTON-FAYETTE,13,13,1,January,2023,6,Friday,22,10:00pm-10:59pm,2,2,1,This Section IS ON the NHS,2,Urban,1,Interstate,1,State Highway Agency,1,Interstate,I-75,,1108,1108,38.05465278,38.05465278,-84.429583330,-84.42958333,0,No Special Jurisdiction,12,Motor Vehicle In-Transport,6,Angle,0,No,1,Non-Junction,1,Not an Intersection,0,None,,,1,On Roadway,3,Dark - Lighted,,,,,98,Not Reported,0,No,0000000,Not Applicable,22,10:00pm-10:59pm,3,3,22,10:00pm-10:59pm,11,11,22,10:00pm-10:59pm,39,39,,,,,,,1,
2023,21,210021,Kentucky,1,1,0,1,1,1,1,111,JEFFERSON (111),2090,LOUISVILLE,15,15,1,January,2023,1,Sunday,2,2:00am-2:59am,54,54,0,This Section IS NOT on the NHS,2,Urban,7,Local,3,Town or Township Highway Agency,0,Not Signed,W JEFFERSON ST,S 3RD ST,1,1,38.25369722,38.25369722,-85.755363890,-85.75536389,0,No Special Jurisdiction,8,Pedestrian,0,The First Harmful Event was Not a Collision with a Motor Vehicle in Transport,0,No,3,Intersection-Related,2,Four-Way Intersection,0,None,,,1,On Roadway,3,Dark - Lighted,,,,,1,Clear,0,No,0000000,Not Applicable,2,2:00am-2:59am,55,55,3,3:00am-3:59am,2,2,3,3:00am-3:59am,32,32,,,,,,,1,
2023,21,210022,Kentucky,1,1,0,1,1,1,1,101,HENDERSON (101),1510,HENDERSON,15,15,1,January,2023,1,Sunday,18,6:00pm-6:59pm,29,29,1,This Section IS ON the NHS,2,Urban,3,Other Principal Arterial,1,State Highway Agency,2,U.S. Highway,US-41,,167,167,37.86645833,37.86645833,-87.572733330,-87.57273333,0,No Special Jurisdiction,8,Pedestrian,0,The First Harmful Event was Not a Collision with a Motor Vehicle in Transport,0,No,1,Non-Junction,1,Not an Intersection,0,None,,,1,On Roadway,3,Dark - Lighted,,,,,1,Clear,0,No,0000000,Not Applicable,18,6:00pm-6:59pm,31,31,18,6:00pm-6:59pm,39,39,18,6:00pm-6:59pm,59,59,,,,,,,1,
2023,21,210023,Kentucky,2,2,0,0,0,2,2,111,JEFFERSON (111),2090,LOUISVILLE,12,12,1,January,2023,5,Thursday,22,10:00pm-10:59pm,14,14,1,This Section IS ON the NHS,2,Urban,1,Interstate,1,State Highway Agency,1,Interstate,I-264,,116,116,38.18998056,38.18998056,-85.737300000,-85.73730000,0,No Special Jurisdiction,12,Motor Vehicle In-Transport,1,Front-to-Rear,1,Yes,17,Acceleration/Deceleration Lane,1,Not an Intersection,0,None,,,1,On Roadway,2,Dark - Not Lighted,,,,,10,Cloudy,0,No,0000000,Not Applicable,22,10:00pm-10:59pm,17,17,22,10:00pm-10:59pm,22,22,22,10:00pm-10:59pm,49,49,,,,,,,1,
2023,21,210024,Kentucky,3,3,0,0,0,3,3,111,JEFFERSON (111),2090,LOUISVILLE,17,17,1,January,2023,3,Tuesday,7,7:00am-7:59am,51,51,1,This Section IS ON the NHS,2,Urban,1,Interstate,1,State Highway Agency,1,Interstate,I-264,,215,215,38.27651111,38.27651111,-85.632702780,-85.63270278,0,No Special Jurisdiction,12,Motor Vehicle In-Transport,6,Angle,1,Yes,18,Through Roadway,1,Not an Intersection,0,None,,,1,On Roadway,1,Daylight,,,,,10,Cloudy,0,No,0000000,Not Applicable,12,12:00pm-12:59pm,15,15,12,12:00pm-12:59pm,15,15,88,"Not Applicable (Not Transported) ",88,Not Applicable (Not Transported),,,,,,,1,
2023,21,210025,Kentucky,1,1,0,1,1,1,1,111,JEFFERSON (111),2090,LOUISVILLE,12,12,1,January,2023,5,Thursday,20,8:00pm-8:59pm,52,52,1,This Section IS ON the NHS,2,Urban,3,Other Principal Arterial,1,State Highway Agency,2,U.S. Highway,US-60 TAYLOR BLVD,LONGFIELD AVE,15,15,38.19855000,38.19855000,-85.782691670,-85.78269167,0,No Special Jurisdiction,8,Pedestrian,0,The First Harmful Event was Not a Collision with a Motor Vehicle in Transport,0,No,3,Intersection-Related,2,Four-Way Intersection,0,None,,,1,On Roadway,3,Dark - Lighted,,,,,1,Clear,0,No,0000000,Not Applicable,20,8:00pm-8:59pm,52,52,21,9:00pm-9:59pm,12,12,21,9:00pm-9:59pm,23,23,,,,,,,1,
2023,21,210026,Kentucky,1,1,0,1,1,1,1,67,FAYETTE (67),1980,LEXINGTON-FAYETTE,19,19,1,January,2023,5,Thursday,5,5:00am-5:59am,28,28,0,This Section IS NOT on the NHS,2,Urban,7,Local,3,Town or Township Highway Agency,0,Not Signed,LIBERTY RD,,8,8,38.03301944,38.03301944,-84.459552780,-84.45955278,0,No Special Jurisdiction,8,Pedestrian,0,The First Harmful Event was Not a Collision with a Motor Vehicle in Transport,0,No,1,Non-Junction,1,Not an Intersection,0,None,,,1,On Roadway,3,Dark - Lighted,,,,,2,Rain,0,No,0000000,Not Applicable,5,5:00am-5:59am,29,29,5,5:00am-5:59am,34,34,5,5:00am-5:59am,54,54,,,,,,,1,
2023,21,210027,Kentucky,1,1,0,1,1,1,1,111,JEFFERSON (111),2090,LOUISVILLE,18,18,1,January,2023,4,Wednesday,8,8:00am-8:59am,17,17,0,This Section IS NOT on the NHS,2,Urban,7,Local,3,Town or Township Highway Agency,0,Not Signed,DUMESNIL ST,S 34TH ST,5,5,38.23764444,38.23764444,-85.810497220,-85.81049722,0,No Special Jurisdiction,8,Pedestrian,0,The First Harmful Event was Not a Collision with a Motor Vehicle in Transport,0,No,3,Intersection-Related,98,Not Reported,0,None,,,4,On Roadside,1,Daylight,,,,,10,Cloudy,0,No,0000000,Not Applicable,8,8:00am-8:59am,17,17,8,8:00am-8:59am,20,20,9,9:00am-9:59am,2,2,,,,,,,1,