caseyear,state,st_case,statename,ve_total,ve_forms,pvh_invl,peds,pernotmvit,permvit,persons,county,countyname,city,cityname,day,dayname,month,monthname,year,day_week,day_weekname,hour,hourname,minute,minutename,nhs,nhsname,rur_urb,rur_urbname,func_sys,func_sysname,rd_owner,rd_ownername,route,routename,tway_id,tway_id2,milept,mileptname,latitude,latitudename,longitud,longitudname,sp_jur,sp_jurname,harm_ev,harm_evname,man_coll,man_collname,reljct1,reljct1name,reljct2,reljct2name,typ_int,typ_intname,wrk_zone,wrk_zonename,road_fnc,road_fncname,rel_road,rel_roadname,lgt_cond,lgt_condname,weather1,weather1name,weather2,weather2name,weather,weathername,sch_bus,sch_busname,rail,railname,not_hour,not_hourname,not_min,not_minname,arr_hour,arr_hourname,arr_min,arr_minname,hosp_hr,hosp_hrname,hosp_mn,hosp_mnname,cf1,cf1name,cf2,cf2name,cf3,cf3name,fatals,drunk_dr
2023,21,210257,Kentucky,1,1,0,0,0,1,1,155,MARION (155),0,NOT APPLICABLE,23,23,5,May,2023,3,Tuesday,20,8:00pm-8:59pm,21,21,0,This Section IS NOT on the NHS,1,Rural,4,Minor Arterial,1,State Highway Agency,3,State Highway,SR-1183 MANTON RD,,8,8,37.68689722,37.68689722,-85.396952780,-85.39695278,0,No Special Jurisdiction,11,Live Animal,0,The First Harmful Event was Not a Collision with a Motor Vehicle in Transport,0,No,1,Non-Junction,1,Not an Intersection,0,None,,,1,On Roadway,1,Daylight,,,,,1,Clear,0,No,0000000,Not Applicable,20,8:00pm-8:59pm,21,21,20,8:00pm-8:59pm,40,40,20,8:00pm-8:59pm,40,40,,,,,,,1,
2023,21,210258,Kentucky,2,2,0,0,0,2,2,209,SCOTT (209),1280,GEORGETOWN,30,30,5,May,2023,3,Tuesday,6,6:00am-6:59am,16,16,0,This Section IS NOT on the NHS,1,Rural,5,Major Collector,1,State Highway Agency,2,U.S. Highway,US-25 CINCINNATI PIKE,,72,72,38.25553056,38.25553056,-84.565675000,-84.56567500,0,No Special Jurisdiction,12,Motor Vehicle In-Transport,2,Front-to-Front,0,No,1,Non-Junction,1,Not an Intersection,0,None,,,1,On Roadway,4,Dawn,,,,,1,Clear,0,No,0000000,Not Applicable,6,6:00am-6:59am,19,19,6,6:00am-6:59am,23,23,7,7:00am-7:59am,40,40,,,,,,,1,
2023,21,210259,Kentucky,1,1,0,0,0,1,1,127,LAWRENCE (127),0,NOT APPLICABLE,6,6,5,May,2023,7,Saturday,18,6:00pm-6:59pm,43,43,1,This Section IS ON the NHS,1,Rural,3,Other Principal Arterial,1,State Highway Agency,2,U.S. Highway,US-23,,213,213,38.16552222,38.16552222,-82.645455560,-82.64545556,0,No Special Jurisdiction,1,Rollover/Overturn,0,The First Harmful Event was Not a Collision with a Motor Vehicle in Transport,0,No,1,Non-Junction,1,Not an Intersection,0,None,,,3,On Median,1,Daylight,,,,,1,Clear,0,No,0000000,Not Applicable,19,7:00pm-7:59pm,5,5,19,7:00pm-7:59pm,5,5,19,7:00pm-7:59pm,20,20,,,,,,,1,
2023,21,210260,Kentucky,1,1,0,1,1,1,1,85,GRAYSON (85),1940,LEITCHFIELD,24,24,5,May,2023,4,Wednesday,5,5:00am-5:59am,30,30,0,This Section IS NOT on the NHS,1,Rural,7,Local,3,Town or Township Highway Agency,0,Not Signed,QUARRY RD,,0,None,37.47010556,37.47010556,-86.320313890,-86.32031389,0,No Special Jurisdiction,10,Railway Vehicle,0,The First Harmful Event was Not a Collision with a Motor Vehicle in Transport,0,No,6,"Railway Grade Crossing ",1,Not an Intersection,0,None,,,1,On Roadway,1,Daylight,,,,,1,Clear,0,No,296946X,296946X,16,4:00pm-4:59pm,52,52,16,4:00pm-4:59pm,55,55,17,5:00pm-5:59pm,17,17,,,,,,,1,
2023,21,210261,Kentucky,1,1,0,0,0,1,1,51,CLAY (51),0,NOT APPLICABLE,26,26,5,May,2023,6,Friday,14,2:00pm-2:59pm,29,29,1,This Section IS ON the NHS,1,Rural,3,Other Principal Arterial,1,State Highway Agency,3,State Highway,SR-9006,,141,141,37.12795833,37.12795833,-83.871711110,-83.87171111,0,No Special Jurisdiction,24,Guardrail Face,0,The First Harmful Event was Not a Collision with a Motor Vehicle in Transport,0,No,1,Non-Junction,1,Not an Intersection,0,None,,,4,On Roadside,1,Daylight,,,,,1,Clear,0,No,0000000,Not Applicable,14,2:00pm-2:59pm,28,28,14,2:00pm-2:59pm,36,36,15,3:00pm-3:59pm,2,2,,,,,,,1,
2023,21,210262,Kentucky,2,2,0,0,0,9,9,89,GREENUP (89),2720,RACELAND,9,9,4,April,2023,1,Sunday,19,7:00pm-7:59pm,2,2,1,This Section IS ON the NHS,2,Urban,3,Other Principal Arterial,1,State Highway Agency,2,U.S. Highway,US-23,POND RUN ROAD,44,44,38.54020833,38.54020833,-82.728627780,-82.72862778,0,No Special Jurisdiction,12,Motor Vehicle In-Transport,6,Angle,0,No,2,Intersection,98,Not Reported,0,None,,,1,On Roadway,1,Daylight,,,,,1,Clear,0,No,0000000,Not Applicable,19,7:00pm-7:59pm,6,6,19,7:00pm-7:59pm,9,9,19,7:00pm-7:59pm,46,46,,,,,,,1,
2023,21,210263,Kentucky,2,2,0,0,0,2,2,193,PERRY (193),665,CHAVIES,27,27,4,April,2023,5,Thursday,8,8:00am-8:59am,13,13,0,This Section IS NOT on the NHS,1,Rural,5,Major Collector,1,State Highway Agency,3,State Highway,SR-28,,145,145,37.35761389,37.35761389,-83.325691670,-83.32569167,0,No Special Jurisdiction,12,Motor Vehicle In-Transport,8,Sideswipe - Opposite Direction,0,No,1,Non-Junction,1,Not an Intersection,0,None,,,1,On Roadway,1,Daylight,,,,,10,Cloudy,0,No,0000000,Not Applicable,0,0:00am-0:59am,0,0,0,0:00am-0:59am,0,0,88,"Not Applicable (Not Transported) ",88,Not Applicable (Not Transported),,,,,,,1,
2023,21,210264,Kentucky,3,3,0,0,0,3,3,23,BRACKEN (23),0,NOT APPLICABLE,19,19,5,May,2023,6,Friday,9,9:00am-9:59am,42,42,1,This Section IS ON the NHS,1,Rural,3,Other Principal Arterial,1,State Highway Agency,3,State Highway,SR-9 AA HWY,,155,155,38.76633333,38.76633333,-84.186030560,-84.18603056,0,No Special Jurisdiction,12,Motor Vehicle In-Transport,2,Front-to-Front,0,No,1,Non-Junction,1,Not an Intersection,0,None,,,1,On Roadway,1,Daylight,,,,,1,Clear,0,No,0000000,Not Applicable,9,9:00am-9:59am,43,43,10,10:00am-10:59am,11,11,10,10:00am-10:59am,11,11,,,,,,,1,
2023,21,210265,Kentucky,2,2,0,0,0,2,2,111,JEFFERSON (111),2090,LOUISVILLE,17,17,5,May,2023,4,Wednesday,21,9:00pm-9:59pm,51,51,1,This Section IS ON the NHS,2,Urban,3,Other Principal Arterial,1,State Highway Agency,2,U.S. Highway,US-31 DIXIE HWY,W ORELL RD,62,62,38.07543333,38.07543333,-85.884430560,-85.88443056,0,No Special Jurisdiction,12,Motor Vehicle In-Transport,6,Angle,0,No,2,Intersection,2,Four-Way Intersection,0,None,,,1,On Roadway,3,Dark - Lighted,,,,,1,Clear,0,No,0000000,Not Applicable,21,9:00pm-9:59pm,51,51,22,10:00pm-10:59pm,0,0,22,10:00pm-10:59pm,33,33,,,,,,,1,
2023,21,210266,Kentucky,2,2,0,0,0,3,3,3,ALLEN (3),0,NOT APPLICABLE,13,13,4,April,2023,5,Thursday,17,5:00pm-5:59pm,15,15,1,This Section IS ON the NHS,1,Rural,3,Other Principal Arterial,1,State Highway Agency,2,U.S. Highway,US-231 VETERANS MEMORIAL HWY,DRY RIDGE RD,44,44,36.78517778,36.78517778,-86.281988890,-86.28198889,0,No Special Jurisdiction,12,Motor Vehicle In-Transport,6,Angle,0,No,2,Intersection,98,Not Reported,0,None,,,1,On Roadway,1,Daylight,,,,,98,Not Reported,0,No,0000000,Not Applicable,16,4:00pm-4:59pm,51,51,16,4:00pm-4:59pm,56,56,17,5:00pm-5:59pm,16,16,,,,,,,1,
2023,21,210267,Kentucky,1,1,0,0,0,1,1,19,BOYD (19),3247,SUMMIT,13,13,4,April,2023,5,Thursday,15,3:00pm-3:59pm,10,10,1,This Section IS ON the NHS,2,Urban,3,Other Principal Arterial,1,State Highway Agency,2,U.S. Highway,US-60,,75,75,38.43068056,38.43068056,-82.694841670,-82.69484167,0,No Special Jurisdiction,53,Mail Box,0,The First Harmful Event was Not a Collision with a Motor Vehicle in Transport,0,No,1,Non-Junction,1,Not an Intersection,0,None,,,5,Outside Trafficway,1,Daylight,,,,,1,Clear,0,No,0000000,Not Applicable,15,3:00pm-3:59pm,13,13,15,3:00pm-3:59pm,14,14,16,4:00pm-4:59pm,4,4,,,,,,,1,
2023,21,210268,Kentucky,2,2,0,0,0,2,2,67,FAYETTE (67),1980,LEXINGTON-FAYETTE,30,30,4,April,2023,1,Sunday,17,5:00pm-5:59pm,17,17,0,This Section IS NOT on the NHS,1,Rural,5,Major Collector,1,State Highway Agency,3,State Highway,SR-1927 TODDS RD,,81,81,38.00004167,38.00004167,-84.326330560,-84.32633056,0,No Special Jurisdiction,12,Motor Vehicle In-Transport,2,Front-to-Front,0,No,1,Non-Junction,1,Not an Intersection,0,None,,,1,On Roadway,1,Daylight,,,,,2,Rain,0,No,0000000,Not Applicable,17,5:00pm-5:59pm,47,47,17,5:00pm-5:59pm,47,47,18,6:00pm-6:59pm,13,13,,,,,,,1,
2023,21,210269,Kentucky,1,1,0,1,1,1,1,15,BOONE (15),3309,UNION,12,12,4,April,2023,4,Wednesday,14,2:00pm-2:59pm,50,50,0,This Section IS NOT on the NHS,2,Urban,7,Local,4,City or Municipal Highway Agency,6,Municipal,MU-BRAXTON DR,,4,4,38.96076111,38.96076111,-84.673238890,-84.67323889,0,No Special Jurisdiction,8,Pedestrian,0,The First Harmful Event was Not a Collision with a Motor Vehicle in Transport,0,No,1,Non-Junction,1,Not an Intersection,2,Maintenance,,,1,On Roadway,1,Daylight,,,,,1,Clear,0,No,0000000,Not Applicable,14,2:00pm-2:59pm,50,50,14,2:00pm-2:59pm,54,54,15,3:00pm-3:59pm,45,45,,,,,,,1,
2023,21,210270,Kentucky,1,1,0,0,0,1,1,151,MADISON (151),0,NOT APPLICABLE,10,10,2,February,2023,6,Friday,17,5:00pm-5:59pm,5,5,0,This Section IS NOT on the NHS,1,Rural,7,Local,2,County Highway Agency,4,County,CR-APACHE DR,,5,5,37.56044167,37.56044167,-84.348986110,-84.34898611,0,No Special Jurisdiction,42,Tree (Standing Only),0,The First Harmful Event was Not a Collision with a Motor Vehicle in Transport,0,No,1,Non-Junction,1,Not an Intersection,0,None,,,4,On Roadside,1,Daylight,,,,,10,Cloudy,0,No,0000000,Not Applicable,17,5:00pm-5:59pm,3,3,17,5:00pm-5:59pm,11,11,18,6:00pm-6:59pm,18,18,,,,,,,1,
2023,21,210271,Kentucky,2,2,0,0,0,4,4,111,JEFFERSON (111),2090,LOUISVILLE,30,30,4,April,2023,1,Sunday,3,3:00am-3:59am,38,38,0,This Section IS NOT on the NHS,2,Urban,4,Minor Arterial,1,State Highway Agency,3,State Highway,SR-61 PRESTON HWY,SR-1065 OUTER LOOP,39,39,38.13843889,38.13843889,-85.686752780,-85.68675278,0,No Special Jurisdiction,12,Motor Vehicle In-Transport,2,Front-to-Front,0,No,2,Intersection,2,Four-Way Intersection,0,None,,,1,On Roadway,3,Dark - Lighted,,,,,1,Clear,0,No,0000000,Not Applicable,3,3:00am-3:59am,37,37,3,3:00am-3:59am,39,39,4,4:00am-4:59am,7,7,,,,,,,1,
2023,21,210272,Kentucky,1,1,0,0,0,1,1,183,OHIO (183),0,NOT APPLICABLE,25,25,5,May,2023,5,Thursday,11,11:00am-11:59am,59,59,0,This Section IS NOT on the NHS,1,Rural,5,Major Collector,1,State Highway Agency,3,State Highway,SR-85,,68,68,37.42220833,37.42220833,-87.007013890,-87.00701389,0,No Special Jurisdiction,34,Ditch,0,The First Harmful Event was Not a Collision with a Motor Vehicle in Transport,0,No,1,Non-Junction,1,Not an Intersection,0,None,,,4,On Roadside,1,Daylight,,,,,1,Clear,0,No,0000000,Not Applicable,12,12:00pm-12:59pm,4,4,12,12:00pm-12:59pm,14,14,12,12:00pm-12:59pm,46,46,,,,,,,1,
2023,21,210273,Kentucky,2,2,0,0,0,2,2,111,JEFFERSON (111),2090,LOUISVILLE,2,2,6,June,2023,6,Friday,9,9:00am-9:59am,34,34,0,This Section IS NOT on the NHS,2,Urban,4,Minor Arterial,1,State Highway Agency,3,State Highway,SR-61 PRESTON HWY,,95,95,38.20779167,38.20779167,-85.738202780,-85.73820278,0,No Special Jurisdiction,12,Motor Vehicle In-Transport,1,Front-to-Rear,0,No,1,Non-Junction,1,Not an Intersection,0,None,,,1,On Roadway,1,Daylight,,,,,1,Clear,0,No,0000000,Not Applicable,9,9:00am-9:59am,34,34,9,9:00am-9:59am,44,44,10,10:00am-10:59am,9,9,,,,,,,1,
2023,21,210274,Kentucky,2,2,0,0,0,3,3,185,OLDHAM (185),0,NOT APPLICABLE,3,3,6,June,2023,7,Saturday,0,0:00am-0:59am,58,58,0,This Section IS NOT on the NHS,2,Urban,6,Minor Collector,1,State Highway Agency,3,State Highway,SR-3222 S ROSE ISLAND RD,,4,4,38.37416111,38.37416111,-85.617291670,-85.61729167,0,No Special Jurisdiction,93,Unknown Fixed Object,0,The First Harmful Event was Not a Collision with a Motor Vehicle in Transport,0,No,1,Non-Junction,1,Not an Intersection,0,None,,,4,On Roadside,2,Dark - Not Lighted,,,,,1,Clear,0,No,0000000,Not Applicable,1,1:00am-1:59am,3,3,1,1:00am-1:59am,14,14,88,"Not Applicable (Not Transported) ",88,Not Applicable (Not Transported),,,,,,,1,
2023,21,210275,Kentucky,2,2,0,0,0,3,3,161,MASON (161),920,DOVER,3,3,6,June,2023,7,Saturday,18,6:00pm-6:59pm,55,55,0,This Section IS NOT on the NHS,1,Rural,6,Minor Collector,1,State Highway Agency,3,State Highway,SR-435 IDA M ROSS RD,,27,27,38.69485556,38.69485556,-83.914116670,-83.91411667,0,No Special Jurisdiction,12,Motor Vehicle In-Transport,8,Sideswipe - Opposite Direction,0,No,1,Non-Junction,1,Not an Intersection,0,None,,,1,On Roadway,1,Daylight,,,,,1,Clear,0,No,0000000,Not Applicable,17,5:00pm-5:59pm,20,20,17,5:00pm-5:59pm,20,20,17,5:00pm-5:59pm,49,49,,,,,,,1,
2023,21,210276,Kentucky,1,1,0,0,0,6,6,111,JEFFERSON (111),2090,LOUISVILLE,4,4,6,June,2023,1,Sunday,1,1:00am-1:59am,49,49,1,This Section IS ON the NHS,2,Urban,3,Other Principal Arterial,1,State Highway Agency,2,U.S. Highway,US-60 LEXINGTON RD,,80,80,38.24505556,38.24505556,-85.699113890,-85.69911389,0,No Special Jurisdiction,33,Curb,0,The First Harmful Event was Not a Collision with a Motor Vehicle in Transport,0,No,1,Non-Junction,1,Not an Intersection,0,None,,,3,On Median,6,Dark - Unknown Lighting,,,,,1,Clear,0,No,0000000,Not Applicable,1,1:00am-1:59am,49,49,1,1:00am-1:59am,57,57,2,2:00am-2:59am,39,39,,,,,,,1,
2023,21,210277,Kentucky,2,2,0,0,0,4,4,145,MCCRACKEN (145),2520,PADUCAH,4,4,6,June,2023,1,Sunday,15,3:00pm-3:59pm,30,30,0,This Section IS NOT on the NHS,1,Rural,4,Minor Arterial,1,State Highway Agency,3,State Highway,SR-286 SAGE GREEN RD,,3,3,37.00711944,37.00711944,-88.831994440,-88.83199444,0,No Special Jurisdiction,12,Motor Vehicle In-Transport,2,Front-to-Front,0,No,1,Non-Junction,1,Not an Intersection,0,None,,,1,On Roadway,1,Daylight,,,,,1,Clear,0,No,0000000,Not Applicable,15,3:00pm-3:59pm,35,35,15,3:00pm-3:59pm,51,51,16,4:00pm-4:59pm,18,18,,,,,,,2,
2023,21,210278,Kentucky,2,2,0,0,0,3,3,173,MONTGOMERY (173),1741,JEFFERSONVILLE,4,4,6,June,2023,1,Sunday,17,5:00pm-5:59pm,54,54,0,This Section IS NOT on the NHS,1,Rural,4,Minor Arterial,1,State Highway Agency,2,U.S. Highway,US-460 E MAIN ST,SR-213 S,99998,Not Reported,37.97632500,37.97632500,-83.850877780,-83.85087778,0,No Special Jurisdiction,12,Motor Vehicle In-Transport,6,Angle,0,No,2,Intersection,3,T-Intersection,0,None,,,1,On Roadway,1,Daylight,,,,,1,Clear,0,No,0000000,Not Applicable,17,5:00pm-5:59pm,59,59,18,6:00pm-6:59pm,11,11,18,6:00pm-6:59pm,38,38,,,,,,,1,
2023,21,210279,Kentucky,2,2,0,0,0,2,2,111,JEFFERSON (111),1740,JEFFERSONTOWN,5,5,6,June,2023,2,Monday,5,5:00am-5:59am,54,54,0,This Section IS NOT on the NHS,2,Urban,4,Minor Arterial,1,State Highway Agency,3,State Highway,SR-1819 BILLTOWN RD,,78,78,38.17648611,38.17648611,-85.572816670,-85.57281667,0,No Special Jurisdiction,12,Motor Vehicle In-Transport,2,Front-to-Front,0,No,1,Non-Junction,1,Not an Intersection,0,None,,,1,On Roadway,2,Dark - Not Lighted,,,,,1,Clear,0,No,0000000,Not Applicable,6,6:00am-6:59am,5,5,6,6:00am-6:59am,7,7,7,7:00am-7:59am,6,6,,,,,,,1,
2023,21,210280,Kentucky,1,1,0,0,0,1,1,49,CLARK (49),0,NOT APPLICABLE,6,6,6,June,2023,3,Tuesday,21,9:00pm-9:59pm,35,35,0,This Section IS NOT on the NHS,1,Rural,5,Major Collector,1,State Highway Agency,3,State Highway,SR-418 ATHENS BOONESBORO RD,,43,43,37.91860556,37.91860556,-84.272969440,-84.27296944,0,No Special Jurisdiction,42,Tree (Standing Only),0,The First Harmful Event was Not a Collision with a Motor Vehicle in Transport,0,No,1,Non-Junction,1,Not an Intersection,0,None,,,4,On Roadside,2,Dark - Not Lighted,,,,,1,Clear,0,No,0000000,Not Applicable,21,9:00pm-9:59pm,37,37,21,9:00pm-9:59pm,50,50,88,"Not Applicable (Not Transported) ",88,Not Applicable (Not Transported),,,,,,,1,
2023,21,210281,Kentucky,1,1,0,1,1,2,2,15,BOONE (15),1150,FLORENCE,7,7,6,June,2023,4,Wednesday,23,11:00pm-11:59pm,18,18,0,This Section IS NOT on the NHS,2,Urban,4,Minor Arterial,1,State Highway Agency,2,U.S. Highway,US-25 DIXIE HWY,,91,91,38.97758611,38.97758611,-84.619016670,-84.61901667,0,No Special Jurisdiction,8,Pedestrian,0,The First Harmful Event was Not a Collision with a Motor Vehicle in Transport,0,No,1,Non-Junction,1,Not an Intersection,0,None,,,1,On Roadway,3,Dark - Lighted,,,,,1,Clear,0,No,0000000,Not Applicable,23,11:00pm-11:59pm,18,18,23,11:00pm-11:59pm,19,19,88,"Not Applicable (Not Transported) ",88,Not Applicable (Not Transported),,,,,,,1,
2023,21,210282,Kentucky,1,1,0,0,0,1,1,163,MEADE (163),2573,PAYNEVILLE,6,6,6,June,2023,3,Tuesday,21,9:00pm-9:59pm,57,57,0,This Section IS NOT on the NHS,1,Rural,5,Major Collector,1,State Highway Agency,3,State Highway,SR-144,,99,99,38.02381667,38.02381667,-86.342569440,-86.34256944,0,No Special Jurisdiction,53,Mail Box,0,The First Harmful Event was Not a Collision with a Motor Vehicle in Transport,0,No,1,Non-Junction,1,Not an Intersection,0,None,,,4,On Roadside,2,Dark - Not Lighted,,,,,10,Cloudy,0,No,0000000,Not Applicable,22,10:00pm-10:59pm,0,0,22,10:00pm-10:59pm,9,9,23,11:00pm-11:59pm,10,10,,,,,,,1,
2023,21,210283,Kentucky,1,1,0,0,0,1,1,219,TODD (219),0,NOT APPLICABLE,8,8,6,June,2023,5,Thursday,13,1:00pm-1:59pm,40,40,1,This Section IS ON the NHS,1,Rural,3,Other Principal Arterial,1,State Highway Agency,2,U.S. Highway,US-68 HOPKINSVILLE RD,,31,31,36.83919722,36.83919722,-87.244005560,-87.24400556,0,No Special Jurisdiction,1,Rollover/Overturn,0,The First Harmful Event was Not a Collision with a Motor Vehicle in Transport,0,No,1,Non-Junction,1,Not an Intersection,0,None,,,4,On Roadside,1,Daylight,,,,,1,Clear,0,No,0000000,Not Applicable,13,1:00pm-1:59pm,33,33,13,1:00pm-1:59pm,42,42,88,"Not Applicable (Not Transported) ",88,Not Applicable (Not Transported),,,,,,,1,
2023,21,210284,Kentucky,2,1,1,1,4,1,4,239,WOODFORD (239),0,NOT APPLICABLE,9,9,6,June,2023,6,Friday,16,4:00pm-4:59pm,0,0,1,This Section IS ON the NHS,1,Rural,3,Other Principal Arterial,1,State Highway Agency,3,State Highway,SR-9002,,640,640,38.00124167,38.00124167,-84.793516670,-84.79351667,0,No Special Jurisdiction,8,Pedestrian,0,The First Harmful Event was Not a Collision with a Motor Vehicle in Transport,0,No,1,Non-Junction,1,Not an Intersection,0,None,,,2,On Shoulder,1,Daylight,,,,,1,Clear,0,No,0000000,Not Applicable,15,3:00pm-3:59pm,52,52,16,4:00pm-4:59pm,0,0,88,"Not Applicable (Not Transported) ",88,Not Applicable (Not Transported),,,,,,,1,
2023,21,210285,Kentucky,1,1,0,0,0,1,1,95,HARLAN (95),0,NOT APPLICABLE,10,10,6,June,2023,7,Saturday,15,3:00pm-3:59pm,37,37,0,This Section IS NOT on the NHS,1,Rural,7,Local,2,County Highway Agency,4,County,CR-REED RD,,0,None,36.93525278,36.93525278,-83.138102780,-83.13810278,0,No Special Jurisdiction,1,Rollover/Overturn,0,The First Harmful Event was Not a Collision with a Motor Vehicle in Transport,0,No,1,Non-Junction,1,Not an Intersection,0,None,,,1,On Roadway,1,Daylight,,,,,1,Clear,0,No,0000000,Not Applicable,15,3:00pm-3:59pm,37,37,15,3:00pm-3:59pm,56,56,88,"Not Applicable (Not Transported) ",88,Not Applicable (Not Transported),,,,,,,1,
2023,21,210286,Kentucky,2,2,0,0,0,3,3,195,PIKE (195),2979,SHELBIANA,12,12,6,June,2023,2,Monday,20,8:00pm-8:59pm,50,50,1,This Section IS ON the NHS,2,Urban,3,Other Principal Arterial,1,State Highway Agency,2,U.S. Highway,US-460,,57,57,37.40605833,37.40605833,-82.437430560,-82.43743056,0,No Special Jurisdiction,12,Motor Vehicle In-Transport,2,Front-to-Front,0,No,1,Non-Junction,1,Not an Intersection,0,None,,,1,On Roadway,2,Dark - Not Lighted,,,,,1,Clear,0,No,0000000,Not Applicable,20,8:00pm-8:59pm,51,51,21,9:00pm-9:59pm,11,11,21,9:00pm-9:59pm,46,46,,,,,,,2,
2023,21,210287,Kentucky,2,2,0,0,0,6,6,195,PIKE (195),3140,SOUTH WILLIAMSON,9,9,6,June,2023,6,Friday,11,11:00am-11:59am,55,55,1,This Section IS ON the NHS,1,Rural,3,Other Principal Arterial,1,State Highway Agency,2,U.S. Highway,US-119,,246,246,37.66377500,37.66377500,-82.273158330,-82.27315833,0,No Special Jurisdiction,12,Motor Vehicle In-Transport,6,Angle,0,No,8,Driveway Access Related,1,Not an Intersection,0,None,,,1,On Roadway,1,Daylight,,,,,1,Clear,0,No,0000000,Not Applicable,11,11:00am-11:59am,55,55,12,12:00pm-12:59pm,10,10,12,12:00pm-12:59pm,29,29,,,,,,,1,
2023,21,210288,Kentucky,2,2,0,0,0,2,2,141,LOGAN (141),2820,RUSSELLVILLE,14,14,6,June,2023,4,Wednesday,11,11:00am-11:59am,48,48,0,This Section IS NOT on the NHS,2,Urban,4,Minor Arterial,1,State Highway Agency,3,State Highway,SR-3240 E 9TH ST,,7,7,36.84227500,36.84227500,-86.878877780,-86.87887778,0,No Special Jurisdiction,12,Motor Vehicle In-Transport,2,Front-to-Front,0,No,1,Non-Junction,1,Not an Intersection,0,None,,,1,On Roadway,1,Daylight,,,,,1,Clear,0,No,0000000,Not Applicable,11,11:00am-11:59am,49,49,11,11:00am-11:59am,51,51,12,12:00pm-12:59pm,4,4,,,,,,,1,
2023,21,210289,Kentucky,1,1,0,0,0,1,1,185,OLDHAM (185),1316,GOSHEN,14,14,6,June,2023,4,Wednesday,20,8:00pm-8:59pm,3,3,0,This Section IS NOT on the NHS,2,Urban,4,Minor Arterial,1,State Highway Agency,2,U.S. Highway,US-42,,32,32,38.39977778,38.39977778,-85.578169440,-85.57816944,0,No Special Jurisdiction,30,Utility Pole/Light Support,0,The First Harmful Event was Not a Collision with a Motor Vehicle in Transport,0,No,1,Non-Junction,1,Not an Intersection,0,None,,,4,On Roadside,1,Daylight,,,,,1,Clear,0,No,0000000,Not Applicable,20,8:00pm-8:59pm,5,5,20,8:00pm-8:59pm,9,9,88,"Not Applicable (Not Transported) ",88,Not Applicable (Not Transported),,,,,,,1,
2023,21,210290,Kentucky,2,2,0,0,0,3,3,49,CLARK (49),3610,WINCHESTER,13,13,6,June,2023,3,Tuesday,22,10:00pm-10:59pm,2,2,0,This Section IS NOT on the NHS,2,Urban,4,Minor Arterial,1,State Highway Agency,2,U.S. Highway,US-60 LEXINGTON RD,,19,19,38.02182222,38.02182222,-84.257936110,-84.25793611,0,No Special Jurisdiction,12,Motor Vehicle In-Transport,1,Front-to-Rear,0,No,1,Non-Junction,1,Not an Intersection,0,None,,,1,On Roadway,2,Dark - Not Lighted,,,,,10,Cloudy,0,No,0000000,Not Applicable,22,10:00pm-10:59pm,2,2,22,10:00pm-10:59pm,9,9,22,10:00pm-10:59pm,20,20,,,,,,,1,
2023,21,210291,Kentucky,1,1,0,0,0,4,4,129,LEE (129),3926,ZOE,16,16,6,June,2023,6,Friday,18,6:00pm-6:59pm,13,13,0,This Section IS NOT on the NHS,1,Rural,7,Local,2,County Highway Agency,4,County,CR-ZOE POST OFFICE RD,,1,1,37.67249444,37.67249444,-83.678855560,-83.67885556,0,No Special Jurisdiction,1,Rollover/Overturn,0,The First Harmful Event was Not a Collision with a Motor Vehicle in Transport,0,No,1,Non-Junction,1,Not an Intersection,0,None,,,4,On Roadside,1,Daylight,,,,,1,Clear,0,No,0000000,Not Applicable,18,6:00pm-6:59pm,27,27,18,6:00pm-6:59pm,49,49,19,7:00pm-7:59pm,40,40,,,,,,,1,
2023,21,210292,Kentucky,2,2,0,0,0,3,3,111,JEFFERSON (111),2090,LOUISVILLE,16,16,6,June,2023,6,Friday,23,11:00pm-11:59pm,15,15,0,This Section IS NOT on the NHS,2,Urban,4,Minor Arterial,1,State Highway Agency,3,State Highway,SR-61 PRESTON HWY,E INDIAN TRAIL,63,63,38.16878611,38.16878611,-85.706608330,-85.70660833,0,No Special Jurisdiction,12,Motor Vehicle In-Transport,6,Angle,0,No,2,Intersection,3,T-Intersection,0,None,,,1,On Roadway,3,Dark - Lighted,,,,,1,Clear,0,No,0000000,Not Applicable,23,11:00pm-11:59pm,15,15,23,11:00pm-11:59pm,20,20,88,"Not Applicable (Not Transported) ",88,Not Applicable (Not Transported),,,,,,,2,
2023,21,210293,Kentucky,1,1,0,0,0,1,1,83,GRAVES (83),0,NOT APPLICABLE,17,17,6,June,2023,7,Saturday,8,8:00am-8:59am,50,50,0,This Section IS NOT on the NHS,1,Rural,5,Major Collector,1,State Highway Agency,3,State Highway,SR-97,,84,84,36.61003611,36.61003611,-88.544694440,-88.54469444,0,No Special Jurisdiction,30,Utility Pole/Light Support,0,The First Harmful Event was Not a Collision with a Motor Vehicle in Transport,0,No,1,Non-Junction,1,Not an Intersection,0,None,,,4,On Roadside,1,Daylight,,,,,1,Clear,0,No,0000000,Not Applicable,8,8:00am-8:59am,51,51,9,9:00am-9:59am,5,5,88,"Not Applicable (Not Transported) ",88,Not Applicable (Not Transported),,,,,,,1,
2023,21,210294,Kentucky,1,1,0,0,0,1,1,119,KNOTT (119),2158,MALLIE,17,17,6,June,2023,7,Saturday,11,11:00am-11:59am,19,19,0,This Section IS NOT on the NHS,1,Rural,6,Minor Collector,1,State Highway Agency,3,State Highway,SR-1393 BRANHAMS CREEK RD,,25,25,37.30085278,37.30085278,-82.913555560,-82.91355556,0,No Special Jurisdiction,16,Thrown or Falling Object,0,The First Harmful Event was Not a Collision with a Motor Vehicle in Transport,0,No,1,Non-Junction,1,Not an Intersection,0,None,,,1,On Roadway,1,Daylight,,,,,1,Clear,0,No,0000000,Not Applicable,11,11:00am-11:59am,20,20,11,11:00am-11:59am,35,35,88,"Not Applicable (Not Transported) ",88,Not Applicable (Not Transported),,,,,,,1,