caseyear,state,st_case,statename,ve_total,ve_forms,pvh_invl,peds,pernotmvit,permvit,persons,county,countyname,city,cityname,day,dayname,month,monthname,year,day_week,day_weekname,hour,hourname,minute,minutename,nhs,nhsname,rur_urb,rur_urbname,func_sys,func_sysname,rd_owner,rd_ownername,route,routename,tway_id,tway_id2,milept,mileptname,latitude,latitudename,longitud,longitudname,sp_jur,sp_jurname,harm_ev,harm_evname,man_coll,man_collname,reljct1,reljct1name,reljct2,reljct2name,typ_int,typ_intname,wrk_zone,wrk_zonename,road_fnc,road_fncname,rel_road,rel_roadname,lgt_cond,lgt_condname,weather1,weather1name,weather2,weather2name,weather,weathername,sch_bus,sch_busname,rail,railname,not_hour,not_hourname,not_min,not_minname,arr_hour,arr_hourname,arr_min,arr_minname,hosp_hr,hosp_hrname,hosp_mn,hosp_mnname,cf1,cf1name,cf2,cf2name,cf3,cf3name,fatals,drunk_dr
2023,21,210368,Kentucky,1,1,0,0,0,4,4,165,MENIFEE (165),0,NOT APPLICABLE,3,3,7,July,2023,2,Monday,23,11:00pm-11:59pm,0,0,0,This Section IS NOT on the NHS,1,Rural,6,Minor Collector,1,State Highway Agency,3,State Highway,SR-746,,30,30,37.86962500,37.86962500,-83.531213890,-83.53121389,0,No Special Jurisdiction,42,Tree (Standing Only),0,The First Harmful Event was Not a Collision with a Motor Vehicle in Transport,0,No,1,Non-Junction,1,Not an Intersection,0,None,,,4,On Roadside,2,Dark - Not Lighted,,,,,2,Rain,0,No,0000000,Not Applicable,22,10:00pm-10:59pm,56,56,23,11:00pm-11:59pm,36,36,0,0:00am-0:59am,35,35,,,,,,,1,
2023,21,210369,Kentucky,2,2,0,0,0,3,3,93,HARDIN (93),1000,ELIZABETHTOWN,4,4,7,July,2023,3,Tuesday,14,2:00pm-2:59pm,5,5,1,This Section IS ON the NHS,2,Urban,3,Other Principal Arterial,1,State Highway Agency,2,U.S. Highway,US-31 W N DIXIE HWY,SR-2802 W A JENKINS RD,216,216,37.75804444,37.75804444,-85.898252780,-85.89825278,0,No Special Jurisdiction,12,Motor Vehicle In-Transport,6,Angle,0,No,2,Intersection,98,Not Reported,0,None,,,1,On Roadway,1,Daylight,,,,,1,Clear,0,No,0000000,Not Applicable,14,2:00pm-2:59pm,3,3,14,2:00pm-2:59pm,8,8,14,2:00pm-2:59pm,57,57,,,,,,,1,
2023,21,210370,Kentucky,2,2,0,0,0,3,3,169,METCALFE (169),0,NOT APPLICABLE,7,7,7,July,2023,6,Friday,9,9:00am-9:59am,29,29,0,This Section IS NOT on the NHS,1,Rural,6,Minor Collector,1,State Highway Agency,3,State Highway,SR-314 HISEVILLE CENTER RD,RATLIFF MITCHELL RD,12,12,37.11170000,37.11170000,-85.741319440,-85.74131944,0,No Special Jurisdiction,12,Motor Vehicle In-Transport,6,Angle,0,No,2,Intersection,2,Four-Way Intersection,0,None,,,1,On Roadway,1,Daylight,,,,,10,Cloudy,0,No,0000000,Not Applicable,9,9:00am-9:59am,28,28,9,9:00am-9:59am,44,44,10,10:00am-10:59am,36,36,,,,,,,1,
2023,21,210371,Kentucky,1,1,0,1,1,2,2,113,JESSAMINE (113),2410,NICHOLASVILLE,8,8,7,July,2023,7,Saturday,21,9:00pm-9:59pm,58,58,0,This Section IS NOT on the NHS,1,Rural,3,Other Principal Arterial,1,State Highway Agency,2,U.S. Highway,US-27X N MAIN ST,,32,32,37.89501667,37.89501667,-84.566808330,-84.56680833,0,No Special Jurisdiction,9,Pedalcyclist,0,The First Harmful Event was Not a Collision with a Motor Vehicle in Transport,0,No,1,Non-Junction,1,Not an Intersection,0,None,,,1,On Roadway,2,Dark - Not Lighted,,,,,1,Clear,0,No,0000000,Not Applicable,22,10:00pm-10:59pm,1,1,22,10:00pm-10:59pm,2,2,22,10:00pm-10:59pm,30,30,,,,,,,1,
2023,21,210372,Kentucky,3,3,0,0,0,5,5,3,ALLEN (3),0,NOT APPLICABLE,10,10,7,July,2023,2,Monday,13,1:00pm-1:59pm,54,54,0,This Section IS NOT on the NHS,1,Rural,4,Minor Arterial,1,State Highway Agency,2,U.S. Highway,US-31E NEW GLASGOW RD,,141,141,36.80205000,36.80205000,-86.140083330,-86.14008333,0,No Special Jurisdiction,12,Motor Vehicle In-Transport,1,Front-to-Rear,0,No,1,Non-Junction,1,Not an Intersection,1,Construction,,,1,On Roadway,1,Daylight,,,,,1,Clear,0,No,0000000,Not Applicable,13,1:00pm-1:59pm,56,56,14,2:00pm-2:59pm,0,0,14,2:00pm-2:59pm,0,0,,,,,,,2,
2023,21,210373,Kentucky,2,2,0,0,0,3,3,111,JEFFERSON (111),2090,LOUISVILLE,11,11,7,July,2023,3,Tuesday,13,1:00pm-1:59pm,31,31,0,This Section IS NOT on the NHS,2,Urban,4,Minor Arterial,1,State Highway Agency,3,State Highway,SR-1065 OUTER LOOP,UNKNOWN RD,33,33,38.13060833,38.13060833,-85.733991670,-85.73399167,0,No Special Jurisdiction,12,Motor Vehicle In-Transport,6,Angle,0,No,2,Intersection,3,T-Intersection,0,None,,,1,On Roadway,1,Daylight,,,,,1,Clear,0,No,0000000,Not Applicable,13,1:00pm-1:59pm,32,32,13,1:00pm-1:59pm,39,39,13,1:00pm-1:59pm,51,51,,,,,,,1,
2023,21,210374,Kentucky,1,1,0,0,0,1,1,43,CARTER (43),0,NOT APPLICABLE,12,12,7,July,2023,4,Wednesday,7,7:00am-7:59am,12,12,0,This Section IS NOT on the NHS,1,Rural,7,Local,2,County Highway Agency,4,County,CR-STINSON RD,,29,29,38.31272778,38.31272778,-82.867394440,-82.86739444,0,No Special Jurisdiction,1,Rollover/Overturn,0,The First Harmful Event was Not a Collision with a Motor Vehicle in Transport,0,No,1,Non-Junction,1,Not an Intersection,0,None,,,1,On Roadway,4,Dawn,,,,,1,Clear,0,No,0000000,Not Applicable,7,7:00am-7:59am,14,14,7,7:00am-7:59am,22,22,88,"Not Applicable (Not Transported) ",88,Not Applicable (Not Transported),,,,,,,1,
2023,21,210375,Kentucky,1,1,0,0,0,2,2,93,HARDIN (93),1000,ELIZABETHTOWN,13,13,7,July,2023,5,Thursday,1,1:00am-1:59am,31,31,0,This Section IS NOT on the NHS,2,Urban,7,Local,4,City or Municipal Highway Agency,0,Not Signed,N MAIN ST,E CRUTCHER LN,2,2,37.69573056,37.69573056,-85.855547220,-85.85554722,0,No Special Jurisdiction,30,Utility Pole/Light Support,0,The First Harmful Event was Not a Collision with a Motor Vehicle in Transport,0,No,3,Intersection-Related,6,Roundabout,0,None,,,4,On Roadside,2,Dark - Not Lighted,,,,,1,Clear,0,No,0000000,Not Applicable,1,1:00am-1:59am,35,35,1,1:00am-1:59am,42,42,2,2:00am-2:59am,41,41,,,,,,,1,
2023,21,210376,Kentucky,2,2,0,0,0,3,3,37,CAMPBELL (37),1180,FORT THOMAS,14,14,7,July,2023,6,Friday,9,9:00am-9:59am,33,33,1,This Section IS ON the NHS,2,Urban,1,Interstate,1,State Highway Agency,1,Interstate,I-471 N,,21,21,39.07136667,39.07136667,-84.463088890,-84.46308889,0,No Special Jurisdiction,54,"Motor Vehicle In-Transport Strikes or is Struck by Cargo, Persons or Objects Set-in-Motion from/by Another Motor Vehicle In Transport",11,"Other ",0,No,1,Non-Junction,1,Not an Intersection,0,None,,,1,On Roadway,1,Daylight,,,,,1,Clear,0,No,0000000,Not Applicable,9,9:00am-9:59am,31,31,9,9:00am-9:59am,39,39,10,10:00am-10:59am,0,0,,,,,,,1,
2023,21,210377,Kentucky,1,1,0,0,0,2,2,93,HARDIN (93),1000,ELIZABETHTOWN,21,21,6,June,2023,4,Wednesday,7,7:00am-7:59am,29,29,1,This Section IS ON the NHS,1,Rural,1,Interstate,1,State Highway Agency,1,Interstate,I-65,,989,989,37.76896667,37.76896667,-85.789916670,-85.78991667,0,No Special Jurisdiction,57,Cable Barrier,0,The First Harmful Event was Not a Collision with a Motor Vehicle in Transport,0,No,1,Non-Junction,1,Not an Intersection,0,None,,,3,On Median,1,Daylight,,,,,2,Rain,0,No,0000000,Not Applicable,7,7:00am-7:59am,53,53,7,7:00am-7:59am,53,53,8,8:00am-8:59am,27,27,,,,,,,1,
2023,21,210378,Kentucky,1,1,0,0,0,1,1,111,JEFFERSON (111),2225,MIDDLETOWN,17,17,7,July,2023,2,Monday,1,1:00am-1:59am,4,4,1,This Section IS ON the NHS,2,Urban,3,Other Principal Arterial,1,State Highway Agency,2,U.S. Highway,US-60 SHELBYVILLE RD,,117,117,38.24365278,38.24365278,-85.520736110,-85.52073611,0,No Special Jurisdiction,35,Embankment,0,The First Harmful Event was Not a Collision with a Motor Vehicle in Transport,0,No,1,Non-Junction,1,Not an Intersection,0,None,,,4,On Roadside,2,Dark - Not Lighted,,,,,10,Cloudy,0,No,0000000,Not Applicable,1,1:00am-1:59am,7,7,1,1:00am-1:59am,12,12,88,"Not Applicable (Not Transported) ",88,Not Applicable (Not Transported),,,,,,,1,
2023,21,210379,Kentucky,2,2,0,0,0,2,2,111,JEFFERSON (111),2090,LOUISVILLE,27,27,7,July,2023,5,Thursday,1,1:00am-1:59am,38,38,1,This Section IS ON the NHS,2,Urban,3,Other Principal Arterial,1,State Highway Agency,3,State Highway,SR-1934 GREENBELT HWY,LOGISTICS DR,58,58,38.16540278,38.16540278,-85.878569440,-85.87856944,0,No Special Jurisdiction,12,Motor Vehicle In-Transport,11,"Other ",0,No,2,Intersection,3,T-Intersection,0,None,,,1,On Roadway,2,Dark - Not Lighted,,,,,1,Clear,0,No,0000000,Not Applicable,1,1:00am-1:59am,38,38,1,1:00am-1:59am,47,47,88,"Not Applicable (Not Transported) ",88,Not Applicable (Not Transported),,,,,,,1,
2023,21,210380,Kentucky,2,2,0,0,0,2,2,111,JEFFERSON (111),2090,LOUISVILLE,27,27,7,July,2023,5,Thursday,2,2:00am-2:59am,39,39,0,This Section IS NOT on the NHS,2,Urban,3,Other Principal Arterial,1,State Highway Agency,2,U.S. Highway,US-31 DIXIE HWY,,34,34,38.04012222,38.04012222,-85.905980560,-85.90598056,0,No Special Jurisdiction,12,Motor Vehicle In-Transport,1,Front-to-Rear,0,No,1,Non-Junction,1,Not an Intersection,0,None,,,1,On Roadway,2,Dark - Not Lighted,,,,,1,Clear,0,No,0000000,Not Applicable,2,2:00am-2:59am,41,41,2,2:00am-2:59am,50,50,3,3:00am-3:59am,24,24,,,,,,,1,
2023,21,210381,Kentucky,1,1,0,1,1,1,1,67,FAYETTE (67),1980,LEXINGTON-FAYETTE,26,26,7,July,2023,4,Wednesday,0,0:00am-0:59am,57,57,1,This Section IS ON the NHS,2,Urban,3,Other Principal Arterial,1,State Highway Agency,2,U.S. Highway,US-27 NICHOLASVILLE RD,,28,28,38.00108611,38.00108611,-84.520116670,-84.52011667,0,No Special Jurisdiction,8,Pedestrian,0,The First Harmful Event was Not a Collision with a Motor Vehicle in Transport,0,No,1,Non-Junction,1,Not an Intersection,0,None,,,1,On Roadway,3,Dark - Lighted,,,,,10,Cloudy,0,No,0000000,Not Applicable,0,0:00am-0:59am,58,58,1,1:00am-1:59am,3,3,1,1:00am-1:59am,19,19,,,,,,,1,
2023,21,210383,Kentucky,1,1,0,0,0,1,1,111,JEFFERSON (111),2090,LOUISVILLE,30,30,7,July,2023,1,Sunday,2,2:00am-2:59am,21,21,1,This Section IS ON the NHS,2,Urban,1,Interstate,1,State Highway Agency,1,Interstate,I-264,,19,19,38.25015278,38.25015278,-85.807022220,-85.80702222,0,No Special Jurisdiction,24,Guardrail Face,0,The First Harmful Event was Not a Collision with a Motor Vehicle in Transport,0,No,1,Non-Junction,1,Not an Intersection,0,None,,,4,On Roadside,3,Dark - Lighted,,,,,1,Clear,0,No,0000000,Not Applicable,2,2:00am-2:59am,30,30,2,2:00am-2:59am,36,36,3,3:00am-3:59am,11,11,,,,,,,1,
2023,21,210384,Kentucky,2,2,0,0,0,2,2,111,JEFFERSON (111),2090,LOUISVILLE,26,26,7,July,2023,4,Wednesday,1,1:00am-1:59am,33,33,1,This Section IS ON the NHS,2,Urban,1,Interstate,1,State Highway Agency,1,Interstate,I-264,,65,65,38.18812500,38.18812500,-85.829169440,-85.82916944,0,No Special Jurisdiction,12,Motor Vehicle In-Transport,2,Front-to-Front,0,No,1,Non-Junction,1,Not an Intersection,0,None,,,1,On Roadway,3,Dark - Lighted,,,,,10,Cloudy,0,No,0000000,Not Applicable,1,1:00am-1:59am,31,31,1,1:00am-1:59am,39,39,88,"Not Applicable (Not Transported) ",88,Not Applicable (Not Transported),,,,,,,2,
2023,21,210385,Kentucky,2,2,0,0,0,4,4,155,MARION (155),1910,LEBANON,31,31,7,July,2023,2,Monday,12,12:00pm-12:59pm,48,48,1,This Section IS ON the NHS,1,Rural,3,Other Principal Arterial,1,State Highway Agency,3,State Highway,SR-2154 VETERANS MEMORIAL HWY,ST ROSE RD,21,21,37.58544167,37.58544167,-85.264491670,-85.26449167,0,No Special Jurisdiction,12,Motor Vehicle In-Transport,6,Angle,0,No,2,Intersection,2,Four-Way Intersection,0,None,,,1,On Roadway,1,Daylight,,,,,1,Clear,0,No,0000000,Not Applicable,12,12:00pm-12:59pm,43,43,12,12:00pm-12:59pm,49,49,12,12:00pm-12:59pm,57,57,,,,,,,2,
2023,21,210386,Kentucky,1,1,0,0,0,2,2,229,WASHINGTON (229),0,NOT APPLICABLE,12,12,7,July,2023,4,Wednesday,20,8:00pm-8:59pm,21,21,0,This Section IS NOT on the NHS,1,Rural,6,Minor Collector,1,State Highway Agency,3,State Highway,SR-442 DEEP CREEK RD,,8,8,37.65722778,37.65722778,-85.038138890,-85.03813889,0,No Special Jurisdiction,1,Rollover/Overturn,0,The First Harmful Event was Not a Collision with a Motor Vehicle in Transport,0,No,1,Non-Junction,1,Not an Intersection,0,None,,,1,On Roadway,1,Daylight,,,,,1,Clear,0,No,0000000,Not Applicable,20,8:00pm-8:59pm,22,22,20,8:00pm-8:59pm,38,38,21,9:00pm-9:59pm,15,15,,,,,,,1,
2023,21,210387,Kentucky,1,1,0,0,0,4,4,231,WAYNE (231),0,NOT APPLICABLE,26,26,7,July,2023,4,Wednesday,17,5:00pm-5:59pm,32,32,0,This Section IS NOT on the NHS,1,Rural,5,Major Collector,1,State Highway Agency,3,State Highway,SR-92,,181,181,36.75741111,36.75741111,-84.732727780,-84.73272778,0,No Special Jurisdiction,43,Other Fixed Object,0,The First Harmful Event was Not a Collision with a Motor Vehicle in Transport,0,No,1,Non-Junction,1,Not an Intersection,0,None,,,4,On Roadside,1,Daylight,,,,,1,Clear,0,No,0000000,Not Applicable,17,5:00pm-5:59pm,35,35,18,6:00pm-6:59pm,6,6,19,7:00pm-7:59pm,37,37,,,,,,,1,
2023,21,210388,Kentucky,2,2,0,0,0,6,6,111,JEFFERSON (111),2090,LOUISVILLE,18,18,6,June,2023,1,Sunday,22,10:00pm-10:59pm,10,10,0,This Section IS NOT on the NHS,2,Urban,4,Minor Arterial,1,State Highway Agency,3,State Highway,SR-22 BROWNSBORO RD,CHAMBERLAIN LN,44,44,38.31260000,38.31260000,-85.567413890,-85.56741389,0,No Special Jurisdiction,12,Motor Vehicle In-Transport,6,Angle,0,No,2,Intersection,4,Y-Intersection,0,None,,,1,On Roadway,3,Dark - Lighted,,,,,1,Clear,0,No,0000000,Not Applicable,22,10:00pm-10:59pm,20,20,22,10:00pm-10:59pm,21,21,22,10:00pm-10:59pm,45,45,,,,,,,1,
2023,21,210389,Kentucky,1,1,0,0,0,1,1,197,POWELL (197),0,NOT APPLICABLE,23,23,6,June,2023,6,Friday,20,8:00pm-8:59pm,15,15,1,This Section IS ON the NHS,1,Rural,3,Other Principal Arterial,1,State Highway Agency,3,State Highway,SR-9000,,145,145,37.89126944,37.89126944,-83.958538890,-83.95853889,0,No Special Jurisdiction,1,Rollover/Overturn,0,The First Harmful Event was Not a Collision with a Motor Vehicle in Transport,0,No,1,Non-Junction,1,Not an Intersection,0,None,,,1,On Roadway,1,Daylight,,,,,1,Clear,0,No,0000000,Not Applicable,20,8:00pm-8:59pm,15,15,20,8:00pm-8:59pm,26,26,20,8:00pm-8:59pm,58,58,,,,,,,1,
2023,21,210391,Kentucky,1,1,0,0,0,1,1,109,JACKSON (109),0,NOT APPLICABLE,13,13,7,July,2023,5,Thursday,15,3:00pm-3:59pm,38,38,0,This Section IS NOT on the NHS,1,Rural,7,Local,2,County Highway Agency,4,County,CR-EBERLE RD,,9,9,37.31620833,37.31620833,-84.075722220,-84.07572222,0,No Special Jurisdiction,42,Tree (Standing Only),0,The First Harmful Event was Not a Collision with a Motor Vehicle in Transport,0,No,1,Non-Junction,1,Not an Intersection,0,None,,,4,On Roadside,1,Daylight,,,,,1,Clear,0,No,0000000,Not Applicable,15,3:00pm-3:59pm,30,30,15,3:00pm-3:59pm,47,47,15,3:00pm-3:59pm,47,47,,,,,,,1,
2023,21,210392,Kentucky,1,1,0,1,1,2,2,59,DAVIESS (59),2490,OWENSBORO,24,24,7,July,2023,2,Monday,21,9:00pm-9:59pm,0,0,0,This Section IS NOT on the NHS,2,Urban,7,Local,4,City or Municipal Highway Agency,6,Municipal,MU-HALE AVE,W 4TH STREET,2,2,37.77142778,37.77142778,-87.132497220,-87.13249722,0,No Special Jurisdiction,9,Pedalcyclist,0,The First Harmful Event was Not a Collision with a Motor Vehicle in Transport,0,No,2,Intersection,2,Four-Way Intersection,0,None,,,1,On Roadway,2,Dark - Not Lighted,,,,,1,Clear,0,No,0000000,Not Applicable,21,9:00pm-9:59pm,4,4,21,9:00pm-9:59pm,9,9,21,9:00pm-9:59pm,20,20,,,,,,,1,
2023,21,210393,Kentucky,2,2,0,0,0,5,5,91,HANCOCK (91),0,NOT APPLICABLE,10,10,6,June,2023,7,Saturday,11,11:00am-11:59am,8,8,0,This Section IS NOT on the NHS,1,Rural,7,Local,1,State Highway Agency,3,State Highway,SR-334,,35,35,37.92497222,37.92497222,-86.935338890,-86.93533889,0,No Special Jurisdiction,12,Motor Vehicle In-Transport,6,Angle,0,No,1,Non-Junction,1,Not an Intersection,0,None,,,1,On Roadway,1,Daylight,,,,,1,Clear,0,No,0000000,Not Applicable,11,11:00am-11:59am,9,9,11,11:00am-11:59am,16,16,12,12:00pm-12:59pm,5,5,,,,,,,1,
2023,21,210394,Kentucky,2,2,0,0,0,2,2,143,LYON (143),0,NOT APPLICABLE,19,19,6,June,2023,2,Monday,19,7:00pm-7:59pm,59,59,0,This Section IS NOT on the NHS,1,Rural,6,Minor Collector,1,State Highway Agency,3,State Highway,SR-3305,,3,3,37.07955278,37.07955278,-88.064116670,-88.06411667,0,No Special Jurisdiction,12,Motor Vehicle In-Transport,6,Angle,0,No,1,Non-Junction,1,Not an Intersection,0,None,,,1,On Roadway,1,Daylight,,,,,10,Cloudy,0,No,0000000,Not Applicable,20,8:00pm-8:59pm,1,1,20,8:00pm-8:59pm,7,7,21,9:00pm-9:59pm,27,27,,,,,,,1,
2023,21,210395,Kentucky,1,1,0,1,1,1,1,189,OWSLEY (189),0,NOT APPLICABLE,15,15,7,July,2023,7,Saturday,20,8:00pm-8:59pm,0,0,0,This Section IS NOT on the NHS,1,Rural,5,Major Collector,1,State Highway Agency,3,State Highway,SR-30,,153,153,37.46644444,37.46644444,-83.606938890,-83.60693889,0,No Special Jurisdiction,8,Pedestrian,0,The First Harmful Event was Not a Collision with a Motor Vehicle in Transport,0,No,1,Non-Junction,1,Not an Intersection,0,None,,,2,On Shoulder,2,Dark - Not Lighted,,,,,1,Clear,0,No,0000000,Not Applicable,20,8:00pm-8:59pm,12,12,20,8:00pm-8:59pm,16,16,88,"Not Applicable (Not Transported) ",88,Not Applicable (Not Transported),,,,,,,1,
2023,21,210396,Kentucky,2,2,0,0,0,5,5,195,PIKE (195),1010,ELKHORN CITY,22,22,7,July,2023,7,Saturday,7,7:00am-7:59am,39,39,1,This Section IS ON the NHS,1,Rural,3,Other Principal Arterial,1,State Highway Agency,2,U.S. Highway,US-460,,74,74,37.38455556,37.38455556,-82.438572220,-82.43857222,0,No Special Jurisdiction,12,Motor Vehicle In-Transport,2,Front-to-Front,0,No,1,Non-Junction,1,Not an Intersection,0,None,,,1,On Roadway,1,Daylight,,,,,1,Clear,0,No,0000000,Not Applicable,7,7:00am-7:59am,43,43,8,8:00am-8:59am,4,4,10,10:00am-10:59am,2,2,,,,,,,1,
2023,21,210397,Kentucky,2,2,0,0,0,2,2,173,MONTGOMERY (173),0,NOT APPLICABLE,30,30,7,July,2023,1,Sunday,3,3:00am-3:59am,59,59,0,This Section IS NOT on the NHS,1,Rural,5,Major Collector,1,State Highway Agency,3,State Highway,SR-213,,44,44,37.96542222,37.96542222,-83.858283330,-83.85828333,0,No Special Jurisdiction,12,Motor Vehicle In-Transport,1,Front-to-Rear,0,No,1,Non-Junction,1,Not an Intersection,0,None,,,1,On Roadway,2,Dark - Not Lighted,,,,,1,Clear,0,No,0000000,Not Applicable,4,4:00am-4:59am,2,2,4,4:00am-4:59am,8,8,88,"Not Applicable (Not Transported) ",88,Not Applicable (Not Transported),,,,,,,1,
2023,21,210398,Kentucky,2,2,0,0,0,2,2,93,HARDIN (93),1000,ELIZABETHTOWN,26,26,7,July,2023,4,Wednesday,8,8:00am-8:59am,44,44,0,This Section IS NOT on the NHS,2,Urban,4,Minor Arterial,1,State Highway Agency,2,U.S. Highway,US-31W E DIXIE AVE,,161,161,37.68776667,37.68776667,-85.852419440,-85.85241944,0,No Special Jurisdiction,12,Motor Vehicle In-Transport,2,Front-to-Front,0,No,1,Non-Junction,1,Not an Intersection,0,None,,,1,On Roadway,1,Daylight,,,,,1,Clear,0,No,0000000,Not Applicable,88,Not Applicable (Not Notified),88,Not Applicable (Not Notified),88,Not Applicable,88,Not Applicable,88,"Not Applicable (Not Transported) ",88,Not Applicable (Not Transported),,,,,,,1,
2023,21,210399,Kentucky,2,2,0,0,0,2,2,211,SHELBY (211),0,NOT APPLICABLE,30,30,4,April,2023,1,Sunday,22,10:00pm-10:59pm,50,50,0,This Section IS NOT on the NHS,1,Rural,4,Minor Arterial,1,State Highway Agency,2,U.S. Highway,US-60 SHELBYVILLE RD,,53,53,38.21923333,38.21923333,-85.313052780,-85.31305278,0,No Special Jurisdiction,12,Motor Vehicle In-Transport,1,Front-to-Rear,0,No,1,Non-Junction,1,Not an Intersection,0,None,,,1,On Roadway,2,Dark - Not Lighted,,,,,2,Rain,0,No,0000000,Not Applicable,22,10:00pm-10:59pm,52,52,22,10:00pm-10:59pm,54,54,23,11:00pm-11:59pm,16,16,,,,,,,1,
2023,21,210400,Kentucky,2,2,0,0,0,2,2,17,BOURBON (17),0,NOT APPLICABLE,12,12,4,April,2023,4,Wednesday,18,6:00pm-6:59pm,0,0,0,This Section IS NOT on the NHS,1,Rural,4,Minor Arterial,1,State Highway Agency,2,U.S. Highway,US-27 CYNTHIANA RD,,121,121,38.26811667,38.26811667,-84.297033330,-84.29703333,0,No Special Jurisdiction,12,Motor Vehicle In-Transport,6,Angle,0,No,1,Non-Junction,1,Not an Intersection,0,None,,,1,On Roadway,1,Daylight,,,,,1,Clear,0,No,0000000,Not Applicable,18,6:00pm-6:59pm,1,1,18,6:00pm-6:59pm,13,13,18,6:00pm-6:59pm,49,49,,,,,,,1,
2023,21,210401,Kentucky,2,2,0,0,0,2,2,27,BRECKINRIDGE (27),0,NOT APPLICABLE,19,19,2,February,2023,1,Sunday,15,3:00pm-3:59pm,18,18,0,This Section IS NOT on the NHS,1,Rural,7,Local,2,County Highway Agency,4,County,CR-OLD RAILROAD RD,,19,19,37.64298611,37.64298611,-86.609480560,-86.60948056,0,No Special Jurisdiction,12,Motor Vehicle In-Transport,1,Front-to-Rear,0,No,1,Non-Junction,1,Not an Intersection,0,None,,,1,On Roadway,1,Daylight,,,,,1,Clear,0,No,0000000,Not Applicable,15,3:00pm-3:59pm,19,19,15,3:00pm-3:59pm,37,37,16,4:00pm-4:59pm,46,46,,,,,,,1,
2023,21,210402,Kentucky,1,1,0,0,0,2,2,141,LOGAN (141),0,NOT APPLICABLE,3,3,3,March,2023,6,Friday,15,3:00pm-3:59pm,53,53,0,This Section IS NOT on the NHS,1,Rural,4,Minor Arterial,1,State Highway Agency,2,U.S. Highway,US-431,,273,273,37.05321944,37.05321944,-86.988533330,-86.98853333,0,No Special Jurisdiction,16,Thrown or Falling Object,0,The First Harmful Event was Not a Collision with a Motor Vehicle in Transport,0,No,1,Non-Junction,1,Not an Intersection,0,None,,,1,On Roadway,1,Daylight,,,,,2,Rain,0,No,0000000,Not Applicable,15,3:00pm-3:59pm,53,53,16,4:00pm-4:59pm,10,10,17,5:00pm-5:59pm,6,6,,,,,,,1,
2023,21,210403,Kentucky,1,1,0,0,0,1,1,87,GREEN (87),0,NOT APPLICABLE,21,21,6,June,2023,4,Wednesday,22,10:00pm-10:59pm,57,57,0,This Section IS NOT on the NHS,1,Rural,5,Major Collector,1,State Highway Agency,2,U.S. Highway,US-68,,82,82,37.20557500,37.20557500,-85.545322220,-85.54532222,0,No Special Jurisdiction,42,Tree (Standing Only),0,The First Harmful Event was Not a Collision with a Motor Vehicle in Transport,0,No,1,Non-Junction,1,Not an Intersection,0,None,,,4,On Roadside,2,Dark - Not Lighted,,,,,1,Clear,0,No,0000000,Not Applicable,22,10:00pm-10:59pm,59,59,23,11:00pm-11:59pm,24,24,88,"Not Applicable (Not Transported) ",88,Not Applicable (Not Transported),,,,,,,1,
2023,21,210404,Kentucky,1,1,0,1,1,1,1,29,BULLITT (29),2990,SHEPHERDSVILLE,19,19,7,July,2023,4,Wednesday,14,2:00pm-2:59pm,23,23,0,This Section IS NOT on the NHS,2,Urban,4,Minor Arterial,1,State Highway Agency,3,State Highway,SR-44 E 4TH STREET,,135,135,37.99876389,37.99876389,-85.695097220,-85.69509722,0,No Special Jurisdiction,8,Pedestrian,0,The First Harmful Event was Not a Collision with a Motor Vehicle in Transport,0,No,1,Non-Junction,1,Not an Intersection,0,None,,,1,On Roadway,1,Daylight,,,,,1,Clear,0,No,0000000,Not Applicable,14,2:00pm-2:59pm,23,23,14,2:00pm-2:59pm,27,27,14,2:00pm-2:59pm,55,55,,,,,,,1,
2023,21,210405,Kentucky,1,1,0,0,0,4,4,239,WOODFORD (239),0,NOT APPLICABLE,1,1,8,August,2023,3,Tuesday,14,2:00pm-2:59pm,59,59,0,This Section IS NOT on the NHS,1,Rural,6,Minor Collector,1,State Highway Agency,3,State Highway,SR-1697 SHANNON RUN RD,,99998,Not Reported,38.01555000,38.01555000,-84.669438890,-84.66943889,0,No Special Jurisdiction,35,Embankment,0,The First Harmful Event was Not a Collision with a Motor Vehicle in Transport,0,No,1,Non-Junction,1,Not an Intersection,0,None,,,4,On Roadside,1,Daylight,,,,,1,Clear,0,No,0000000,Not Applicable,14,2:00pm-2:59pm,59,59,15,3:00pm-3:59pm,8,8,15,3:00pm-3:59pm,53,53,,,,,,,1,
2023,21,210406,Kentucky,1,1,0,1,1,1,1,157,MARSHALL (157),511,CALVERT CITY,1,1,8,August,2023,3,Tuesday,5,5:00am-5:59am,39,39,0,This Section IS NOT on the NHS,1,Rural,5,Major Collector,1,State Highway Agency,3,State Highway,SR-1523 OAK PARK BLVD,WHITE OAK LANE,93,93,37.00754444,37.00754444,-88.342600000,-88.34260000,0,No Special Jurisdiction,8,Pedestrian,0,The First Harmful Event was Not a Collision with a Motor Vehicle in Transport,0,No,2,Intersection,98,Not Reported,0,None,,,1,On Roadway,6,Dark - Unknown Lighting,,,,,10,Cloudy,0,No,0000000,Not Applicable,5,5:00am-5:59am,39,39,5,5:00am-5:59am,45,45,88,"Not Applicable (Not Transported) ",88,Not Applicable (Not Transported),,,,,,,1,
2023,21,210407,Kentucky,1,1,0,0,0,4,4,161,MASON (161),0,NOT APPLICABLE,3,3,8,August,2023,5,Thursday,16,4:00pm-4:59pm,4,4,0,This Section IS NOT on the NHS,1,Rural,6,Minor Collector,1,State Highway Agency,3,State Highway,SR-3056 GERMANTOWN RD,,5,5,38.65506111,38.65506111,-83.885683330,-83.88568333,0,No Special Jurisdiction,42,Tree (Standing Only),0,The First Harmful Event was Not a Collision with a Motor Vehicle in Transport,0,No,1,Non-Junction,1,Not an Intersection,0,None,,,4,On Roadside,1,Daylight,,,,,1,Clear,0,No,0000000,Not Applicable,16,4:00pm-4:59pm,7,7,16,4:00pm-4:59pm,14,14,16,4:00pm-4:59pm,53,53,,,,,,,1,