caseyear,state,st_case,statename,ve_total,ve_forms,pvh_invl,peds,pernotmvit,permvit,persons,county,countyname,city,cityname,day,dayname,month,monthname,year,day_week,day_weekname,hour,hourname,minute,minutename,nhs,nhsname,rur_urb,rur_urbname,func_sys,func_sysname,rd_owner,rd_ownername,route,routename,tway_id,tway_id2,milept,mileptname,latitude,latitudename,longitud,longitudname,sp_jur,sp_jurname,harm_ev,harm_evname,man_coll,man_collname,reljct1,reljct1name,reljct2,reljct2name,typ_int,typ_intname,wrk_zone,wrk_zonename,road_fnc,road_fncname,rel_road,rel_roadname,lgt_cond,lgt_condname,weather1,weather1name,weather2,weather2name,weather,weathername,sch_bus,sch_busname,rail,railname,not_hour,not_hourname,not_min,not_minname,arr_hour,arr_hourname,arr_min,arr_minname,hosp_hr,hosp_hrname,hosp_mn,hosp_mnname,cf1,cf1name,cf2,cf2name,cf3,cf3name,fatals,drunk_dr
2023,21,210408,Kentucky,1,1,0,0,0,1,1,209,SCOTT (209),1280,GEORGETOWN,4,4,8,August,2023,6,Friday,6,6:00am-6:59am,5,5,0,This Section IS NOT on the NHS,1,Rural,4,Minor Arterial,1,State Highway Agency,2,U.S. Highway,US-62 CYNTHIANA RD,,147,147,38.26664167,38.26664167,-84.508905560,-84.50890556,0,No Special Jurisdiction,1,Rollover/Overturn,0,The First Harmful Event was Not a Collision with a Motor Vehicle in Transport,0,No,1,Non-Junction,1,Not an Intersection,0,None,,,1,On Roadway,4,Dawn,,,,,5,"Fog, Smog, Smoke",0,No,0000000,Not Applicable,6,6:00am-6:59am,8,8,6,6:00am-6:59am,15,15,88,"Not Applicable (Not Transported) ",88,Not Applicable (Not Transported),,,,,,,1,
2023,21,210409,Kentucky,2,2,0,0,0,3,3,9,BARREN (9),0,NOT APPLICABLE,4,4,8,August,2023,6,Friday,19,7:00pm-7:59pm,21,21,0,This Section IS NOT on the NHS,1,Rural,4,Minor Arterial,1,State Highway Agency,2,U.S. Highway,US-31E  SCOTTSVILLE RD,,53,53,36.89829722,36.89829722,-86.008800000,-86.00880000,0,No Special Jurisdiction,12,Motor Vehicle In-Transport,2,Front-to-Front,0,No,1,Non-Junction,1,Not an Intersection,0,None,,,1,On Roadway,1,Daylight,,,,,1,Clear,0,No,0000000,Not Applicable,19,7:00pm-7:59pm,25,25,19,7:00pm-7:59pm,43,43,20,8:00pm-8:59pm,20,20,,,,,,,1,
2023,21,210410,Kentucky,2,2,0,0,0,5,5,235,WHITLEY (235),0,NOT APPLICABLE,5,5,8,August,2023,7,Saturday,14,2:00pm-2:59pm,33,33,0,This Section IS NOT on the NHS,1,Rural,4,Minor Arterial,1,State Highway Agency,2,U.S. Highway,US-25W CUMBERLAND FALLS HWY,FALL CREEK RD,211,211,36.84349444,36.84349444,-84.226411110,-84.22641111,0,No Special Jurisdiction,12,Motor Vehicle In-Transport,6,Angle,0,No,2,Intersection,3,T-Intersection,0,None,,,1,On Roadway,1,Daylight,,,,,1,Clear,0,No,0000000,Not Applicable,14,2:00pm-2:59pm,9,9,14,2:00pm-2:59pm,19,19,14,2:00pm-2:59pm,52,52,,,,,,,1,
2023,21,210411,Kentucky,1,1,0,0,0,1,1,161,MASON (161),0,NOT APPLICABLE,5,5,8,August,2023,7,Saturday,21,9:00pm-9:59pm,16,16,0,This Section IS NOT on the NHS,1,Rural,5,Major Collector,1,State Highway Agency,3,State Highway,SR-10 MASON LEWIS RD,,62,62,38.63555000,38.63555000,-83.714436110,-83.71443611,0,No Special Jurisdiction,5,Fell/Jumped from Vehicle,0,The First Harmful Event was Not a Collision with a Motor Vehicle in Transport,0,No,1,Non-Junction,1,Not an Intersection,0,None,,,2,On Shoulder,6,Dark - Unknown Lighting,,,,,1,Clear,0,No,0000000,Not Applicable,21,9:00pm-9:59pm,18,18,21,9:00pm-9:59pm,22,22,88,"Not Applicable (Not Transported) ",88,Not Applicable (Not Transported),,,,,,,1,
2023,21,210412,Kentucky,1,1,0,0,0,1,1,111,JEFFERSON (111),2090,LOUISVILLE,6,6,8,August,2023,1,Sunday,11,11:00am-11:59am,21,21,1,This Section IS ON the NHS,2,Urban,2,Other Freeways and Expressways,1,State Highway Agency,3,State Highway,SR-841 GENE SNYDER FREEWAY,,57,57,38.11971667,38.11971667,-85.782938890,-85.78293889,0,No Special Jurisdiction,42,Tree (Standing Only),0,The First Harmful Event was Not a Collision with a Motor Vehicle in Transport,0,No,1,Non-Junction,1,Not an Intersection,0,None,,,4,On Roadside,1,Daylight,,,,,1,Clear,0,No,0000000,Not Applicable,11,11:00am-11:59am,21,21,11,11:00am-11:59am,44,44,11,11:00am-11:59am,44,44,,,,,,,1,
2023,21,210413,Kentucky,1,1,0,1,1,1,1,67,FAYETTE (67),1980,LEXINGTON-FAYETTE,2,2,8,August,2023,4,Wednesday,20,8:00pm-8:59pm,1,1,1,This Section IS ON the NHS,1,Rural,1,Interstate,1,State Highway Agency,1,Interstate,I-75 S,,979,979,37.88605833,37.88605833,-84.342597220,-84.34259722,0,No Special Jurisdiction,8,Pedestrian,0,The First Harmful Event was Not a Collision with a Motor Vehicle in Transport,0,No,1,Non-Junction,1,Not an Intersection,1,Construction,,,1,On Roadway,5,Dusk,,,,,1,Clear,0,No,0000000,Not Applicable,20,8:00pm-8:59pm,2,2,20,8:00pm-8:59pm,13,13,20,8:00pm-8:59pm,44,44,,,,,,,1,
2023,21,210414,Kentucky,1,1,0,0,0,1,1,111,JEFFERSON (111),2090,LOUISVILLE,7,7,8,August,2023,2,Monday,1,1:00am-1:59am,29,29,0,This Section IS NOT on the NHS,2,Urban,7,Local,4,City or Municipal Highway Agency,6,Municipal,MU-FACTORY LANE,,99998,Not Reported,38.28642778,38.28642778,-85.498319440,-85.49831944,0,No Special Jurisdiction,42,Tree (Standing Only),0,The First Harmful Event was Not a Collision with a Motor Vehicle in Transport,0,No,1,Non-Junction,1,Not an Intersection,0,None,,,4,On Roadside,2,Dark - Not Lighted,,,,,10,Cloudy,0,No,0000000,Not Applicable,1,1:00am-1:59am,27,27,1,1:00am-1:59am,31,31,88,"Not Applicable (Not Transported) ",88,Not Applicable (Not Transported),,,,,,,1,
2023,21,210415,Kentucky,2,2,0,0,0,2,2,67,FAYETTE (67),1980,LEXINGTON-FAYETTE,7,7,8,August,2023,2,Monday,15,3:00pm-3:59pm,24,24,1,This Section IS ON the NHS,2,Urban,3,Other Principal Arterial,1,State Highway Agency,3,State Highway,SR-922 NEWTOWN PIKE,ARISTIDES BLVD,32,32,38.09312222,38.09312222,-84.487252780,-84.48725278,0,No Special Jurisdiction,12,Motor Vehicle In-Transport,6,Angle,0,No,2,Intersection,98,Not Reported,0,None,,,1,On Roadway,1,Daylight,,,,,1,Clear,0,No,0000000,Not Applicable,15,3:00pm-3:59pm,26,26,15,3:00pm-3:59pm,33,33,15,3:00pm-3:59pm,50,50,,,,,,,1,
2023,21,210416,Kentucky,2,2,0,0,0,2,2,61,EDMONSON (61),0,NOT APPLICABLE,8,8,8,August,2023,3,Tuesday,9,9:00am-9:59am,6,6,0,This Section IS NOT on the NHS,1,Rural,6,Minor Collector,1,State Highway Agency,3,State Highway,SR-1749 WINGFIELD CHURCH RD,THE BRIDGE RD,72,72,37.13024444,37.13024444,-86.331686110,-86.33168611,0,No Special Jurisdiction,12,Motor Vehicle In-Transport,6,Angle,0,No,2,Intersection,3,T-Intersection,0,None,,,1,On Roadway,1,Daylight,,,,,1,Clear,0,No,0000000,Not Applicable,8,8:00am-8:59am,45,45,9,9:00am-9:59am,2,2,88,"Not Applicable (Not Transported) ",88,Not Applicable (Not Transported),,,,,,,1,
2023,21,210417,Kentucky,1,1,0,1,1,1,1,117,KENTON (117),1050,ERLANGER,7,7,8,August,2023,2,Monday,6,6:00am-6:59am,26,26,0,This Section IS NOT on the NHS,2,Urban,6,Minor Collector,1,State Highway Agency,3,State Highway,SR-3076 DOLWICK DR,,15,15,39.03812500,39.03812500,-84.605502780,-84.60550278,0,No Special Jurisdiction,9,Pedalcyclist,0,The First Harmful Event was Not a Collision with a Motor Vehicle in Transport,0,No,1,Non-Junction,1,Not an Intersection,0,None,,,1,On Roadway,2,Dark - Not Lighted,,,,,2,Rain,0,No,0000000,Not Applicable,6,6:00am-6:59am,29,29,6,6:00am-6:59am,34,34,7,7:00am-7:59am,3,3,,,,,,,1,
2023,21,210418,Kentucky,2,2,0,0,0,2,2,33,CALDWELL (33),0,NOT APPLICABLE,9,9,8,August,2023,4,Wednesday,15,3:00pm-3:59pm,3,3,1,This Section IS ON the NHS,1,Rural,1,Interstate,1,State Highway Agency,1,Interstate,I-69,,867,867,37.15516944,37.15516944,-87.777397220,-87.77739722,0,No Special Jurisdiction,12,Motor Vehicle In-Transport,1,Front-to-Rear,0,No,1,Non-Junction,1,Not an Intersection,0,None,,,1,On Roadway,1,Daylight,,,,,2,Rain,0,No,0000000,Not Applicable,15,3:00pm-3:59pm,5,5,15,3:00pm-3:59pm,11,11,88,"Not Applicable (Not Transported) ",88,Not Applicable (Not Transported),,,,,,,1,
2023,21,210419,Kentucky,2,2,0,0,0,2,2,125,LAUREL (125),0,NOT APPLICABLE,8,8,8,August,2023,3,Tuesday,14,2:00pm-2:59pm,54,54,0,This Section IS NOT on the NHS,1,Rural,5,Major Collector,1,State Highway Agency,3,State Highway,SR-80 E LAUREL RD,,187,187,37.08373333,37.08373333,-83.970863890,-83.97086389,0,No Special Jurisdiction,12,Motor Vehicle In-Transport,6,Angle,0,No,1,Non-Junction,1,Not an Intersection,0,None,,,1,On Roadway,1,Daylight,,,,,1,Clear,0,No,0000000,Not Applicable,14,2:00pm-2:59pm,59,59,14,2:00pm-2:59pm,59,59,88,"Not Applicable (Not Transported) ",88,Not Applicable (Not Transported),,,,,,,2,
2023,21,210420,Kentucky,2,2,0,0,0,3,3,111,JEFFERSON (111),2090,LOUISVILLE,11,11,8,August,2023,6,Friday,12,12:00pm-12:59pm,21,21,0,This Section IS NOT on the NHS,2,Urban,4,Minor Arterial,1,State Highway Agency,3,State Highway,SR-1931 SAINT ANDREWS CHURCH R,,45,45,38.15278889,38.15278889,-85.817477780,-85.81747778,0,No Special Jurisdiction,12,Motor Vehicle In-Transport,8,Sideswipe - Opposite Direction,0,No,1,Non-Junction,1,Not an Intersection,0,None,,,1,On Roadway,1,Daylight,,,,,1,Clear,0,No,0000000,Not Applicable,12,12:00pm-12:59pm,23,23,12,12:00pm-12:59pm,35,35,13,1:00pm-1:59pm,18,18,,,,,,,1,
2023,21,210421,Kentucky,1,1,0,0,0,1,1,93,HARDIN (93),0,NOT APPLICABLE,11,11,8,August,2023,6,Friday,13,1:00pm-1:59pm,4,4,0,This Section IS NOT on the NHS,2,Urban,5,Major Collector,1,State Highway Agency,2,U.S. Highway,US-62 BARDSTOWN RD,,208,208,37.71892778,37.71892778,-85.818905560,-85.81890556,0,No Special Jurisdiction,32,Culvert,0,The First Harmful Event was Not a Collision with a Motor Vehicle in Transport,0,No,1,Non-Junction,1,Not an Intersection,0,None,,,4,On Roadside,1,Daylight,,,,,1,Clear,0,No,0000000,Not Applicable,13,1:00pm-1:59pm,5,5,13,1:00pm-1:59pm,14,14,88,"Not Applicable (Not Transported) ",88,Not Applicable (Not Transported),,,,,,,1,
2023,21,210422,Kentucky,2,2,0,0,0,3,3,121,KNOX (121),1328,GRAY,11,11,8,August,2023,6,Friday,17,5:00pm-5:59pm,24,24,1,This Section IS ON the NHS,2,Urban,3,Other Principal Arterial,1,State Highway Agency,2,U.S. Highway,US-25E,,214,214,36.94655000,36.94655000,-84.000427780,-84.00042778,0,No Special Jurisdiction,91,Unknown Object Not Fixed,0,The First Harmful Event was Not a Collision with a Motor Vehicle in Transport,0,No,1,Non-Junction,1,Not an Intersection,0,None,,,3,On Median,1,Daylight,,,,,1,Clear,0,No,0000000,Not Applicable,88,Not Applicable (Not Notified),88,Not Applicable (Not Notified),88,Not Applicable,88,Not Applicable,88,"Not Applicable (Not Transported) ",88,Not Applicable (Not Transported),,,,,,,2,
2023,21,210423,Kentucky,2,2,0,0,0,5,5,19,BOYD (19),2797,RUSH,11,11,8,August,2023,6,Friday,20,8:00pm-8:59pm,52,52,0,This Section IS NOT on the NHS,1,Rural,7,Local,1,State Highway Agency,3,State Highway,SR-966 S BIG RUN RD,,50,50,38.37065556,38.37065556,-82.761111110,-82.76111111,0,No Special Jurisdiction,12,Motor Vehicle In-Transport,2,Front-to-Front,0,No,1,Non-Junction,1,Not an Intersection,0,None,,,1,On Roadway,5,Dusk,,,,,1,Clear,0,No,0000000,Not Applicable,20,8:00pm-8:59pm,37,37,20,8:00pm-8:59pm,48,48,21,9:00pm-9:59pm,33,33,,,,,,,1,
2023,21,210424,Kentucky,1,1,0,0,0,2,2,129,LEE (129),0,NOT APPLICABLE,12,12,8,August,2023,7,Saturday,20,8:00pm-8:59pm,42,42,0,This Section IS NOT on the NHS,1,Rural,5,Major Collector,1,State Highway Agency,3,State Highway,SR-52,,8,8,37.65662222,37.65662222,-83.814077780,-83.81407778,0,No Special Jurisdiction,35,Embankment,0,The First Harmful Event was Not a Collision with a Motor Vehicle in Transport,0,No,1,Non-Junction,1,Not an Intersection,0,None,,,4,On Roadside,2,Dark - Not Lighted,,,,,10,Cloudy,0,No,0000000,Not Applicable,20,8:00pm-8:59pm,46,46,20,8:00pm-8:59pm,52,52,88,"Not Applicable (Not Transported) ",88,Not Applicable (Not Transported),,,,,,,2,
2023,21,210425,Kentucky,1,1,0,0,0,1,1,159,MARTIN (159),2642,PILGRIM,13,13,8,August,2023,1,Sunday,4,4:00am-4:59am,51,51,0,This Section IS NOT on the NHS,1,Rural,6,Minor Collector,1,State Highway Agency,3,State Highway,SR-3407 PILGRIM,,15,15,37.78690000,37.78690000,-82.419486110,-82.41948611,0,No Special Jurisdiction,1,Rollover/Overturn,0,The First Harmful Event was Not a Collision with a Motor Vehicle in Transport,0,No,1,Non-Junction,1,Not an Intersection,0,None,,,1,On Roadway,2,Dark - Not Lighted,,,,,1,Clear,0,No,0000000,Not Applicable,4,4:00am-4:59am,45,45,5,5:00am-5:59am,15,15,88,"Not Applicable (Not Transported) ",88,Not Applicable (Not Transported),,,,,,,1,
2023,21,210426,Kentucky,1,1,0,0,0,1,1,23,BRACKEN (23),0,NOT APPLICABLE,13,13,8,August,2023,1,Sunday,22,10:00pm-10:59pm,8,8,0,This Section IS NOT on the NHS,1,Rural,7,Local,2,County Highway Agency,4,County,CR-BELMONT RD,,19,19,38.60524722,38.60524722,-84.119380560,-84.11938056,0,No Special Jurisdiction,42,Tree (Standing Only),0,The First Harmful Event was Not a Collision with a Motor Vehicle in Transport,0,No,1,Non-Junction,1,Not an Intersection,0,None,,,4,On Roadside,2,Dark - Not Lighted,,,,,1,Clear,0,No,0000000,Not Applicable,22,10:00pm-10:59pm,5,5,22,10:00pm-10:59pm,29,29,88,"Not Applicable (Not Transported) ",88,Not Applicable (Not Transported),,,,,,,1,
2023,21,210427,Kentucky,2,2,0,0,0,3,3,59,DAVIESS (59),2490,OWENSBORO,7,7,8,August,2023,2,Monday,20,8:00pm-8:59pm,6,6,0,This Section IS NOT on the NHS,2,Urban,7,Local,4,City or Municipal Highway Agency,6,Municipal,MU-MCFARLAND AVE,,7,7,37.76270000,37.76270000,-87.136475000,-87.13647500,0,No Special Jurisdiction,12,Motor Vehicle In-Transport,1,Front-to-Rear,0,No,1,Non-Junction,1,Not an Intersection,0,None,,,1,On Roadway,5,Dusk,,,,,1,Clear,0,No,0000000,Not Applicable,20,8:00pm-8:59pm,11,11,20,8:00pm-8:59pm,11,11,20,8:00pm-8:59pm,26,26,,,,,,,1,
2023,21,210428,Kentucky,2,2,0,0,0,5,5,227,WARREN (227),0,NOT APPLICABLE,13,13,8,August,2023,1,Sunday,12,12:00pm-12:59pm,5,5,1,This Section IS ON the NHS,1,Rural,5,Major Collector,1,State Highway Agency,2,U.S. Highway,US-31W NASHVILLE RD,SR-242 RICHPOND RD,52,52,36.89869167,36.89869167,-86.518419440,-86.51841944,0,No Special Jurisdiction,12,Motor Vehicle In-Transport,7,Sideswipe - Same Direction,0,No,2,Intersection,2,Four-Way Intersection,0,None,,,1,On Roadway,1,Daylight,,,,,1,Clear,0,No,0000000,Not Applicable,12,12:00pm-12:59pm,5,5,12,12:00pm-12:59pm,23,23,12,12:00pm-12:59pm,51,51,,,,,,,1,
2023,21,210429,Kentucky,2,2,0,1,1,2,2,111,JEFFERSON (111),2125,LYNDON,15,15,8,August,2023,3,Tuesday,7,7:00am-7:59am,19,19,0,This Section IS NOT on the NHS,2,Urban,7,Local,2,County Highway Agency,4,County,CR- LAGRANGE RD,,7,7,38.26543333,38.26543333,-85.594622220,-85.59462222,0,No Special Jurisdiction,9,Pedalcyclist,0,The First Harmful Event was Not a Collision with a Motor Vehicle in Transport,0,No,1,Non-Junction,1,Not an Intersection,0,None,,,1,On Roadway,1,Daylight,,,,,1,Clear,0,No,0000000,Not Applicable,7,7:00am-7:59am,21,21,7,7:00am-7:59am,25,25,88,"Not Applicable (Not Transported) ",88,Not Applicable (Not Transported),,,,,,,1,
2023,21,210430,Kentucky,2,2,0,0,0,3,3,239,WOODFORD (239),3360,VERSAILLES,15,15,8,August,2023,3,Tuesday,11,11:00am-11:59am,36,36,0,This Section IS NOT on the NHS,2,Urban,4,Minor Arterial,1,State Highway Agency,2,U.S. Highway,US-60X,LAVAL HEIGHTS,15,15,38.05171111,38.05171111,-84.720158330,-84.72015833,0,No Special Jurisdiction,12,Motor Vehicle In-Transport,6,Angle,0,No,2,Intersection,98,Not Reported,0,None,,,1,On Roadway,1,Daylight,,,,,1,Clear,0,No,0000000,Not Applicable,11,11:00am-11:59am,36,36,11,11:00am-11:59am,39,39,12,12:00pm-12:59pm,5,5,,,,,,,1,
2023,21,210431,Kentucky,2,2,0,0,0,2,2,111,JEFFERSON (111),2090,LOUISVILLE,15,15,8,August,2023,3,Tuesday,13,1:00pm-1:59pm,34,34,1,This Section IS ON the NHS,2,Urban,3,Other Principal Arterial,1,State Highway Agency,2,U.S. Highway,US-31E BARDSTOWN RD,,60,60,38.15792778,38.15792778,-85.591094440,-85.59109444,0,No Special Jurisdiction,12,Motor Vehicle In-Transport,6,Angle,0,No,8,Driveway Access Related,1,Not an Intersection,0,None,,,1,On Roadway,1,Daylight,,,,,1,Clear,0,No,0000000,Not Applicable,13,1:00pm-1:59pm,35,35,13,1:00pm-1:59pm,40,40,14,2:00pm-2:59pm,25,25,,,,,,,1,
2023,21,210432,Kentucky,2,2,0,0,0,2,2,117,KENTON (117),800,COVINGTON,14,14,8,August,2023,2,Monday,14,2:00pm-2:59pm,6,6,1,This Section IS ON the NHS,2,Urban,4,Minor Arterial,1,State Highway Agency,2,U.S. Highway,US-25 CLAY WADE BAILEY BRIDGE,,136,136,39.08987500,39.08987500,-84.518950000,-84.51895000,0,No Special Jurisdiction,12,Motor Vehicle In-Transport,2,Front-to-Front,0,No,1,Non-Junction,1,Not an Intersection,0,None,,,1,On Roadway,1,Daylight,,,,,10,Cloudy,0,No,0000000,Not Applicable,14,2:00pm-2:59pm,9,9,14,2:00pm-2:59pm,26,26,14,2:00pm-2:59pm,34,34,,,,,,,2,
2023,21,210433,Kentucky,1,1,0,0,0,1,1,195,PIKE (195),1794,KIMPER,16,16,8,August,2023,4,Wednesday,10,10:00am-10:59am,43,43,0,This Section IS NOT on the NHS,1,Rural,4,Minor Arterial,1,State Highway Agency,3,State Highway,SR-632,,79,79,37.48811389,37.48811389,-82.230050000,-82.23005000,0,No Special Jurisdiction,35,Embankment,0,The First Harmful Event was Not a Collision with a Motor Vehicle in Transport,0,No,1,Non-Junction,1,Not an Intersection,0,None,,,4,On Roadside,1,Daylight,,,,,1,Clear,0,No,0000000,Not Applicable,11,11:00am-11:59am,30,30,11,11:00am-11:59am,30,30,88,"Not Applicable (Not Transported) ",88,Not Applicable (Not Transported),,,,,,,1,
2023,21,210434,Kentucky,1,1,0,1,1,1,1,111,JEFFERSON (111),2090,LOUISVILLE,15,15,8,August,2023,3,Tuesday,23,11:00pm-11:59pm,37,37,1,This Section IS ON the NHS,2,Urban,3,Other Principal Arterial,1,State Highway Agency,2,U.S. Highway,US-31E BARDSTOWN RD,,114,114,38.20412222,38.20412222,-85.665325000,-85.66532500,0,No Special Jurisdiction,8,Pedestrian,0,The First Harmful Event was Not a Collision with a Motor Vehicle in Transport,0,No,1,Non-Junction,1,Not an Intersection,0,None,,,1,On Roadway,2,Dark - Not Lighted,,,,,1,Clear,0,No,0000000,Not Applicable,23,11:00pm-11:59pm,37,37,23,11:00pm-11:59pm,42,42,88,"Not Applicable (Not Transported) ",88,Not Applicable (Not Transported),,,,,,,1,
2023,21,210435,Kentucky,1,1,0,1,1,2,2,67,FAYETTE (67),1980,LEXINGTON-FAYETTE,13,13,8,August,2023,1,Sunday,2,2:00am-2:59am,0,0,1,This Section IS ON the NHS,2,Urban,2,Other Freeways and Expressways,1,State Highway Agency,3,State Highway,SR-4 NEW CIRCLE RD,,155,155,38.00345278,38.00345278,-84.461636110,-84.46163611,0,No Special Jurisdiction,8,Pedestrian,0,The First Harmful Event was Not a Collision with a Motor Vehicle in Transport,0,No,1,Non-Junction,1,Not an Intersection,0,None,,,1,On Roadway,2,Dark - Not Lighted,,,,,1,Clear,0,No,0000000,Not Applicable,2,2:00am-2:59am,57,57,3,3:00am-3:59am,2,2,88,"Not Applicable (Not Transported) ",88,Not Applicable (Not Transported),,,,,,,1,
2023,21,210436,Kentucky,2,2,0,0,0,2,2,197,POWELL (197),700,CLAY CITY,16,16,8,August,2023,4,Wednesday,14,2:00pm-2:59pm,12,12,0,This Section IS NOT on the NHS,1,Rural,4,Minor Arterial,1,State Highway Agency,3,State Highway,SR-11 BLACK CREEK RD,,218,218,37.87695000,37.87695000,-83.931991670,-83.93199167,0,No Special Jurisdiction,12,Motor Vehicle In-Transport,2,Front-to-Front,0,No,1,Non-Junction,1,Not an Intersection,0,None,,,1,On Roadway,1,Daylight,,,,,1,Clear,0,No,0000000,Not Applicable,14,2:00pm-2:59pm,15,15,14,2:00pm-2:59pm,20,20,88,"Not Applicable (Not Transported) ",88,Not Applicable (Not Transported),,,,,,,2,
2023,21,210437,Kentucky,2,2,0,0,0,2,2,111,JEFFERSON (111),2090,LOUISVILLE,19,19,8,August,2023,7,Saturday,20,8:00pm-8:59pm,53,53,0,This Section IS NOT on the NHS,2,Urban,4,Minor Arterial,1,State Highway Agency,3,State Highway,SR-1865 TAYLOR BLVD,I-264 EXIT RAMP,57,57,38.18934444,38.18934444,-85.783433330,-85.78343333,0,No Special Jurisdiction,12,Motor Vehicle In-Transport,6,Angle,1,Yes,2,Intersection,2,Four-Way Intersection,0,None,,,1,On Roadway,2,Dark - Not Lighted,,,,,1,Clear,0,No,0000000,Not Applicable,20,8:00pm-8:59pm,59,59,21,9:00pm-9:59pm,2,2,21,9:00pm-9:59pm,26,26,,,,,,,1,
2023,21,210438,Kentucky,2,2,0,1,1,4,4,111,JEFFERSON (111),2090,LOUISVILLE,20,20,8,August,2023,1,Sunday,15,3:00pm-3:59pm,10,10,1,This Section IS ON the NHS,2,Urban,1,Interstate,1,State Highway Agency,1,Interstate,I-264 W,,104,104,38.19021389,38.19021389,-85.760375000,-85.76037500,0,No Special Jurisdiction,12,Motor Vehicle In-Transport,1,Front-to-Rear,1,Yes,18,Through Roadway,1,Not an Intersection,0,None,,,1,On Roadway,1,Daylight,,,,,1,Clear,0,No,0000000,Not Applicable,15,3:00pm-3:59pm,12,12,15,3:00pm-3:59pm,24,24,15,3:00pm-3:59pm,34,34,,,,,,,1,
2023,21,210439,Kentucky,4,4,0,0,0,7,7,29,BULLITT (29),0,NOT APPLICABLE,11,11,8,August,2023,6,Friday,22,10:00pm-10:59pm,56,56,1,This Section IS ON the NHS,2,Urban,1,Interstate,1,State Highway Agency,1,Interstate,I-65,,1211,1211,38.05595556,38.05595556,-85.698902780,-85.69890278,0,No Special Jurisdiction,12,Motor Vehicle In-Transport,1,Front-to-Rear,0,No,1,Non-Junction,1,Not an Intersection,0,None,,,1,On Roadway,3,Dark - Lighted,,,,,1,Clear,0,No,0000000,Not Applicable,23,11:00pm-11:59pm,0,0,23,11:00pm-11:59pm,9,9,23,11:00pm-11:59pm,46,46,,,,,,,1,
2023,21,210440,Kentucky,3,3,0,0,0,5,5,217,TAYLOR (217),0,NOT APPLICABLE,16,16,8,August,2023,4,Wednesday,13,1:00pm-1:59pm,46,46,0,This Section IS NOT on the NHS,1,Rural,4,Minor Arterial,1,State Highway Agency,2,U.S. Highway,US-68 GREENSBURG RD,BLACK GNAT RD,15,15,37.31728889,37.31728889,-85.413961110,-85.41396111,0,No Special Jurisdiction,12,Motor Vehicle In-Transport,9,Rear-to-Side,0,No,3,Intersection-Related,3,T-Intersection,0,None,,,1,On Roadway,1,Daylight,,,,,10,Cloudy,0,No,0000000,Not Applicable,14,2:00pm-2:59pm,52,52,15,3:00pm-3:59pm,9,9,16,4:00pm-4:59pm,13,13,,,,,,,1,
2023,21,210441,Kentucky,2,2,0,0,0,2,2,77,GALLATIN (77),0,NOT APPLICABLE,21,21,8,August,2023,2,Monday,16,4:00pm-4:59pm,4,4,0,This Section IS NOT on the NHS,1,Rural,5,Major Collector,1,State Highway Agency,2,U.S. Highway,US-42,,163,163,38.82406389,38.82406389,-84.756025000,-84.75602500,0,No Special Jurisdiction,12,Motor Vehicle In-Transport,2,Front-to-Front,0,No,1,Non-Junction,1,Not an Intersection,0,None,,,1,On Roadway,1,Daylight,,,,,1,Clear,0,No,0000000,Not Applicable,15,3:00pm-3:59pm,51,51,16,4:00pm-4:59pm,0,0,88,"Not Applicable (Not Transported) ",88,Not Applicable (Not Transported),,,,,,,1,
2023,21,210442,Kentucky,1,1,0,0,0,1,1,111,JEFFERSON (111),2090,LOUISVILLE,3,3,8,August,2023,5,Thursday,17,5:00pm-5:59pm,19,19,0,This Section IS NOT on the NHS,2,Urban,4,Minor Arterial,1,State Highway Agency,3,State Highway,SR-1020 NATIONAL TURNPIKE,,53,53,38.14933056,38.14933056,-85.761266670,-85.76126667,0,No Special Jurisdiction,43,Other Fixed Object,0,The First Harmful Event was Not a Collision with a Motor Vehicle in Transport,0,No,1,Non-Junction,1,Not an Intersection,0,None,,,4,On Roadside,1,Daylight,,,,,1,Clear,0,No,0000000,Not Applicable,17,5:00pm-5:59pm,14,14,17,5:00pm-5:59pm,22,22,18,6:00pm-6:59pm,43,43,,,,,,,1,
2023,21,210443,Kentucky,2,2,0,0,0,2,2,111,JEFFERSON (111),2090,LOUISVILLE,12,12,8,August,2023,7,Saturday,3,3:00am-3:59am,19,19,0,This Section IS NOT on the NHS,2,Urban,7,Local,4,City or Municipal Highway Agency,6,Municipal,MU-SMYRNA PARKWAY,MICHAEL RAY DRIVE,8,8,38.12592222,38.12592222,-85.642947220,-85.64294722,0,No Special Jurisdiction,12,Motor Vehicle In-Transport,2,Front-to-Front,0,No,2,Intersection,3,T-Intersection,0,None,,,1,On Roadway,2,Dark - Not Lighted,,,,,1,Clear,0,No,0000000,Not Applicable,3,3:00am-3:59am,24,24,3,3:00am-3:59am,32,32,4,4:00am-4:59am,8,8,,,,,,,1,
2023,21,210444,Kentucky,1,1,0,1,1,1,1,67,FAYETTE (67),1980,LEXINGTON-FAYETTE,12,12,8,August,2023,7,Saturday,23,11:00pm-11:59pm,20,20,1,This Section IS ON the NHS,2,Urban,3,Other Principal Arterial,1,State Highway Agency,2,U.S. Highway,US-27 N BROADWAY,,78,78,38.05996389,38.05996389,-84.484080560,-84.48408056,0,No Special Jurisdiction,8,Pedestrian,0,The First Harmful Event was Not a Collision with a Motor Vehicle in Transport,0,No,1,Non-Junction,1,Not an Intersection,0,None,,,1,On Roadway,3,Dark - Lighted,,,,,10,Cloudy,0,No,0000000,Not Applicable,23,11:00pm-11:59pm,20,20,23,11:00pm-11:59pm,24,24,88,"Not Applicable (Not Transported) ",88,Not Applicable (Not Transported),,,,,,,1,