caseyear,state,st_case,statename,ve_total,ve_forms,pvh_invl,peds,pernotmvit,permvit,persons,county,countyname,city,cityname,day,dayname,month,monthname,year,day_week,day_weekname,hour,hourname,minute,minutename,nhs,nhsname,rur_urb,rur_urbname,func_sys,func_sysname,rd_owner,rd_ownername,route,routename,tway_id,tway_id2,milept,mileptname,latitude,latitudename,longitud,longitudname,sp_jur,sp_jurname,harm_ev,harm_evname,man_coll,man_collname,reljct1,reljct1name,reljct2,reljct2name,typ_int,typ_intname,wrk_zone,wrk_zonename,road_fnc,road_fncname,rel_road,rel_roadname,lgt_cond,lgt_condname,weather1,weather1name,weather2,weather2name,weather,weathername,sch_bus,sch_busname,rail,railname,not_hour,not_hourname,not_min,not_minname,arr_hour,arr_hourname,arr_min,arr_minname,hosp_hr,hosp_hrname,hosp_mn,hosp_mnname,cf1,cf1name,cf2,cf2name,cf3,cf3name,fatals,drunk_dr
2023,21,210521,Kentucky,1,1,0,0,0,1,1,111,JEFFERSON (111),2090,LOUISVILLE,19,19,9,September,2023,3,Tuesday,18,6:00pm-6:59pm,41,41,0,This Section IS NOT on the NHS,2,Urban,4,Minor Arterial,1,State Highway Agency,3,State Highway,SR-1703 NEWBURG RD,,23,23,38.20164722,38.20164722,-85.688744440,-85.68874444,0,No Special Jurisdiction,25,Concrete Traffic Barrier,0,The First Harmful Event was Not a Collision with a Motor Vehicle in Transport,1,Yes,19,Other location within Interchange Area,1,Not an Intersection,0,None,,,4,On Roadside,1,Daylight,,,,,1,Clear,0,No,0000000,Not Applicable,18,6:00pm-6:59pm,44,44,18,6:00pm-6:59pm,46,46,19,7:00pm-7:59pm,14,14,,,,,,,1,
2023,21,210522,Kentucky,2,2,0,0,0,4,4,179,NELSON (179),0,NOT APPLICABLE,1,1,9,September,2023,6,Friday,15,3:00pm-3:59pm,46,46,0,This Section IS NOT on the NHS,1,Rural,5,Major Collector,1,State Highway Agency,2,U.S. Highway,US-62 BOSTON RD,,68,68,37.80632500,37.80632500,-85.602925000,-85.60292500,0,No Special Jurisdiction,12,Motor Vehicle In-Transport,2,Front-to-Front,0,No,1,Non-Junction,1,Not an Intersection,0,None,,,1,On Roadway,1,Daylight,,,,,1,Clear,0,No,0000000,Not Applicable,15,3:00pm-3:59pm,46,46,15,3:00pm-3:59pm,59,59,17,5:00pm-5:59pm,13,13,,,,,,,1,
2023,21,210523,Kentucky,1,1,0,0,0,1,1,37,CAMPBELL (37),0,NOT APPLICABLE,3,3,9,September,2023,1,Sunday,16,4:00pm-4:59pm,48,48,0,This Section IS NOT on the NHS,1,Rural,7,Local,2,County Highway Agency,4,County,CR-AULICK RD,,0,None,38.83196111,38.83196111,-84.400361110,-84.40036111,0,No Special Jurisdiction,1,Rollover/Overturn,0,The First Harmful Event was Not a Collision with a Motor Vehicle in Transport,0,No,1,Non-Junction,1,Not an Intersection,0,None,,,4,On Roadside,1,Daylight,,,,,1,Clear,0,No,0000000,Not Applicable,16,4:00pm-4:59pm,49,49,17,5:00pm-5:59pm,3,3,17,5:00pm-5:59pm,53,53,,,,,,,1,
2023,21,210524,Kentucky,1,1,0,0,0,1,1,179,NELSON (179),0,NOT APPLICABLE,8,8,9,September,2023,6,Friday,22,10:00pm-10:59pm,12,12,0,This Section IS NOT on the NHS,1,Rural,7,Local,2,County Highway Agency,4,County,CR-PLUM RUN RD,,83,83,37.91592500,37.91592500,-85.357172220,-85.35717222,0,No Special Jurisdiction,1,Rollover/Overturn,0,The First Harmful Event was Not a Collision with a Motor Vehicle in Transport,0,No,1,Non-Junction,1,Not an Intersection,0,None,,,4,On Roadside,2,Dark - Not Lighted,,,,,1,Clear,0,No,0000000,Not Applicable,22,10:00pm-10:59pm,13,13,22,10:00pm-10:59pm,20,20,88,"Not Applicable (Not Transported) ",88,Not Applicable (Not Transported),,,,,,,1,
2023,21,210525,Kentucky,2,2,0,0,0,2,2,183,OHIO (183),0,NOT APPLICABLE,9,9,9,September,2023,7,Saturday,14,2:00pm-2:59pm,36,36,0,This Section IS NOT on the NHS,1,Rural,5,Major Collector,1,State Highway Agency,3,State Highway,SR-69,COMBS BRIDGE RD,192,192,37.50778889,37.50778889,-86.840311110,-86.84031111,0,No Special Jurisdiction,12,Motor Vehicle In-Transport,6,Angle,0,No,2,Intersection,3,T-Intersection,0,None,,,1,On Roadway,1,Daylight,,,,,1,Clear,0,No,0000000,Not Applicable,14,2:00pm-2:59pm,43,43,14,2:00pm-2:59pm,49,49,15,3:00pm-3:59pm,26,26,,,,,,,1,
2023,21,210526,Kentucky,1,1,0,1,1,1,1,111,JEFFERSON (111),3010,SHIVELY,10,10,9,September,2023,1,Sunday,20,8:00pm-8:59pm,53,53,1,This Section IS ON the NHS,2,Urban,3,Other Principal Arterial,1,State Highway Agency,2,U.S. Highway,US-31W DIXIE HWY,,153,153,38.19233333,38.19233333,-85.807872220,-85.80787222,0,No Special Jurisdiction,8,Pedestrian,0,The First Harmful Event was Not a Collision with a Motor Vehicle in Transport,0,No,1,Non-Junction,1,Not an Intersection,0,None,,,1,On Roadway,2,Dark - Not Lighted,,,,,1,Clear,0,No,0000000,Not Applicable,20,8:00pm-8:59pm,52,52,20,8:00pm-8:59pm,58,58,21,9:00pm-9:59pm,19,19,,,,,,,1,
2023,21,210527,Kentucky,1,1,0,1,1,1,1,111,JEFFERSON (111),3010,SHIVELY,14,14,9,September,2023,5,Thursday,4,4:00am-4:59am,20,20,0,This Section IS NOT on the NHS,2,Urban,4,Minor Arterial,1,State Highway Agency,3,State Highway,SR-1931 7TH STREET RD,,89,89,38.20111389,38.20111389,-85.794252780,-85.79425278,0,No Special Jurisdiction,8,Pedestrian,0,The First Harmful Event was Not a Collision with a Motor Vehicle in Transport,0,No,1,Non-Junction,1,Not an Intersection,0,None,,,1,On Roadway,3,Dark - Lighted,,,,,1,Clear,0,No,0000000,Not Applicable,3,3:00am-3:59am,52,52,3,3:00am-3:59am,52,52,4,4:00am-4:59am,20,20,,,,,,,1,
2023,21,210528,Kentucky,1,1,0,1,1,1,1,29,BULLITT (29),1920,LEBANON JUNCTION,15,15,9,September,2023,6,Friday,2,2:00am-2:59am,3,3,0,This Section IS NOT on the NHS,1,Rural,4,Minor Arterial,1,State Highway Agency,3,State Highway,SR-61 S PRESTON HWY,,8,8,37.82200000,37.82200000,-85.705613890,-85.70561389,0,No Special Jurisdiction,8,Pedestrian,0,The First Harmful Event was Not a Collision with a Motor Vehicle in Transport,0,No,1,Non-Junction,1,Not an Intersection,0,None,,,1,On Roadway,2,Dark - Not Lighted,,,,,1,Clear,0,No,0000000,Not Applicable,2,2:00am-2:59am,2,2,2,2:00am-2:59am,6,6,2,2:00am-2:59am,43,43,,,,,,,1,
2023,21,210529,Kentucky,1,1,0,0,0,1,1,211,SHELBY (211),0,NOT APPLICABLE,23,23,9,September,2023,7,Saturday,15,3:00pm-3:59pm,41,41,1,This Section IS ON the NHS,1,Rural,1,Interstate,1,State Highway Agency,1,Interstate,I-64 W,,383,383,38.17229444,38.17229444,-85.156575000,-85.15657500,0,No Special Jurisdiction,1,Rollover/Overturn,0,The First Harmful Event was Not a Collision with a Motor Vehicle in Transport,0,No,1,Non-Junction,1,Not an Intersection,0,None,,,2,On Shoulder,1,Daylight,,,,,1,Clear,0,No,0000000,Not Applicable,15,3:00pm-3:59pm,42,42,15,3:00pm-3:59pm,47,47,16,4:00pm-4:59pm,13,13,,,,,,,1,
2023,21,210530,Kentucky,1,1,0,0,0,2,2,77,GALLATIN (77),0,NOT APPLICABLE,23,23,9,September,2023,7,Saturday,17,5:00pm-5:59pm,37,37,0,This Section IS NOT on the NHS,1,Rural,5,Major Collector,1,State Highway Agency,2,U.S. Highway,US-42,,161,161,38.82405556,38.82405556,-84.760925000,-84.76092500,0,No Special Jurisdiction,42,Tree (Standing Only),0,The First Harmful Event was Not a Collision with a Motor Vehicle in Transport,0,No,1,Non-Junction,1,Not an Intersection,0,None,,,4,On Roadside,1,Daylight,,,,,1,Clear,0,No,0000000,Not Applicable,16,4:00pm-4:59pm,43,43,16,4:00pm-4:59pm,55,55,17,5:00pm-5:59pm,15,15,,,,,,,1,
2023,21,210531,Kentucky,3,3,0,0,0,4,4,213,SIMPSON (213),0,NOT APPLICABLE,23,23,9,September,2023,7,Saturday,23,11:00pm-11:59pm,48,48,0,This Section IS NOT on the NHS,1,Rural,5,Major Collector,1,State Highway Agency,2,U.S. Highway,US-31W BOWLING GREEN RD,,121,121,36.80105000,36.80105000,-86.559883330,-86.55988333,0,No Special Jurisdiction,12,Motor Vehicle In-Transport,6,Angle,0,No,1,Non-Junction,1,Not an Intersection,0,None,,,1,On Roadway,2,Dark - Not Lighted,,,,,1,Clear,0,No,0000000,Not Applicable,23,11:00pm-11:59pm,59,59,0,0:00am-0:59am,4,4,1,1:00am-1:59am,0,0,,,,,,,2,
2023,21,210532,Kentucky,1,1,0,0,0,1,1,209,SCOTT (209),0,NOT APPLICABLE,24,24,9,September,2023,1,Sunday,9,9:00am-9:59am,53,53,0,This Section IS NOT on the NHS,1,Rural,4,Minor Arterial,1,State Highway Agency,3,State Highway,SR-1143,,60,60,38.28495278,38.28495278,-84.582144440,-84.58214444,0,No Special Jurisdiction,93,Unknown Fixed Object,0,The First Harmful Event was Not a Collision with a Motor Vehicle in Transport,0,No,1,Non-Junction,1,Not an Intersection,0,None,,,4,On Roadside,1,Daylight,,,,,1,Clear,0,No,0000000,Not Applicable,9,9:00am-9:59am,59,59,10,10:00am-10:59am,10,10,88,"Not Applicable (Not Transported) ",88,Not Applicable (Not Transported),,,,,,,1,
2023,21,210533,Kentucky,2,2,0,0,0,2,2,239,WOODFORD (239),0,NOT APPLICABLE,24,24,9,September,2023,1,Sunday,17,5:00pm-5:59pm,47,47,0,This Section IS NOT on the NHS,1,Rural,6,Minor Collector,1,State Highway Agency,3,State Highway,SR-1965 SELLER MILL RD,,99998,Not Reported,37.96098889,37.96098889,-84.752377780,-84.75237778,0,No Special Jurisdiction,12,Motor Vehicle In-Transport,2,Front-to-Front,0,No,1,Non-Junction,1,Not an Intersection,0,None,,,1,On Roadway,1,Daylight,,,,,1,Clear,0,No,0000000,Not Applicable,17,5:00pm-5:59pm,47,47,17,5:00pm-5:59pm,56,56,17,5:00pm-5:59pm,56,56,,,,,,,1,
2023,21,210534,Kentucky,1,1,0,0,0,1,1,103,HENRY (103),0,NOT APPLICABLE,24,24,9,September,2023,1,Sunday,19,7:00pm-7:59pm,53,53,0,This Section IS NOT on the NHS,1,Rural,6,Minor Collector,1,State Highway Agency,3,State Highway,SR-389 RIVER RD,,96,96,38.48121389,38.48121389,-84.985705560,-84.98570556,0,No Special Jurisdiction,35,Embankment,0,The First Harmful Event was Not a Collision with a Motor Vehicle in Transport,0,No,1,Non-Junction,1,Not an Intersection,0,None,,,4,On Roadside,2,Dark - Not Lighted,,,,,1,Clear,0,No,0000000,Not Applicable,20,8:00pm-8:59pm,16,16,20,8:00pm-8:59pm,45,45,88,"Not Applicable (Not Transported) ",88,Not Applicable (Not Transported),,,,,,,1,
2023,21,210535,Kentucky,1,1,0,1,1,1,1,111,JEFFERSON (111),2090,LOUISVILLE,22,22,9,September,2023,6,Friday,23,11:00pm-11:59pm,25,25,0,This Section IS NOT on the NHS,2,Urban,4,Minor Arterial,1,State Highway Agency,3,State Highway,SR-1065 OUTER LOOP,,62,62,38.13828333,38.13828333,-85.683644440,-85.68364444,0,No Special Jurisdiction,8,Pedestrian,0,The First Harmful Event was Not a Collision with a Motor Vehicle in Transport,0,No,1,Non-Junction,1,Not an Intersection,0,None,,,1,On Roadway,2,Dark - Not Lighted,,,,,1,Clear,0,No,0000000,Not Applicable,23,11:00pm-11:59pm,25,25,23,11:00pm-11:59pm,31,31,88,"Not Applicable (Not Transported) ",88,Not Applicable (Not Transported),,,,,,,1,
2023,21,210536,Kentucky,1,1,0,1,1,1,1,111,JEFFERSON (111),2090,LOUISVILLE,26,26,9,September,2023,3,Tuesday,6,6:00am-6:59am,23,23,0,This Section IS NOT on the NHS,2,Urban,4,Minor Arterial,1,State Highway Agency,2,U.S. Highway,US-60A LEXINGTON RD,PENWOOD RD,95,95,38.24862778,38.24862778,-85.674580560,-85.67458056,0,No Special Jurisdiction,8,Pedestrian,0,The First Harmful Event was Not a Collision with a Motor Vehicle in Transport,0,No,3,Intersection-Related,3,T-Intersection,0,None,,,1,On Roadway,2,Dark - Not Lighted,,,,,1,Clear,0,No,0000000,Not Applicable,6,6:00am-6:59am,23,23,6,6:00am-6:59am,34,34,6,6:00am-6:59am,55,55,,,,,,,1,
2023,21,210537,Kentucky,2,2,0,0,0,2,2,109,JACKSON (109),0,NOT APPLICABLE,26,26,9,September,2023,3,Tuesday,16,4:00pm-4:59pm,15,15,0,This Section IS NOT on the NHS,1,Rural,7,Local,2,County Highway Agency,4,County,CR- N BEGLEY RD,,4,4,37.36625556,37.36625556,-83.915644440,-83.91564444,0,No Special Jurisdiction,1,Rollover/Overturn,0,The First Harmful Event was Not a Collision with a Motor Vehicle in Transport,0,No,1,Non-Junction,1,Not an Intersection,0,None,,,1,On Roadway,1,Daylight,,,,,1,Clear,0,No,0000000,Not Applicable,15,3:00pm-3:59pm,49,49,16,4:00pm-4:59pm,18,18,16,4:00pm-4:59pm,25,25,,,,,,,1,
2023,21,210538,Kentucky,2,2,0,0,0,2,2,67,FAYETTE (67),1980,LEXINGTON-FAYETTE,26,26,9,September,2023,3,Tuesday,23,11:00pm-11:59pm,27,27,1,This Section IS ON the NHS,1,Rural,3,Other Principal Arterial,1,State Highway Agency,2,U.S. Highway,US-27 PARIS PIKE,CARTERBROOK LANE,116,116,38.09240000,38.09240000,-84.429855560,-84.42985556,0,No Special Jurisdiction,12,Motor Vehicle In-Transport,2,Front-to-Front,0,No,2,Intersection,98,Not Reported,0,None,,,1,On Roadway,2,Dark - Not Lighted,,,,,1,Clear,0,No,0000000,Not Applicable,23,11:00pm-11:59pm,29,29,23,11:00pm-11:59pm,34,34,0,0:00am-0:59am,3,3,,,,,,,1,
2023,21,210539,Kentucky,1,1,0,0,0,4,4,17,BOURBON (17),0,NOT APPLICABLE,3,3,9,September,2023,1,Sunday,15,3:00pm-3:59pm,45,45,0,This Section IS NOT on the NHS,1,Rural,4,Minor Arterial,1,State Highway Agency,3,State Highway,SR-627 WINCHESTER RD,,44,44,38.14680556,38.14680556,-84.216833330,-84.21683333,0,No Special Jurisdiction,42,Tree (Standing Only),0,The First Harmful Event was Not a Collision with a Motor Vehicle in Transport,0,No,1,Non-Junction,1,Not an Intersection,0,None,,,4,On Roadside,1,Daylight,,,,,1,Clear,0,No,0000000,Not Applicable,17,5:00pm-5:59pm,49,49,17,5:00pm-5:59pm,54,54,18,6:00pm-6:59pm,42,42,,,,,,,2,
2023,21,210540,Kentucky,1,1,0,0,0,1,1,59,DAVIESS (59),0,NOT APPLICABLE,13,13,9,September,2023,4,Wednesday,18,6:00pm-6:59pm,41,41,0,This Section IS NOT on the NHS,1,Rural,7,Local,2,County Highway Agency,4,County,CR-WRIGHTS LANDING RD,,8,8,37.83103889,37.83103889,-87.044811110,-87.04481111,0,No Special Jurisdiction,35,Embankment,0,The First Harmful Event was Not a Collision with a Motor Vehicle in Transport,0,No,1,Non-Junction,1,Not an Intersection,0,None,,,4,On Roadside,1,Daylight,,,,,1,Clear,0,No,0000000,Not Applicable,18,6:00pm-6:59pm,44,44,18,6:00pm-6:59pm,54,54,88,"Not Applicable (Not Transported) ",88,Not Applicable (Not Transported),,,,,,,1,
2023,21,210541,Kentucky,1,1,0,0,0,1,1,65,ESTILL (65),0,NOT APPLICABLE,28,28,9,September,2023,5,Thursday,12,12:00pm-12:59pm,0,0,0,This Section IS NOT on the NHS,1,Rural,6,Minor Collector,1,State Highway Agency,3,State Highway,SR-499 DUG HILL RD,,30,30,37.66941667,37.66941667,-84.051802780,-84.05180278,0,No Special Jurisdiction,38,Fence,0,The First Harmful Event was Not a Collision with a Motor Vehicle in Transport,0,No,1,Non-Junction,1,Not an Intersection,0,None,,,4,On Roadside,1,Daylight,,,,,2,Rain,0,No,0000000,Not Applicable,12,12:00pm-12:59pm,0,0,12,12:00pm-12:59pm,12,12,88,"Not Applicable (Not Transported) ",88,Not Applicable (Not Transported),,,,,,,1,
2023,21,210542,Kentucky,1,1,0,1,1,1,1,67,FAYETTE (67),1980,LEXINGTON-FAYETTE,29,29,9,September,2023,6,Friday,19,7:00pm-7:59pm,25,25,1,This Section IS ON the NHS,2,Urban,2,Other Freeways and Expressways,1,State Highway Agency,3,State Highway,SR-4 NEW CIRCLE RD,,160,160,37.99815833,37.99815833,-84.463544440,-84.46354444,0,No Special Jurisdiction,8,Pedestrian,0,The First Harmful Event was Not a Collision with a Motor Vehicle in Transport,0,No,1,Non-Junction,1,Not an Intersection,0,None,,,1,On Roadway,5,Dusk,,,,,1,Clear,0,No,0000000,Not Applicable,19,7:00pm-7:59pm,25,25,19,7:00pm-7:59pm,25,25,88,"Not Applicable (Not Transported) ",88,Not Applicable (Not Transported),,,,,,,1,
2023,21,210543,Kentucky,2,2,0,0,0,4,4,77,GALLATIN (77),3150,SPARTA,15,15,9,September,2023,6,Friday,16,4:00pm-4:59pm,51,51,0,This Section IS NOT on the NHS,1,Rural,4,Minor Arterial,1,State Highway Agency,3,State Highway,SR-35 SPARTA PIKE,SPEEDWAY BLVD,24,24,38.70859167,38.70859167,-84.910013890,-84.91001389,0,No Special Jurisdiction,12,Motor Vehicle In-Transport,6,Angle,0,No,2,Intersection,2,Four-Way Intersection,0,None,,,1,On Roadway,1,Daylight,,,,,1,Clear,0,No,0000000,Not Applicable,16,4:00pm-4:59pm,51,51,17,5:00pm-5:59pm,15,15,17,5:00pm-5:59pm,52,52,,,,,,,1,
2023,21,210544,Kentucky,1,1,0,0,0,1,1,183,OHIO (183),0,NOT APPLICABLE,19,19,9,September,2023,3,Tuesday,22,10:00pm-10:59pm,4,4,0,This Section IS NOT on the NHS,1,Rural,7,Local,1,State Highway Agency,3,State Highway,SR-2718 LIBERTY RD SU,,3,3,37.36997222,37.36997222,-86.839147220,-86.83914722,0,No Special Jurisdiction,59,"Traffic Sign Support ",0,The First Harmful Event was Not a Collision with a Motor Vehicle in Transport,0,No,1,Non-Junction,1,Not an Intersection,0,None,,,4,On Roadside,2,Dark - Not Lighted,,,,,1,Clear,0,No,0000000,Not Applicable,22,10:00pm-10:59pm,9,9,22,10:00pm-10:59pm,24,24,22,10:00pm-10:59pm,57,57,,,,,,,1,
2023,21,210545,Kentucky,1,1,0,0,0,1,1,209,SCOTT (209),1280,GEORGETOWN,26,26,9,September,2023,3,Tuesday,23,11:00pm-11:59pm,19,19,1,This Section IS ON the NHS,2,Urban,3,Other Principal Arterial,1,State Highway Agency,2,U.S. Highway,US-62 CHERRY BLOSSOM WAY,LEXUS RD,127,127,38.24435833,38.24435833,-84.528052780,-84.52805278,0,No Special Jurisdiction,39,Wall,0,The First Harmful Event was Not a Collision with a Motor Vehicle in Transport,0,No,3,Intersection-Related,3,T-Intersection,0,None,,,4,On Roadside,3,Dark - Lighted,,,,,2,Rain,0,No,0000000,Not Applicable,23,11:00pm-11:59pm,22,22,23,11:00pm-11:59pm,25,25,88,"Not Applicable (Not Transported) ",88,Not Applicable (Not Transported),,,,,,,1,
2023,21,210546,Kentucky,1,1,0,0,0,1,1,235,WHITLEY (235),0,NOT APPLICABLE,7,7,9,September,2023,5,Thursday,15,3:00pm-3:59pm,19,19,0,This Section IS NOT on the NHS,1,Rural,5,Major Collector,1,State Highway Agency,2,U.S. Highway,US-25W,,197,197,36.82796111,36.82796111,-84.211008330,-84.21100833,0,No Special Jurisdiction,53,Mail Box,0,The First Harmful Event was Not a Collision with a Motor Vehicle in Transport,0,No,1,Non-Junction,1,Not an Intersection,0,None,,,4,On Roadside,1,Daylight,,,,,1,Clear,0,No,0000000,Not Applicable,15,3:00pm-3:59pm,22,22,15,3:00pm-3:59pm,29,29,88,"Not Applicable (Not Transported) ",88,Not Applicable (Not Transported),,,,,,,1,
2023,21,210547,Kentucky,1,1,0,0,0,1,1,233,WEBSTER (233),0,NOT APPLICABLE,28,28,9,September,2023,5,Thursday,14,2:00pm-2:59pm,27,27,0,This Section IS NOT on the NHS,1,Rural,6,Minor Collector,1,State Highway Agency,3,State Highway,SR-630,,45,45,37.50585556,37.50585556,-87.656916670,-87.65691667,0,No Special Jurisdiction,32,Culvert,0,The First Harmful Event was Not a Collision with a Motor Vehicle in Transport,0,No,1,Non-Junction,1,Not an Intersection,0,None,,,4,On Roadside,1,Daylight,,,,,1,Clear,0,No,0000000,Not Applicable,14,2:00pm-2:59pm,30,30,14,2:00pm-2:59pm,40,40,15,3:00pm-3:59pm,20,20,,,,,,,1,
2023,21,210548,Kentucky,1,1,0,1,1,3,3,173,MONTGOMERY (173),0,NOT APPLICABLE,28,28,9,September,2023,5,Thursday,19,7:00pm-7:59pm,50,50,0,This Section IS NOT on the NHS,1,Rural,7,Local,2,County Highway Agency,4,County,CR-OLD OWINGSVILLE RD,GREEN HILL WAY,6,6,38.07458056,38.07458056,-83.910122220,-83.91012222,0,No Special Jurisdiction,8,Pedestrian,0,The First Harmful Event was Not a Collision with a Motor Vehicle in Transport,0,No,2,Intersection,3,T-Intersection,0,None,,,1,On Roadway,2,Dark - Not Lighted,,,,,1,Clear,0,No,0000000,Not Applicable,19,7:00pm-7:59pm,52,52,19,7:00pm-7:59pm,58,58,88,"Not Applicable (Not Transported) ",88,Not Applicable (Not Transported),,,,,,,1,
2023,21,210549,Kentucky,1,1,0,0,0,1,1,47,CHRISTIAN (47),0,NOT APPLICABLE,30,30,9,September,2023,7,Saturday,19,7:00pm-7:59pm,8,8,0,This Section IS NOT on the NHS,1,Rural,7,Local,1,State Highway Agency,0,Not Signed,REST AREA PARKING LOT WAY,,5,5,36.64988611,36.64988611,-87.353775000,-87.35377500,0,No Special Jurisdiction,35,Embankment,0,The First Harmful Event was Not a Collision with a Motor Vehicle in Transport,0,No,1,Non-Junction,1,Not an Intersection,0,None,,,4,On Roadside,3,Dark - Lighted,,,,,1,Clear,0,No,0000000,Not Applicable,19,7:00pm-7:59pm,8,8,19,7:00pm-7:59pm,17,17,88,"Not Applicable (Not Transported) ",88,Not Applicable (Not Transported),,,,,,,1,
2023,21,210550,Kentucky,1,1,0,0,0,2,2,235,WHITLEY (235),770,CORBIN,3,3,9,September,2023,1,Sunday,6,6:00am-6:59am,40,40,0,This Section IS NOT on the NHS,1,Rural,5,Major Collector,1,State Highway Agency,3,State Highway,SR-727 5TH STREET RD,,10,10,36.92285556,36.92285556,-84.148027780,-84.14802778,0,No Special Jurisdiction,42,Tree (Standing Only),0,The First Harmful Event was Not a Collision with a Motor Vehicle in Transport,0,No,1,Non-Junction,1,Not an Intersection,0,None,,,4,On Roadside,2,Dark - Not Lighted,,,,,1,Clear,0,No,0000000,Not Applicable,6,6:00am-6:59am,40,40,6,6:00am-6:59am,48,48,7,7:00am-7:59am,9,9,,,,,,,1,
2023,21,210551,Kentucky,1,1,0,1,1,1,1,73,FRANKLIN (73),0,NOT APPLICABLE,3,3,4,April,2023,2,Monday,4,4:00am-4:59am,44,44,1,This Section IS ON the NHS,1,Rural,1,Interstate,1,State Highway Agency,1,Interstate,I-64,,524,524,38.15881389,38.15881389,-84.904852780,-84.90485278,0,No Special Jurisdiction,8,Pedestrian,0,The First Harmful Event was Not a Collision with a Motor Vehicle in Transport,0,No,1,Non-Junction,1,Not an Intersection,0,None,,,1,On Roadway,2,Dark - Not Lighted,,,,,1,Clear,0,No,0000000,Not Applicable,4,4:00am-4:59am,46,46,4,4:00am-4:59am,59,59,88,"Not Applicable (Not Transported) ",88,Not Applicable (Not Transported),,,,,,,1,
2023,21,210552,Kentucky,1,1,0,0,0,3,3,73,FRANKLIN (73),1220,FRANKFORT,29,29,8,August,2023,3,Tuesday,22,10:00pm-10:59pm,32,32,0,This Section IS NOT on the NHS,2,Urban,7,Local,1,State Highway Agency,3,State Highway,SR-1784 COFFEE TREE RD,,1,1,38.18195556,38.18195556,-84.858269440,-84.85826944,0,No Special Jurisdiction,5,Fell/Jumped from Vehicle,0,The First Harmful Event was Not a Collision with a Motor Vehicle in Transport,0,No,1,Non-Junction,1,Not an Intersection,0,None,,,1,On Roadway,2,Dark - Not Lighted,,,,,1,Clear,0,No,0000000,Not Applicable,22,10:00pm-10:59pm,37,37,22,10:00pm-10:59pm,40,40,23,11:00pm-11:59pm,19,19,,,,,,,1,
2023,21,210553,Kentucky,1,1,0,0,0,1,1,141,LOGAN (141),0,NOT APPLICABLE,28,28,9,September,2023,5,Thursday,14,2:00pm-2:59pm,22,22,0,This Section IS NOT on the NHS,1,Rural,6,Minor Collector,1,State Highway Agency,3,State Highway,SR-96 ORNDORFF MILL RD,,71,71,36.71593889,36.71593889,-86.915294440,-86.91529444,0,No Special Jurisdiction,32,Culvert,0,The First Harmful Event was Not a Collision with a Motor Vehicle in Transport,0,No,1,Non-Junction,1,Not an Intersection,0,None,,,4,On Roadside,1,Daylight,,,,,10,Cloudy,0,No,0000000,Not Applicable,14,2:00pm-2:59pm,22,22,14,2:00pm-2:59pm,31,31,15,3:00pm-3:59pm,1,1,,,,,,,1,
2023,21,210554,Kentucky,1,1,0,0,0,2,2,111,JEFFERSON (111),2090,LOUISVILLE,22,22,9,September,2023,6,Friday,4,4:00am-4:59am,29,29,0,This Section IS NOT on the NHS,2,Urban,7,Local,4,City or Municipal Highway Agency,6,Municipal,MU-MANSLICK RD,,8,8,38.14137778,38.14137778,-85.793272220,-85.79327222,0,No Special Jurisdiction,30,Utility Pole/Light Support,0,The First Harmful Event was Not a Collision with a Motor Vehicle in Transport,0,No,1,Non-Junction,1,Not an Intersection,0,None,,,4,On Roadside,3,Dark - Lighted,,,,,1,Clear,0,No,0000000,Not Applicable,4,4:00am-4:59am,29,29,4,4:00am-4:59am,36,36,5,5:00am-5:59am,0,0,,,,,,,1,
2023,21,210555,Kentucky,1,1,0,1,1,1,1,67,FAYETTE (67),1980,LEXINGTON-FAYETTE,29,29,9,September,2023,6,Friday,21,9:00pm-9:59pm,17,17,0,This Section IS NOT on the NHS,2,Urban,7,Local,4,City or Municipal Highway Agency,6,Municipal,MU-HAWKINS AVE,,0,None,38.04671111,38.04671111,-84.484061110,-84.48406111,0,No Special Jurisdiction,8,Pedestrian,0,The First Harmful Event was Not a Collision with a Motor Vehicle in Transport,0,No,1,Non-Junction,1,Not an Intersection,0,None,,,1,On Roadway,3,Dark - Lighted,,,,,1,Clear,0,No,0000000,Not Applicable,21,9:00pm-9:59pm,18,18,21,9:00pm-9:59pm,21,21,21,9:00pm-9:59pm,53,53,,,,,,,1,
2023,21,210556,Kentucky,1,1,0,0,0,1,1,195,PIKE (195),2217,META,7,7,6,June,2023,4,Wednesday,6,6:00am-6:59am,15,15,0,This Section IS NOT on the NHS,1,Rural,5,Major Collector,1,State Highway Agency,3,State Highway,SR-194,,172,172,37.56036667,37.56036667,-82.435825000,-82.43582500,0,No Special Jurisdiction,35,Embankment,0,The First Harmful Event was Not a Collision with a Motor Vehicle in Transport,0,No,1,Non-Junction,1,Not an Intersection,0,None,,,4,On Roadside,2,Dark - Not Lighted,,,,,2,Rain,0,No,0000000,Not Applicable,6,6:00am-6:59am,20,20,6,6:00am-6:59am,24,24,88,"Not Applicable (Not Transported) ",88,Not Applicable (Not Transported),,,,,,,1,