caseyear,state,st_case,statename,ve_total,ve_forms,pvh_invl,peds,pernotmvit,permvit,persons,county,countyname,city,cityname,day,dayname,month,monthname,year,day_week,day_weekname,hour,hourname,minute,minutename,nhs,nhsname,rur_urb,rur_urbname,func_sys,func_sysname,rd_owner,rd_ownername,route,routename,tway_id,tway_id2,milept,mileptname,latitude,latitudename,longitud,longitudname,sp_jur,sp_jurname,harm_ev,harm_evname,man_coll,man_collname,reljct1,reljct1name,reljct2,reljct2name,typ_int,typ_intname,wrk_zone,wrk_zonename,road_fnc,road_fncname,rel_road,rel_roadname,lgt_cond,lgt_condname,weather1,weather1name,weather2,weather2name,weather,weathername,sch_bus,sch_busname,rail,railname,not_hour,not_hourname,not_min,not_minname,arr_hour,arr_hourname,arr_min,arr_minname,hosp_hr,hosp_hrname,hosp_mn,hosp_mnname,cf1,cf1name,cf2,cf2name,cf3,cf3name,fatals,drunk_dr
2023,21,210670,Kentucky,1,1,0,1,1,1,1,111,JEFFERSON (111),2090,LOUISVILLE,23,23,11,November,2023,5,Thursday,23,11:00pm-11:59pm,28,28,0,This Section IS NOT on the NHS,2,Urban,7,Local,4,City or Municipal Highway Agency,6,Municipal,MU- WEST BROADWAY,MU-MADELON CT,11,11,38.24994444,38.24994444,-85.809175000,-85.80917500,0,No Special Jurisdiction,8,Pedestrian,0,The First Harmful Event was Not a Collision with a Motor Vehicle in Transport,0,No,2,Intersection,3,T-Intersection,0,None,,,1,On Roadway,2,Dark - Not Lighted,,,,,1,Clear,0,No,0000000,Not Applicable,23,11:00pm-11:59pm,34,34,23,11:00pm-11:59pm,41,41,88,"Not Applicable (Not Transported) ",88,Not Applicable (Not Transported),,,,,,,1,
2023,21,210671,Kentucky,1,1,0,0,0,1,1,23,BRACKEN (23),0,NOT APPLICABLE,3,3,11,November,2023,6,Friday,11,11:00am-11:59am,0,0,0,This Section IS NOT on the NHS,1,Rural,6,Minor Collector,1,State Highway Agency,3,State Highway,SR-19 POWERSVILLE HARRISON CO,,25,25,38.58682500,38.58682500,-84.151688890,-84.15168889,0,No Special Jurisdiction,35,Embankment,0,The First Harmful Event was Not a Collision with a Motor Vehicle in Transport,0,No,1,Non-Junction,1,Not an Intersection,0,None,,,4,On Roadside,1,Daylight,,,,,1,Clear,0,No,0000000,Not Applicable,11,11:00am-11:59am,2,2,12,12:00pm-12:59pm,16,16,88,"Not Applicable (Not Transported) ",88,Not Applicable (Not Transported),,,,,,,1,
2023,21,210672,Kentucky,1,1,0,0,0,1,1,107,HOPKINS (107),2150,MADISONVILLE,5,5,11,November,2023,1,Sunday,20,8:00pm-8:59pm,59,59,0,This Section IS NOT on the NHS,2,Urban,6,Minor Collector,1,State Highway Agency,3,State Highway,SR-481 GRAPEVINE RD,,23,23,37.30872222,37.30872222,-87.490763890,-87.49076389,0,No Special Jurisdiction,53,Mail Box,0,The First Harmful Event was Not a Collision with a Motor Vehicle in Transport,0,No,1,Non-Junction,1,Not an Intersection,0,None,,,5,Outside Trafficway,6,Dark - Unknown Lighting,,,,,1,Clear,0,No,0000000,Not Applicable,21,9:00pm-9:59pm,2,2,21,9:00pm-9:59pm,7,7,22,10:00pm-10:59pm,21,21,,,,,,,1,
2023,21,210673,Kentucky,1,1,0,0,0,1,1,89,GREENUP (89),0,NOT APPLICABLE,7,7,11,November,2023,3,Tuesday,9,9:00am-9:59am,27,27,0,This Section IS NOT on the NHS,1,Rural,6,Minor Collector,1,State Highway Agency,3,State Highway,SR-1458 INDIAN RUN RD,,20,20,38.49112222,38.49112222,-82.726094440,-82.72609444,0,No Special Jurisdiction,24,Guardrail Face,0,The First Harmful Event was Not a Collision with a Motor Vehicle in Transport,0,No,1,Non-Junction,1,Not an Intersection,0,None,,,4,On Roadside,1,Daylight,,,,,1,Clear,0,No,0000000,Not Applicable,9,9:00am-9:59am,36,36,9,9:00am-9:59am,58,58,10,10:00am-10:59am,31,31,,,,,,,1,
2023,21,210674,Kentucky,1,1,0,0,0,1,1,87,GREEN (87),0,NOT APPLICABLE,7,7,11,November,2023,3,Tuesday,9,9:00am-9:59am,58,58,0,This Section IS NOT on the NHS,1,Rural,4,Minor Arterial,1,State Highway Agency,3,State Highway,SR-61,,176,176,37.37419722,37.37419722,-85.586877780,-85.58687778,0,No Special Jurisdiction,34,Ditch,0,The First Harmful Event was Not a Collision with a Motor Vehicle in Transport,0,No,1,Non-Junction,1,Not an Intersection,0,None,,,4,On Roadside,1,Daylight,,,,,1,Clear,0,No,0000000,Not Applicable,10,10:00am-10:59am,3,3,10,10:00am-10:59am,14,14,11,11:00am-11:59am,2,2,,,,,,,1,
2023,21,210675,Kentucky,1,1,0,0,0,1,1,157,MARSHALL (157),0,NOT APPLICABLE,7,7,11,November,2023,3,Tuesday,11,11:00am-11:59am,14,14,0,This Section IS NOT on the NHS,1,Rural,6,Minor Collector,1,State Highway Agency,3,State Highway,SR-962,,26,26,36.79730556,36.79730556,-88.263280560,-88.26328056,0,No Special Jurisdiction,35,Embankment,0,The First Harmful Event was Not a Collision with a Motor Vehicle in Transport,0,No,1,Non-Junction,1,Not an Intersection,0,None,,,4,On Roadside,1,Daylight,,,,,1,Clear,0,No,0000000,Not Applicable,11,11:00am-11:59am,17,17,11,11:00am-11:59am,30,30,88,"Not Applicable (Not Transported) ",88,Not Applicable (Not Transported),,,,,,,1,
2023,21,210676,Kentucky,1,1,0,1,1,1,1,93,HARDIN (93),1000,ELIZABETHTOWN,9,9,11,November,2023,5,Thursday,20,8:00pm-8:59pm,29,29,1,This Section IS ON the NHS,2,Urban,3,Other Principal Arterial,1,State Highway Agency,2,U.S. Highway,US-31W DIXIE HWY,,216,216,37.75764444,37.75764444,-85.897955560,-85.89795556,0,No Special Jurisdiction,9,Pedalcyclist,0,The First Harmful Event was Not a Collision with a Motor Vehicle in Transport,0,No,1,Non-Junction,1,Not an Intersection,0,None,,,1,On Roadway,2,Dark - Not Lighted,,,,,10,Cloudy,0,No,0000000,Not Applicable,20,8:00pm-8:59pm,28,28,20,8:00pm-8:59pm,32,32,20,8:00pm-8:59pm,46,46,,,,,,,1,
2023,21,210677,Kentucky,2,2,0,0,0,2,2,71,FLOYD (71),2670,PRESTONSBURG,10,10,11,November,2023,6,Friday,13,1:00pm-1:59pm,22,22,1,This Section IS ON the NHS,1,Rural,3,Other Principal Arterial,1,State Highway Agency,2,U.S. Highway,US-23,,155,155,37.65585000,37.65585000,-82.784480560,-82.78448056,0,No Special Jurisdiction,12,Motor Vehicle In-Transport,6,Angle,0,No,1,Non-Junction,1,Not an Intersection,0,None,,,1,On Roadway,1,Daylight,,,,,1,Clear,0,No,0000000,Not Applicable,13,1:00pm-1:59pm,23,23,13,1:00pm-1:59pm,27,27,14,2:00pm-2:59pm,18,18,,,,,,,1,
2023,21,210678,Kentucky,2,2,0,0,0,5,5,101,HENDERSON (101),0,NOT APPLICABLE,10,10,11,November,2023,6,Friday,18,6:00pm-6:59pm,49,49,0,This Section IS NOT on the NHS,1,Rural,4,Minor Arterial,1,State Highway Agency,2,U.S. Highway,US-60,,162,162,37.85947222,37.85947222,-87.467163890,-87.46716389,0,No Special Jurisdiction,12,Motor Vehicle In-Transport,6,Angle,0,No,8,Driveway Access Related,1,Not an Intersection,0,None,,,1,On Roadway,2,Dark - Not Lighted,,,,,1,Clear,0,No,0000000,Not Applicable,19,7:00pm-7:59pm,1,1,19,7:00pm-7:59pm,4,4,19,7:00pm-7:59pm,36,36,,,,,,,1,
2023,21,210679,Kentucky,2,1,1,1,2,3,4,29,BULLITT (29),2990,SHEPHERDSVILLE,11,11,11,November,2023,7,Saturday,4,4:00am-4:59am,25,25,1,This Section IS ON the NHS,2,Urban,1,Interstate,1,State Highway Agency,1,Interstate,I-65,,1180,1180,38.01195833,38.01195833,-85.697038890,-85.69703889,0,No Special Jurisdiction,14,Parked Motor Vehicle,0,The First Harmful Event was Not a Collision with a Motor Vehicle in Transport,0,No,1,Non-Junction,1,Not an Intersection,0,None,,,2,On Shoulder,2,Dark - Not Lighted,,,,,1,Clear,0,No,0000000,Not Applicable,4,4:00am-4:59am,28,28,4,4:00am-4:59am,40,40,5,5:00am-5:59am,30,30,,,,,,,1,
2023,21,210680,Kentucky,1,1,0,0,0,1,1,235,WHITLEY (235),0,NOT APPLICABLE,11,11,11,November,2023,7,Saturday,20,8:00pm-8:59pm,30,30,0,This Section IS NOT on the NHS,1,Rural,5,Major Collector,1,State Highway Agency,3,State Highway,SR-92,,168,168,36.74138333,36.74138333,-84.092058330,-84.09205833,0,No Special Jurisdiction,38,Fence,0,The First Harmful Event was Not a Collision with a Motor Vehicle in Transport,0,No,1,Non-Junction,1,Not an Intersection,0,None,,,5,Outside Trafficway,2,Dark - Not Lighted,,,,,10,Cloudy,0,No,0000000,Not Applicable,11,11:00am-11:59am,34,34,11,11:00am-11:59am,51,51,88,"Not Applicable (Not Transported) ",88,Not Applicable (Not Transported),,,,,,,1,
2023,21,210681,Kentucky,1,1,0,1,1,1,1,183,OHIO (183),0,NOT APPLICABLE,12,12,11,November,2023,1,Sunday,17,5:00pm-5:59pm,35,35,0,This Section IS NOT on the NHS,1,Rural,5,Major Collector,1,State Highway Agency,2,U.S. Highway,US-231,,225,225,37.56857778,37.56857778,-86.982988890,-86.98298889,0,No Special Jurisdiction,8,Pedestrian,0,The First Harmful Event was Not a Collision with a Motor Vehicle in Transport,0,No,1,Non-Junction,1,Not an Intersection,0,None,,,1,On Roadway,2,Dark - Not Lighted,,,,,1,Clear,0,No,0000000,Not Applicable,17,5:00pm-5:59pm,38,38,17,5:00pm-5:59pm,49,49,88,"Not Applicable (Not Transported) ",88,Not Applicable (Not Transported),,,,,,,1,
2023,21,210682,Kentucky,2,2,0,1,1,3,3,227,WARREN (227),350,BOWLING GREEN,17,17,11,November,2023,6,Friday,17,5:00pm-5:59pm,16,16,1,This Section IS ON the NHS,1,Rural,5,Major Collector,1,State Highway Agency,2,U.S. Highway,US-231 CAMPBELL LANE,FIELDS DRIVE,126,126,36.96155000,36.96155000,-86.462986110,-86.46298611,0,No Special Jurisdiction,8,Pedestrian,0,The First Harmful Event was Not a Collision with a Motor Vehicle in Transport,0,No,3,Intersection-Related,3,T-Intersection,0,None,,,1,On Roadway,3,Dark - Lighted,,,,,1,Clear,0,No,0000000,Not Applicable,17,5:00pm-5:59pm,19,19,17,5:00pm-5:59pm,23,23,17,5:00pm-5:59pm,51,51,,,,,,,1,
2023,21,210683,Kentucky,1,1,0,1,1,1,1,107,HOPKINS (107),0,NOT APPLICABLE,20,20,11,November,2023,2,Monday,17,5:00pm-5:59pm,10,10,0,This Section IS NOT on the NHS,1,Rural,6,Minor Collector,1,State Highway Agency,3,State Highway,SR-630 MANITOU RD,,24,24,37.37786389,37.37786389,-87.581150000,-87.58115000,0,No Special Jurisdiction,8,Pedestrian,0,The First Harmful Event was Not a Collision with a Motor Vehicle in Transport,0,No,1,Non-Junction,1,Not an Intersection,0,None,,,1,On Roadway,2,Dark - Not Lighted,,,,,2,Rain,0,No,0000000,Not Applicable,17,5:00pm-5:59pm,12,12,17,5:00pm-5:59pm,19,19,88,"Not Applicable (Not Transported) ",88,Not Applicable (Not Transported),,,,,,,1,
2023,21,210684,Kentucky,2,2,0,0,0,2,2,29,BULLITT (29),2990,SHEPHERDSVILLE,20,20,11,November,2023,2,Monday,17,5:00pm-5:59pm,11,11,0,This Section IS NOT on the NHS,2,Urban,7,Local,4,City or Municipal Highway Agency,6,Municipal,MU-OHM DR,,1,1,37.96483889,37.96483889,-85.681305560,-85.68130556,0,No Special Jurisdiction,12,Motor Vehicle In-Transport,2,Front-to-Front,0,No,1,Non-Junction,1,Not an Intersection,0,None,,,1,On Roadway,1,Daylight,,,,,10,Cloudy,0,No,0000000,Not Applicable,17,5:00pm-5:59pm,11,11,17,5:00pm-5:59pm,22,22,17,5:00pm-5:59pm,58,58,,,,,,,1,
2023,21,210685,Kentucky,1,1,0,1,1,1,1,21,BOYLE (21),860,DANVILLE,22,22,11,November,2023,4,Wednesday,18,6:00pm-6:59pm,26,26,1,This Section IS ON the NHS,2,Urban,3,Other Principal Arterial,1,State Highway Agency,2,U.S. Highway,US-150B S DANVILLE BYPASS,,3,3,37.61843611,37.61843611,-84.768566670,-84.76856667,0,No Special Jurisdiction,8,Pedestrian,0,The First Harmful Event was Not a Collision with a Motor Vehicle in Transport,0,No,1,Non-Junction,1,Not an Intersection,0,None,,,1,On Roadway,3,Dark - Lighted,,,,,1,Clear,0,No,0000000,Not Applicable,18,6:00pm-6:59pm,27,27,18,6:00pm-6:59pm,32,32,18,6:00pm-6:59pm,56,56,,,,,,,1,
2023,21,210686,Kentucky,2,2,0,0,0,2,2,93,HARDIN (93),966,EASTVIEW,24,24,11,November,2023,6,Friday,21,9:00pm-9:59pm,3,3,0,This Section IS NOT on the NHS,1,Rural,5,Major Collector,1,State Highway Agency,2,U.S. Highway,US-62 LEITCHFIELD RD,,50,50,37.58405000,37.58405000,-86.028811110,-86.02881111,0,No Special Jurisdiction,12,Motor Vehicle In-Transport,2,Front-to-Front,0,No,1,Non-Junction,1,Not an Intersection,0,None,,,1,On Roadway,2,Dark - Not Lighted,,,,,1,Clear,0,No,0000000,Not Applicable,21,9:00pm-9:59pm,7,7,21,9:00pm-9:59pm,24,24,22,10:00pm-10:59pm,26,26,,,,,,,1,
2023,21,210687,Kentucky,1,1,0,1,1,1,1,227,WARREN (227),350,BOWLING GREEN,25,25,11,November,2023,7,Saturday,12,12:00pm-12:59pm,24,24,0,This Section IS NOT on the NHS,1,Rural,5,Major Collector,1,State Highway Agency,3,State Highway,SR-234 FAIRVIEW AVE,,99998,Not Reported,36.99057500,36.99057500,-86.421677780,-86.42167778,0,No Special Jurisdiction,9,Pedalcyclist,0,The First Harmful Event was Not a Collision with a Motor Vehicle in Transport,0,No,1,Non-Junction,1,Not an Intersection,0,None,,,1,On Roadway,1,Daylight,,,,,1,Clear,0,No,0000000,Not Applicable,12,12:00pm-12:59pm,25,25,12,12:00pm-12:59pm,30,30,88,"Not Applicable (Not Transported) ",88,Not Applicable (Not Transported),,,,,,,1,
2023,21,210688,Kentucky,2,2,0,0,0,2,2,235,WHITLEY (235),0,NOT APPLICABLE,28,28,11,November,2023,3,Tuesday,9,9:00am-9:59am,30,30,0,This Section IS NOT on the NHS,1,Rural,5,Major Collector,1,State Highway Agency,3,State Highway,SR-92,,251,251,36.72191667,36.72191667,-83.975091670,-83.97509167,0,No Special Jurisdiction,12,Motor Vehicle In-Transport,8,Sideswipe - Opposite Direction,0,No,1,Non-Junction,1,Not an Intersection,0,None,,,1,On Roadway,1,Daylight,,,,,1,Clear,0,No,0000000,Not Applicable,9,9:00am-9:59am,35,35,9,9:00am-9:59am,53,53,88,"Not Applicable (Not Transported) ",88,Not Applicable (Not Transported),,,,,,,1,
2023,21,210689,Kentucky,2,2,0,0,0,2,2,227,WARREN (227),3650,WOODBURN,30,30,11,November,2023,5,Thursday,14,2:00pm-2:59pm,45,45,0,This Section IS NOT on the NHS,1,Rural,5,Major Collector,1,State Highway Agency,2,U.S. Highway,US-31W NASHVILLE RD,SR-240 WOODBURN ALLEN SPRINGS,14,14,36.84605556,36.84605556,-86.536119440,-86.53611944,0,No Special Jurisdiction,12,Motor Vehicle In-Transport,6,Angle,0,No,2,Intersection,2,Four-Way Intersection,0,None,,,1,On Roadway,1,Daylight,,,,,1,Clear,0,No,0000000,Not Applicable,14,2:00pm-2:59pm,46,46,15,3:00pm-3:59pm,0,0,15,3:00pm-3:59pm,47,47,,,,,,,1,
2023,21,210690,Kentucky,2,2,0,0,0,4,4,205,ROWAN (205),2270,MOREHEAD,5,5,11,November,2023,1,Sunday,20,8:00pm-8:59pm,15,15,0,This Section IS NOT on the NHS,2,Urban,4,Minor Arterial,1,State Highway Agency,3,State Highway,SR-32 FLEMINGSBURG RD,W SUN STREET,81,81,38.17866944,38.17866944,-83.440433330,-83.44043333,0,No Special Jurisdiction,12,Motor Vehicle In-Transport,6,Angle,0,No,2,Intersection,2,Four-Way Intersection,0,None,,,1,On Roadway,2,Dark - Not Lighted,,,,,1,Clear,0,No,0000000,Not Applicable,20,8:00pm-8:59pm,18,18,20,8:00pm-8:59pm,27,27,20,8:00pm-8:59pm,33,33,,,,,,,1,
2023,21,210691,Kentucky,2,2,0,0,0,6,6,51,CLAY (51),0,NOT APPLICABLE,10,10,11,November,2023,6,Friday,13,1:00pm-1:59pm,41,41,0,This Section IS NOT on the NHS,1,Rural,7,Local,1,State Highway Agency,3,State Highway,SR-2000,,88,88,37.07735278,37.07735278,-83.558972220,-83.55897222,0,No Special Jurisdiction,12,Motor Vehicle In-Transport,2,Front-to-Front,0,No,1,Non-Junction,1,Not an Intersection,0,None,,,1,On Roadway,1,Daylight,,,,,10,Cloudy,0,No,0000000,Not Applicable,13,1:00pm-1:59pm,45,45,14,2:00pm-2:59pm,9,9,15,3:00pm-3:59pm,28,28,,,,,,,1,
2023,21,210692,Kentucky,2,2,0,0,0,2,2,151,MADISON (151),2750,RICHMOND,6,6,11,November,2023,2,Monday,16,4:00pm-4:59pm,51,51,1,This Section IS ON the NHS,2,Urban,3,Other Principal Arterial,1,State Highway Agency,2,U.S. Highway,US-25 ROBERT R MARTIN BYPASS,MERRICK RD,171,171,37.75516111,37.75516111,-84.269794440,-84.26979444,0,No Special Jurisdiction,12,Motor Vehicle In-Transport,6,Angle,0,No,2,Intersection,2,Four-Way Intersection,0,None,,,1,On Roadway,1,Daylight,,,,,1,Clear,0,No,0000000,Not Applicable,15,3:00pm-3:59pm,53,53,16,4:00pm-4:59pm,58,58,17,5:00pm-5:59pm,45,45,,,,,,,1,
2023,21,210693,Kentucky,1,1,0,0,0,1,1,109,JACKSON (109),0,NOT APPLICABLE,10,10,8,August,2023,5,Thursday,17,5:00pm-5:59pm,15,15,0,This Section IS NOT on the NHS,1,Rural,6,Minor Collector,3,Town or Township Highway Agency,3,State Highway,SR-3630,,72,72,37.31611389,37.31611389,-83.984911110,-83.98491111,0,No Special Jurisdiction,24,Guardrail Face,0,The First Harmful Event was Not a Collision with a Motor Vehicle in Transport,0,No,1,Non-Junction,1,Not an Intersection,0,None,,,4,On Roadside,1,Daylight,,,,,1,Clear,0,No,0000000,Not Applicable,88,Not Applicable (Not Notified),88,Not Applicable (Not Notified),88,Not Applicable,88,Not Applicable,88,"Not Applicable (Not Transported) ",88,Not Applicable (Not Transported),,,,,,,1,
2023,21,210694,Kentucky,2,2,0,0,0,3,3,225,UNION (225),0,NOT APPLICABLE,1,1,12,December,2023,6,Friday,15,3:00pm-3:59pm,46,46,0,This Section IS NOT on the NHS,1,Rural,4,Minor Arterial,1,State Highway Agency,2,U.S. Highway,US-60 BYPASS,SR-3393,99998,Not Reported,37.67278889,37.67278889,-87.925786110,-87.92578611,0,No Special Jurisdiction,12,Motor Vehicle In-Transport,6,Angle,0,No,2,Intersection,2,Four-Way Intersection,0,None,,,1,On Roadway,1,Daylight,,,,,2,Rain,0,No,0000000,Not Applicable,15,3:00pm-3:59pm,46,46,15,3:00pm-3:59pm,48,48,16,4:00pm-4:59pm,22,22,,,,,,,1,
2023,21,210695,Kentucky,1,1,0,0,0,2,2,33,CALDWELL (33),0,NOT APPLICABLE,4,4,12,December,2023,2,Monday,17,5:00pm-5:59pm,40,40,0,This Section IS NOT on the NHS,1,Rural,6,Minor Collector,1,State Highway Agency,3,State Highway,SR-672,,35,35,37.03288056,37.03288056,-87.753313890,-87.75331389,0,No Special Jurisdiction,1,Rollover/Overturn,0,The First Harmful Event was Not a Collision with a Motor Vehicle in Transport,0,No,1,Non-Junction,1,Not an Intersection,0,None,,,4,On Roadside,2,Dark - Not Lighted,,,,,1,Clear,0,No,0000000,Not Applicable,17,5:00pm-5:59pm,26,26,18,6:00pm-6:59pm,11,11,18,6:00pm-6:59pm,50,50,,,,,,,1,
2023,21,210696,Kentucky,1,1,0,0,0,1,1,147,MCCREARY (147),0,NOT APPLICABLE,4,4,12,December,2023,2,Monday,17,5:00pm-5:59pm,44,44,0,This Section IS NOT on the NHS,1,Rural,6,Minor Collector,1,State Highway Agency,3,State Highway,SR-1045 BEULAH HEIGHTS RD,,33,33,36.80131389,36.80131389,-84.431600000,-84.43160000,0,No Special Jurisdiction,42,Tree (Standing Only),0,The First Harmful Event was Not a Collision with a Motor Vehicle in Transport,0,No,1,Non-Junction,1,Not an Intersection,0,None,,,4,On Roadside,2,Dark - Not Lighted,,,,,1,Clear,0,No,0000000,Not Applicable,17,5:00pm-5:59pm,40,40,17,5:00pm-5:59pm,49,49,20,8:00pm-8:59pm,37,37,,,,,,,1,
2023,21,210697,Kentucky,2,2,0,0,0,2,2,111,JEFFERSON (111),2090,LOUISVILLE,5,5,12,December,2023,3,Tuesday,12,12:00pm-12:59pm,14,14,0,This Section IS NOT on the NHS,1,Rural,4,Minor Arterial,1,State Highway Agency,3,State Highway,SR-155 TAYLORSVILLE LAKE RD,,24,24,38.17106944,38.17106944,-85.456175000,-85.45617500,0,No Special Jurisdiction,12,Motor Vehicle In-Transport,8,Sideswipe - Opposite Direction,0,No,1,Non-Junction,1,Not an Intersection,0,None,,,1,On Roadway,1,Daylight,,,,,10,Cloudy,0,No,0000000,Not Applicable,12,12:00pm-12:59pm,17,17,12,12:00pm-12:59pm,22,22,88,"Not Applicable (Not Transported) ",88,Not Applicable (Not Transported),,,,,,,2,
2023,21,210698,Kentucky,2,2,0,0,0,2,2,163,MEADE (163),2338,MULDRAUGH,4,4,12,December,2023,2,Monday,23,11:00pm-11:59pm,15,15,1,This Section IS ON the NHS,2,Urban,3,Other Principal Arterial,1,State Highway Agency,2,U.S. Highway,US-31W DIXIE HWY,SR-1638,20,20,37.93899444,37.93899444,-85.995511110,-85.99551111,0,No Special Jurisdiction,12,Motor Vehicle In-Transport,2,Front-to-Front,0,No,3,Intersection-Related,2,Four-Way Intersection,0,None,,,1,On Roadway,2,Dark - Not Lighted,,,,,1,Clear,0,No,0000000,Not Applicable,23,11:00pm-11:59pm,13,13,23,11:00pm-11:59pm,25,25,1,1:00am-1:59am,34,34,,,,,,,1,
2023,21,210699,Kentucky,1,1,0,0,0,1,1,91,HANCOCK (91),0,NOT APPLICABLE,6,6,12,December,2023,4,Wednesday,17,5:00pm-5:59pm,20,20,0,This Section IS NOT on the NHS,1,Rural,4,Minor Arterial,1,State Highway Agency,3,State Highway,SR-69,,72,72,37.80176667,37.80176667,-86.761583330,-86.76158333,0,No Special Jurisdiction,11,Live Animal,0,The First Harmful Event was Not a Collision with a Motor Vehicle in Transport,0,No,1,Non-Junction,1,Not an Intersection,0,None,,,1,On Roadway,2,Dark - Not Lighted,,,,,1,Clear,0,No,0000000,Not Applicable,17,5:00pm-5:59pm,22,22,17,5:00pm-5:59pm,32,32,88,"Not Applicable (Not Transported) ",88,Not Applicable (Not Transported),,,,,,,1,
2023,21,210700,Kentucky,1,1,0,0,0,1,1,137,LINCOLN (137),3180,STANFORD,7,7,12,December,2023,5,Thursday,6,6:00am-6:59am,55,55,0,This Section IS NOT on the NHS,1,Rural,6,Minor Collector,1,State Highway Agency,3,State Highway,SR-198,,29,29,37.42940278,37.42940278,-84.779222220,-84.77922222,0,No Special Jurisdiction,35,Embankment,0,The First Harmful Event was Not a Collision with a Motor Vehicle in Transport,0,No,1,Non-Junction,1,Not an Intersection,0,None,,,4,On Roadside,1,Daylight,,,,,1,Clear,0,No,0000000,Not Applicable,6,6:00am-6:59am,55,55,7,7:00am-7:59am,10,10,88,"Not Applicable (Not Transported) ",88,Not Applicable (Not Transported),,,,,,,1,
2023,21,210701,Kentucky,3,3,0,0,0,4,4,217,TAYLOR (217),520,CAMPBELLSVILLE,7,7,12,December,2023,5,Thursday,12,12:00pm-12:59pm,44,44,0,This Section IS NOT on the NHS,2,Urban,6,Minor Collector,1,State Highway Agency,3,State Highway,SR-289 LEBABON AVE,,8,8,37.35551111,37.35551111,-85.343430560,-85.34343056,0,No Special Jurisdiction,12,Motor Vehicle In-Transport,2,Front-to-Front,0,No,1,Non-Junction,1,Not an Intersection,0,None,,,1,On Roadway,1,Daylight,,,,,1,Clear,0,No,0000000,Not Applicable,12,12:00pm-12:59pm,26,26,12,12:00pm-12:59pm,30,30,12,12:00pm-12:59pm,43,43,,,,,,,1,
2023,21,210702,Kentucky,1,1,0,0,0,3,3,163,MEADE (163),2573,PAYNEVILLE,2,2,12,December,2023,7,Saturday,16,4:00pm-4:59pm,46,46,0,This Section IS NOT on the NHS,1,Rural,7,Local,2,County Highway Agency,4,County,CR-BARR GREENWELL RD,,4,4,38.02291111,38.02291111,-86.443113890,-86.44311389,0,No Special Jurisdiction,42,Tree (Standing Only),0,The First Harmful Event was Not a Collision with a Motor Vehicle in Transport,0,No,1,Non-Junction,1,Not an Intersection,0,None,,,4,On Roadside,1,Daylight,,,,,10,Cloudy,0,No,0000000,Not Applicable,16,4:00pm-4:59pm,57,57,17,5:00pm-5:59pm,15,15,18,6:00pm-6:59pm,48,48,,,,,,,1,
2023,21,210703,Kentucky,2,2,0,0,0,2,2,73,FRANKLIN (73),1220,FRANKFORT,8,8,12,December,2023,6,Friday,9,9:00am-9:59am,3,3,1,This Section IS ON the NHS,2,Urban,3,Other Principal Arterial,1,State Highway Agency,2,U.S. Highway,US-60 VERSAILLES RD,BRIGHTON PARK BLVD,115,115,38.19571944,38.19571944,-84.828963890,-84.82896389,0,No Special Jurisdiction,12,Motor Vehicle In-Transport,6,Angle,0,No,2,Intersection,2,Four-Way Intersection,0,None,,,1,On Roadway,1,Daylight,,,,,10,Cloudy,0,No,0000000,Not Applicable,9,9:00am-9:59am,5,5,9,9:00am-9:59am,7,7,9,9:00am-9:59am,29,29,,,,,,,1,
2023,21,210704,Kentucky,1,1,0,0,0,1,1,25,BREATHITT (25),0,NOT APPLICABLE,8,8,12,December,2023,6,Friday,19,7:00pm-7:59pm,57,57,0,This Section IS NOT on the NHS,1,Rural,7,Local,2,County Highway Agency,4,County,CR-LICK BRANCH TALBERT RD,,14,14,37.40782500,37.40782500,-83.454105560,-83.45410556,0,No Special Jurisdiction,1,Rollover/Overturn,0,The First Harmful Event was Not a Collision with a Motor Vehicle in Transport,0,No,8,Driveway Access Related,1,Not an Intersection,0,None,,,1,On Roadway,2,Dark - Not Lighted,,,,,1,Clear,0,No,0000000,Not Applicable,20,8:00pm-8:59pm,9,9,20,8:00pm-8:59pm,24,24,88,"Not Applicable (Not Transported) ",88,Not Applicable (Not Transported),,,,,,,1,
2023,21,210705,Kentucky,3,3,0,0,0,4,4,35,CALLOWAY (35),0,NOT APPLICABLE,10,10,12,December,2023,1,Sunday,12,12:00pm-12:59pm,14,14,1,This Section IS ON the NHS,1,Rural,3,Other Principal Arterial,1,State Highway Agency,2,U.S. Highway,US-641,RADIO RD,123,123,36.67665278,36.67665278,-88.302408330,-88.30240833,0,No Special Jurisdiction,12,Motor Vehicle In-Transport,6,Angle,0,No,2,Intersection,2,Four-Way Intersection,0,None,,,1,On Roadway,1,Daylight,,,,,1,Clear,0,No,0000000,Not Applicable,12,12:00pm-12:59pm,30,30,12,12:00pm-12:59pm,30,30,12,12:00pm-12:59pm,30,30,,,,,,,2,
2023,21,210706,Kentucky,1,1,0,1,1,1,1,111,JEFFERSON (111),3010,SHIVELY,4,4,12,December,2023,2,Monday,21,9:00pm-9:59pm,49,49,1,This Section IS ON the NHS,2,Urban,3,Other Principal Arterial,1,State Highway Agency,2,U.S. Highway,US-31 W DIXIE HWY,KLAGES AVE,139,139,38.17546667,38.17546667,-85.822186110,-85.82218611,0,No Special Jurisdiction,8,Pedestrian,0,The First Harmful Event was Not a Collision with a Motor Vehicle in Transport,0,No,3,Intersection-Related,3,T-Intersection,0,None,,,1,On Roadway,3,Dark - Lighted,,,,,1,Clear,0,No,0000000,Not Applicable,21,9:00pm-9:59pm,50,50,22,10:00pm-10:59pm,2,2,22,10:00pm-10:59pm,21,21,,,,,,,1,